entity_type,entity_id,source,identifier,url
work,1,wikidata,Q1831060,https://www.wikidata.org/wiki/Q1831060
work,1,allocine,14532,
work,1,commons_category,Spider-Man and his cast,https://commons.wikimedia.org/wiki/Category:Spider-Man and his cast
work,1,filmaffinity,355227,
work,1,freebase,/m/02w7bx9,
work,1,imdb,tt0075671,https://www.imdb.com/title/tt0075671/
work,1,letterboxd,38645,https://letterboxd.com/film/38645/
work,1,omdb_ofdb,4300,
work,1,rotten_tomatoes,m/1000746-amazing_spiderman,https://www.rottentomatoes.com/m/1000746-amazing_spiderman
work,1,tmdb_movie,225914,https://www.themoviedb.org/movie/225914
work,10,wikidata,Q23010088,https://www.wikidata.org/wiki/Q23010088
work,10,allocine,209778,
work,10,apple_tv,umc.cmc.2sbgqu6gpbevxnjjhfd4ahuvn,
work,10,box_office_mojo,spiderman2017,https://www.boxofficemojo.com/title/spiderman2017/
work,10,commons_category,Spider-Man: Homecoming,https://commons.wikimedia.org/wiki/Category:Spider-Man: Homecoming
work,10,douban,107978,
work,10,eidr,10.5240/4B5E-32E4-3EE7-0C3F-C53C-J,
work,10,filmaffinity,478990,
work,10,freebase,/m/0wkgbxq,
work,10,imdb,tt2250912,https://www.imdb.com/title/tt2250912/
work,10,kinenote,84685,
work,10,kinopoisk,690593,
work,10,letterboxd,68,https://letterboxd.com/film/68/
work,10,metacritic,movie/spider-man-homecoming,https://www.metacritic.com/movie/spider-man-homecoming
work,10,movie_meter,mv60534,
work,10,netflix,80166369,
work,10,official_website,http://www.sonypictures.com/movies/spidermanhomecoming/,http://www.sonypictures.com/movies/spidermanhomecoming/
work,10,omdb_ofdb,300074,
work,10,porthu,182722,
work,10,quora,Spiderman-Homecoming-1,
work,10,rotten_tomatoes,m/spider_man_homecoming,https://www.rottentomatoes.com/m/spider_man_homecoming
work,10,swedish_film,89418,
work,10,tmdb_movie,315635,https://www.themoviedb.org/movie/315635
work,10,tv_tropes,Film/SpiderManHomecoming,
work,10,vgmdb,spider-man-homecoming,
work,10,viaf,6306150325590810090006,
work,10,youtube_trailer,SDpV07nEtuc,
work,11,wikidata,Q29588607,https://www.wikidata.org/wiki/Q29588607
work,11,allocine,233998,
work,11,apple_tv,umc.cmc.4a2ypxddplsdsahwxrc5fkz4x,
work,11,box_office_mojo,animatedspider-man,https://www.boxofficemojo.com/title/animatedspider-man/
work,11,commons_category,Spider-Man: Into the Spider-Verse,https://commons.wikimedia.org/wiki/Category:Spider-Man: Into the Spider-Verse
work,11,douban,117794,
work,11,eidr,10.5240/6250-1289-CDCA-6FFB-1A13-C,
work,11,filmaffinity,773389,
work,11,imdb,tt4633694,https://www.imdb.com/title/tt4633694/
work,11,kinenote,89743,
work,11,kinopoisk,920265,
work,11,letterboxd,33,https://letterboxd.com/film/33/
work,11,metacritic,movie/spider-man-into-the-spider-verse,https://www.metacritic.com/movie/spider-man-into-the-spider-verse
work,11,netflix,81002747,
work,11,official_website,http://www.intothespiderverse.movie,http://www.intothespiderverse.movie
work,11,omdb_ofdb,317185,
work,11,porthu,197323,
work,11,rotten_tomatoes,m/spider_man_into_the_spider_verse,https://www.rottentomatoes.com/m/spider_man_into_the_spider_verse
work,11,swedish_film,625344,
work,11,the_numbers,Spider-Man-Into-The-Spider-Verse-3D,https://www.the-numbers.com/movie/Spider-Man-Into-The-Spider-Verse-3D
work,11,tmdb_movie,324857,https://www.themoviedb.org/movie/324857
work,11,tv_tropes,WesternAnimation/SpiderManIntoTheSpiderVerse,
work,11,vgmdb,spider-man-a-new-universe,
work,11,youtube_trailer,rcqoZKW1UNo,
work,12,wikidata,Q27985819,https://www.wikidata.org/wiki/Q27985819
work,12,allocine,222291,
work,12,apple_tv,umc.cmc.1xnsjqmhn8a93iy2vgj36w3d1,
work,12,box_office_mojo,spidermanhomecoming2,https://www.boxofficemojo.com/title/spidermanhomecoming2/
work,12,commons_category,Spider-Man: Far From Home,https://commons.wikimedia.org/wiki/Category:Spider-Man: Far From Home
work,12,douban,112212,
work,12,eidr,10.5240/C0A2-80E8-E197-76D7-B852-2,
work,12,filmaffinity,978970,
work,12,imdb,tt6320628,https://www.imdb.com/title/tt6320628/
work,12,kinenote,90906,
work,12,kinopoisk,1008445,
work,12,letterboxd,4137,https://letterboxd.com/film/4137/
work,12,metacritic,movie/spider-man-far-from-home,https://www.metacritic.com/movie/spider-man-far-from-home
work,12,movie_meter,mv65910,
work,12,netflix,81055822,
work,12,official_website,https://www.sonypictures.com/movies/spidermanfarfromhome,https://www.sonypictures.com/movies/spidermanfarfromhome
work,12,omdb_ofdb,326769,
work,12,porthu,206010,
work,12,rotten_tomatoes,m/spider_man_far_from_home,https://www.rottentomatoes.com/m/spider_man_far_from_home
work,12,swedish_film,628759,
work,12,the_numbers,Spider-Man-Far-From-Home-(2019),https://www.the-numbers.com/movie/Spider-Man-Far-From-Home-(2019)
work,12,tmdb_movie,429617,https://www.themoviedb.org/movie/429617
work,12,tv_tropes,Film/SpiderManFarFromHome,
work,12,vgmdb,spider-man-homecoming-2,
work,12,viaf,77156130850558310272,
work,12,youtube_trailer,oG7-Gc5xMio,
work,13,wikidata,Q68934496,https://www.wikidata.org/wiki/Q68934496
work,13,allocine,256880,
work,13,apple_tv,umc.cmc.2qf7xc5hds0m5jgx4roago580,
work,13,box_office_mojo,spidermanhomecoming3,https://www.boxofficemojo.com/title/spidermanhomecoming3/
work,13,commons_category,Spider-Man: No Way Home,https://commons.wikimedia.org/wiki/Category:Spider-Man: No Way Home
work,13,eidr,10.5240/78AB-C20D-C214-A5B3-734D-8,
work,13,filmaffinity,491812,
work,13,imdb,tt10872600,https://www.imdb.com/title/tt10872600/
work,13,kinenote,95691,
work,13,kinopoisk,1309570,
work,13,letterboxd,132448,https://letterboxd.com/film/132448/
work,13,metacritic,movie/spider-man-no-way-home,https://www.metacritic.com/movie/spider-man-no-way-home
work,13,official_website,https://www.marvel.com/movies/spider-man-no-way-home,https://www.marvel.com/movies/spider-man-no-way-home
work,13,omdb_ofdb,357740,
work,13,porthu,227992,
work,13,rotten_tomatoes,m/spider_man_no_way_home,https://www.rottentomatoes.com/m/spider_man_no_way_home
work,13,swedish_film,653148,
work,13,the_numbers,Spider-Man-No-Way-Home-(2021),https://www.the-numbers.com/movie/Spider-Man-No-Way-Home-(2021)
work,13,tmdb_movie,634649,https://www.themoviedb.org/movie/634649
work,13,tv_tropes,Film/SpiderManNoWayHome,
work,13,youtube_trailer,JfVOs4VSpmA,
work,14,wikidata,Q76448600,https://www.wikidata.org/wiki/Q76448600
work,14,allocine,269975,
work,14,apple_tv,umc.cmc.2zphwshxw2ejh2znevhod0u01,
work,14,commons_category,Spider-Man: Across the Spider-Verse,https://commons.wikimedia.org/wiki/Category:Spider-Man: Across the Spider-Verse
work,14,eidr,10.5240/D985-464F-513C-5B9A-77ED-O,
work,14,filmaffinity,213653,
work,14,imdb,tt9362722,https://www.imdb.com/title/tt9362722/
work,14,kinopoisk,1219177,
work,14,letterboxd,132814,https://letterboxd.com/film/132814/
work,14,metacritic,movie/spider-man-across-the-spider-verse,https://www.metacritic.com/movie/spider-man-across-the-spider-verse
work,14,movie_meter,mv75737,
work,14,official_website,https://www.sonypictures.com/movies/spidermanacrossthespiderverse,https://www.sonypictures.com/movies/spidermanacrossthespiderverse
work,14,omdb_ofdb,369655,
work,14,rotten_tomatoes,m/spider_man_across_the_spider_verse,https://www.rottentomatoes.com/m/spider_man_across_the_spider_verse
work,14,swedish_film,682538,
work,14,the_numbers,Spider-Man-Across-the-Spider-Verse-(2022),https://www.the-numbers.com/movie/Spider-Man-Across-the-Spider-Verse-(2022)
work,14,tmdb_movie,569094,https://www.themoviedb.org/movie/569094
work,14,tv_tropes,WesternAnimation/SpiderManAcrossTheSpiderVerse,
work,14,vgmdb,119312,
work,14,youtube_trailer,lDhEW4xOJHI,
work,15,wikidata,Q110152284,https://www.wikidata.org/wiki/Q110152284
work,15,imdb,tt16360004,https://www.imdb.com/title/tt16360004/
work,15,kinopoisk,4763456,
work,15,letterboxd,331983,https://letterboxd.com/film/331983/
work,15,official_website,https://www.sonypicturesanimation.com/projects/films/spider-man-beyond-spider-verse,https://www.sonypicturesanimation.com/projects/films/spider-man-beyond-spider-verse
work,15,rotten_tomatoes,m/spider_man_beyond_the_spider_verse,https://www.rottentomatoes.com/m/spider_man_beyond_the_spider_verse
work,15,tmdb_movie,911916,https://www.themoviedb.org/movie/911916
work,16,wikidata,Q113244935,https://www.wikidata.org/wiki/Q113244935
work,16,allocine,276608,
work,16,commons_category,Spider-Man: Brand New Day,https://commons.wikimedia.org/wiki/Category:Spider-Man: Brand New Day
work,16,filmaffinity,437038,
work,16,imdb,tt22084616,https://www.imdb.com/title/tt22084616/
work,16,kinopoisk,5494049,
work,16,letterboxd,135896,https://letterboxd.com/film/135896/
work,16,metacritic,movie/spider-man-brand-new-day,https://www.metacritic.com/movie/spider-man-brand-new-day
work,16,official_website,https://spidermanbrandnewday.movie/,https://spidermanbrandnewday.movie/
work,16,rotten_tomatoes,m/spider_man_brand_new_day,https://www.rottentomatoes.com/m/spider_man_brand_new_day
work,16,swedish_film,739506,
work,16,tmdb_movie,969681,https://www.themoviedb.org/movie/969681
work,16,youtube_trailer,8TZMtslA3UY,
work,17,wikidata,Q23006268,https://www.wikidata.org/wiki/Q23006268
work,17,allocine,138473,
work,17,apple_tv,umc.cmc.167s38fbmf62skxtkiuegvn5m,
work,17,box_office_mojo,venom2018,https://www.boxofficemojo.com/title/venom2018/
work,17,commons_category,Venom (2018 film),https://commons.wikimedia.org/wiki/Category:Venom (2018 film)
work,17,eidr,10.5240/63B8-F4DD-D11B-B584-3E2D-S,
work,17,filmaffinity,122208,
work,17,imdb,tt1270797,https://www.imdb.com/title/tt1270797/
work,17,kinenote,90058,
work,17,kinopoisk,463634,
work,17,letterboxd,45,https://letterboxd.com/film/45/
work,17,metacritic,movie/venom-2018,https://www.metacritic.com/movie/venom-2018
work,17,netflix,80991034,
work,17,official_website,https://www.sonypictures.com/movies/venom?hs317=home_BB_venom,https://www.sonypictures.com/movies/venom?hs317=home_BB_venom
work,17,omdb_ofdb,315124,
work,17,porthu,199868,
work,17,rotten_tomatoes,m/venom_2018,https://www.rottentomatoes.com/m/venom_2018
work,17,swedish_film,621808,
work,17,the_numbers,Venom-(2018),https://www.the-numbers.com/movie/Venom-(2018)
work,17,tmdb_movie,335983,https://www.themoviedb.org/movie/335983
work,17,tv_tropes,Film/Venom2018,
work,17,vgmdb,venom,
work,18,wikidata,Q60498064,https://www.wikidata.org/wiki/Q60498064
work,18,allocine,269758,
work,18,apple_tv,umc.cmc.2s9m38fifjsags9h5ghygfilr,
work,18,commons_category,Venom: Let There Be Carnage,https://commons.wikimedia.org/wiki/Category:Venom: Let There Be Carnage
work,18,eidr,10.5240/D1EA-37E5-007B-308B-6B6A-P,
work,18,filmaffinity,572628,
work,18,imdb,tt7097896,https://www.imdb.com/title/tt7097896/
work,18,kinenote,95397,
work,18,kinopoisk,1227967,
work,18,letterboxd,17104,https://letterboxd.com/film/17104/
work,18,metacritic,movie/venom-let-there-be-carnage,https://www.metacritic.com/movie/venom-let-there-be-carnage
work,18,omdb_ofdb,355497,
work,18,porthu,215086,
work,18,rotten_tomatoes,m/venom_let_there_be_carnage,https://www.rottentomatoes.com/m/venom_let_there_be_carnage
work,18,swedish_film,650378,
work,18,the_numbers,Venom-Let-There-be-Carnage,https://www.the-numbers.com/movie/Venom-Let-There-be-Carnage
work,18,tmdb_movie,580489,https://www.themoviedb.org/movie/580489
work,18,tv_tropes,Film/VenomLetThereBeCarnage,
work,18,vgmdb,venom-2,
work,18,youtube_trailer,wY-Hyndh078,
work,19,wikidata,Q55405369,https://www.wikidata.org/wiki/Q55405369
work,19,allocine,260627,
work,19,apple_tv,umc.cmc.4kplim7sx1ucsdup8o6caf4ci,
work,19,commons_category,Morbius (film),https://commons.wikimedia.org/wiki/Category:Morbius (film)
work,19,eidr,10.5240/05FC-3910-E17B-99A0-D6F5-Y,
work,19,filmaffinity,432575,
work,19,imdb,tt5108870,https://www.imdb.com/title/tt5108870/
work,19,kinenote,94032,
work,19,kinopoisk,1100425,
work,19,letterboxd,34898,https://letterboxd.com/film/34898/
work,19,metacritic,movie/morbius,https://www.metacritic.com/movie/morbius
work,19,official_website,https://www.morbius.movie,https://www.morbius.movie
work,19,porthu,208682,
work,19,quora,Morbius-2022-Movie,
work,19,rotten_tomatoes,m/morbius,https://www.rottentomatoes.com/m/morbius
work,19,swedish_film,662631,
work,19,tmdb_movie,526896,https://www.themoviedb.org/movie/526896
work,19,youtube_trailer,SV41p5H_9ng,
work,2,wikidata,Q2395231,https://www.wikidata.org/wiki/Q2395231
work,2,allocine,20032,
work,2,eidr,10.5240/3D08-685F-E4B9-10E1-1123-7,
work,2,filmaffinity,157652,
work,2,imdb,tt0078308,https://www.imdb.com/title/tt0078308/
work,2,kinopoisk,330724,
work,2,letterboxd,31203,https://letterboxd.com/film/31203/
work,2,omdb_ofdb,5209,
work,2,tmdb_movie,225925,https://www.themoviedb.org/movie/225925
work,2,vgmdb,spider-man-schlaegt-zurueck,
work,20,wikidata,Q111677117,https://www.wikidata.org/wiki/Q111677117
work,20,allocine,277610,
work,20,apple_tv,umc.cmc.4j4y4fxsvz0r3cxq53n9yvu51,
work,20,commons_category,Madame Web,https://commons.wikimedia.org/wiki/Category:Madame Web
work,20,eidr,10.5240/718A-AA0C-50B3-254F-01F8-Q,
work,20,filmaffinity,822735,
work,20,imdb,tt11057302,https://www.imdb.com/title/tt11057302/
work,20,kinopoisk,1311078,
work,20,letterboxd,131701,https://letterboxd.com/film/131701/
work,20,metacritic,movie/madam-web,https://www.metacritic.com/movie/madam-web
work,20,netflix,81762621,
work,20,official_website,https://www.madamewebmovie.net/,https://www.madamewebmovie.net/
work,20,porthu,242758,
work,20,rotten_tomatoes,m/madame_web,https://www.rottentomatoes.com/m/madame_web
work,20,swedish_film,697505,
work,20,the_numbers,Madame-Web-(2024),https://www.the-numbers.com/movie/Madame-Web-(2024)
work,20,tmdb_movie,634492,https://www.themoviedb.org/movie/634492
work,20,tv_tropes,Film/MadameWeb2024,
work,20,youtube_trailer,QzNlYTfyA0w,
work,21,wikidata,Q107390449,https://www.wikidata.org/wiki/Q107390449
work,21,allocine,266665,
work,21,apple_tv,umc.cmc.24on06t6758phqiu38vgwuxvf,
work,21,eidr,10.5240/F96B-9FCF-4A81-CBF8-5A7F-V,
work,21,filmaffinity,716135,
work,21,imdb,tt8790086,https://www.imdb.com/title/tt8790086/
work,21,kinenote,98623,
work,21,kinopoisk,1183578,
work,21,letterboxd,167725,https://letterboxd.com/film/167725/
work,21,metacritic,movie/kraven-the-hunter,https://www.metacritic.com/movie/kraven-the-hunter
work,21,official_website,https://www.kravenmovie.com,https://www.kravenmovie.com
work,21,porthu,252968,
work,21,rotten_tomatoes,m/kraven_the_hunter,https://www.rottentomatoes.com/m/kraven_the_hunter
work,21,swedish_film,711763,
work,21,tmdb_movie,539972,https://www.themoviedb.org/movie/539972
work,21,youtube_trailer,E-ccRWobbmo,
work,22,wikidata,Q113371337,https://www.wikidata.org/wiki/Q113371337
work,22,allocine,299237,
work,22,apple_tv,umc.cmc.44fxgzrhffbmf97cm03y6xaix,
work,22,douban,180104,
work,22,eidr,10.5240/4DC7-2239-723F-3EDB-D7D9-D,
work,22,filmaffinity,739002,
work,22,imdb,tt16366836,https://www.imdb.com/title/tt16366836/
work,22,kinenote,99937,
work,22,kinopoisk,4766559,
work,22,letterboxd,346677,https://letterboxd.com/film/346677/
work,22,metacritic,movie/venom-the-last-dance,https://www.metacritic.com/movie/venom-the-last-dance
work,22,movie_meter,mv86441,
work,22,official_website,https://venom.movie/,https://venom.movie/
work,22,omdb_ofdb,382997,
work,22,porthu,242224,
work,22,rotten_tomatoes,m/venom_the_last_dance,https://www.rottentomatoes.com/m/venom_the_last_dance
work,22,swedish_film,710189,
work,22,the_numbers,Venom-The-Last-Dance-(2024),https://www.the-numbers.com/movie/Venom-The-Last-Dance-(2024)
work,22,tmdb_movie,912649,https://www.themoviedb.org/movie/912649
work,22,vgmdb,venom-3,
work,22,youtube_trailer,xukRo9tBSnI,
work,23,wikidata,Q114429919,https://www.wikidata.org/wiki/Q114429919
work,23,imdb,tt19845348,https://www.imdb.com/title/tt19845348/
work,24,wikidata,Q2221820,https://www.wikidata.org/wiki/Q2221820
work,24,freebase,/m/05tcwp,
work,24,imdb,tt27826524,https://www.imdb.com/title/tt27826524/
work,24,tmdb_tv,15178,https://www.themoviedb.org/tv/15178
work,25,wikidata,Q1462394,https://www.wikidata.org/wiki/Q1462394
work,25,commons_category,The Amazing Spider-Man (TV series),https://commons.wikimedia.org/wiki/Category:The Amazing Spider-Man (TV series)
work,25,filmaffinity,703410,
work,25,freebase,/m/05sfkc,
work,25,imdb,tt0076975,https://www.imdb.com/title/tt0076975/
work,25,kinopoisk,297911,
work,25,metacritic,tv/the-amazing-spider-man-1977,https://www.metacritic.com/tv/the-amazing-spider-man-1977
work,25,omdb_ofdb,23604,
work,25,tmdb_tv,4552,https://www.themoviedb.org/tv/4552
work,25,viaf,179462088,
work,26,wikidata,Q2087538,https://www.wikidata.org/wiki/Q2087538
work,26,filmaffinity,289756,
work,26,freebase,/m/08x6gh,
work,26,imdb,tt0185116,https://www.imdb.com/title/tt0185116/
work,26,kinopoisk,474872,
work,26,omdb_ofdb,53843,
work,26,tmdb_tv,2640,https://www.themoviedb.org/tv/2640
work,27,wikidata,Q123956515,https://www.wikidata.org/wiki/Q123956515
work,27,imdb,tt30460310,https://www.imdb.com/title/tt30460310/
work,27,kinopoisk,5698586,
work,27,metacritic,tv/spider-noir,https://www.metacritic.com/tv/spider-noir
work,27,official_website,https://www.amazon.com/gp/video/detail/B0FVGCDZ7Q,https://www.amazon.com/gp/video/detail/B0FVGCDZ7Q
work,27,rotten_tomatoes,tv/spider_noir,https://www.rottentomatoes.com/tv/spider_noir
work,27,tmdb_tv,220102,https://www.themoviedb.org/tv/220102
work,27,youtube_trailer,HgMbkitzhEM,
work,28,wikidata,Q2333456,https://www.wikidata.org/wiki/Q2333456
work,28,freebase,/m/02y3f5,
work,28,imdb,tt0061301,https://www.imdb.com/title/tt0061301/
work,28,kinopoisk,397463,
work,28,metacritic,tv/spider-man-1967,https://www.metacritic.com/tv/spider-man-1967
work,28,omdb_ofdb,12535,
work,28,tmdb_tv,1482,https://www.themoviedb.org/tv/1482
work,29,wikidata,Q1157151,https://www.wikidata.org/wiki/Q1157151
work,29,freebase,/m/06xfch,
work,29,imdb,tt0081938,https://www.imdb.com/title/tt0081938/
work,29,kinopoisk,481397,
work,29,metacritic,tv/spider-man-1981,https://www.metacritic.com/tv/spider-man-1981
work,29,official_website,https://web.archive.org/web/20190621121043/http://spider-man.toonzone.net/,https://web.archive.org/web/20190621121043/http://spider-man.toonzone.net/
work,29,omdb_ofdb,23931,
work,29,tmdb_tv,3973,https://www.themoviedb.org/tv/3973
work,3,wikidata,Q8882774,https://www.wikidata.org/wiki/Q8882774
work,3,imdb,tt0077328,https://www.imdb.com/title/tt0077328/
work,3,kinopoisk,330401,
work,3,letterboxd,68697,https://letterboxd.com/film/68697/
work,3,omdb_ofdb,35058,
work,3,tmdb_movie,225938,https://www.themoviedb.org/movie/225938
work,30,wikidata,Q1365411,https://www.wikidata.org/wiki/Q1365411
work,30,freebase,/m/0btlm,
work,30,imdb,tt0083481,https://www.imdb.com/title/tt0083481/
work,30,kinopoisk,582730,
work,30,metacritic,tv/spider-man-and-his-amazing-friends,https://www.metacritic.com/tv/spider-man-and-his-amazing-friends
work,30,omdb_ofdb,23930,
work,30,rotten_tomatoes,tv/spider_man_and_his_amazing_friends,https://www.rottentomatoes.com/tv/spider_man_and_his_amazing_friends
work,30,tmdb_tv,1269,https://www.themoviedb.org/tv/1269
work,31,wikidata,Q569934,https://www.wikidata.org/wiki/Q569934
work,31,douban,58723,
work,31,freebase,/m/01kx_7,
work,31,imdb,tt0112175,https://www.imdb.com/title/tt0112175/
work,31,kinopoisk,95232,
work,31,metacritic,tv/spider-man,https://www.metacritic.com/tv/spider-man
work,31,omdb_ofdb,23808,
work,31,porthu,30826,
work,31,tmdb_tv,888,https://www.themoviedb.org/tv/888
work,32,wikidata,Q961305,https://www.wikidata.org/wiki/Q961305
work,32,freebase,/m/065h4k,
work,32,imdb,tt0207120,https://www.imdb.com/title/tt0207120/
work,32,kinopoisk,229687,
work,32,metacritic,tv/spider-man-unlimited,https://www.metacritic.com/tv/spider-man-unlimited
work,32,omdb_ofdb,23023,
work,32,tmdb_tv,10079,https://www.themoviedb.org/tv/10079
work,33,wikidata,Q777406,https://www.wikidata.org/wiki/Q777406
work,33,freebase,/m/065ntw,
work,33,imdb,tt0290983,https://www.imdb.com/title/tt0290983/
work,33,kinopoisk,387468,
work,33,metacritic,tv/spider-man-2003,https://www.metacritic.com/tv/spider-man-2003
work,33,official_website,http://www.mtv.com/onair/spider-man,http://www.mtv.com/onair/spider-man
work,33,omdb_ofdb,51708,
work,33,porthu,60008,
work,33,rotten_tomatoes,tv/spider_man,https://www.rottentomatoes.com/tv/spider_man
work,33,tmdb_tv,1664,https://www.themoviedb.org/tv/1664
work,34,wikidata,Q460707,https://www.wikidata.org/wiki/Q460707
work,34,freebase,/m/0fxqk5,
work,34,imdb,tt0976192,https://www.imdb.com/title/tt0976192/
work,34,kinopoisk,397484,
work,34,metacritic,tv/the-spectacular-spider-man,https://www.metacritic.com/tv/the-spectacular-spider-man
work,34,netflix,70204944,
work,34,official_website,http://www.sonypictures.com/tv/kids/spectacularspiderman,http://www.sonypictures.com/tv/kids/spectacularspiderman
work,34,omdb_ofdb,159886,
work,34,porthu,97362,
work,34,rotten_tomatoes,tv/the_spectacular_spider_man,https://www.rottentomatoes.com/tv/the_spectacular_spider_man
work,34,tmdb_tv,3854,https://www.themoviedb.org/tv/3854
work,34,viaf,178108983,
work,35,wikidata,Q401601,https://www.wikidata.org/wiki/Q401601
work,35,commons_category,Ultimate Spider-Man,https://commons.wikimedia.org/wiki/Category:Ultimate Spider-Man
work,35,douban,62515,
work,35,freebase,/m/0drwdd_,
work,35,imdb,tt1722512,https://www.imdb.com/title/tt1722512/
work,35,kinopoisk,574690,
work,35,netflix,70237227,
work,35,official_website,http://disney.go.com/xd/marvel/ultimatespiderman/,http://disney.go.com/xd/marvel/ultimatespiderman/
work,35,omdb_ofdb,225853,
work,35,porthu,130709,
work,35,rotten_tomatoes,tv/ultimate_spider_man,https://www.rottentomatoes.com/tv/ultimate_spider_man
work,35,tmdb_tv,34391,https://www.themoviedb.org/tv/34391
work,36,wikidata,Q28207200,https://www.wikidata.org/wiki/Q28207200
work,36,imdb,tt6135682,https://www.imdb.com/title/tt6135682/
work,36,kinopoisk,1008482,
work,36,rotten_tomatoes,tv/marvel_s_spider_man,https://www.rottentomatoes.com/tv/marvel_s_spider_man
work,36,tmdb_tv,72705,https://www.themoviedb.org/tv/72705
work,37,wikidata,Q107015978,https://www.wikidata.org/wiki/Q107015978
work,37,filmaffinity,495863,
work,37,imdb,tt10862280,https://www.imdb.com/title/tt10862280/
work,37,kinopoisk,1301666,
work,37,rotten_tomatoes,tv/marvels_spidey_and_his_amazing_friends,https://www.rottentomatoes.com/tv/marvels_spidey_and_his_amazing_friends
work,37,tmdb_tv,127635,https://www.themoviedb.org/tv/127635
work,38,wikidata,Q113005299,https://www.wikidata.org/wiki/Q113005299
work,38,imdb,tt16027074,https://www.imdb.com/title/tt16027074/
work,38,kinopoisk,4711938,
work,38,official_website,https://www.marvel.com/tv-shows/your-friendly-neighborhood-spider-man/1,https://www.marvel.com/tv-shows/your-friendly-neighborhood-spider-man/1
work,38,tmdb_tv,138503,https://www.themoviedb.org/tv/138503
work,38,youtube_trailer,N3J2JRQg040,
work,39,wikidata,Q597257,https://www.wikidata.org/wiki/Q597257
work,39,freebase,/m/03yjwry,
work,4,wikidata,Q28135875,https://www.wikidata.org/wiki/Q28135875
work,4,imdb,tt1841843,https://www.imdb.com/title/tt1841843/
work,4,kinopoisk,582606,
work,4,tmdb_movie,438561,https://www.themoviedb.org/movie/438561
work,40,wikidata,Q2851830,https://www.wikidata.org/wiki/Q2851830
work,40,freebase,/m/064b3c1,
work,40,imdb,tt11216734,https://www.imdb.com/title/tt11216734/
work,41,wikidata,Q2881529,https://www.wikidata.org/wiki/Q2881529
work,41,freebase,/m/036166,
work,42,wikidata,Q1751705,https://www.wikidata.org/wiki/Q1751705
work,42,freebase,/m/06g_pk,
work,43,wikidata,Q3280776,https://www.wikidata.org/wiki/Q3280776
work,43,freebase,/m/0b55s8,
work,44,wikidata,Q28126678,https://www.wikidata.org/wiki/Q28126678
work,44,freebase,/m/0kypk6g,
work,45,wikidata,Q2329383,https://www.wikidata.org/wiki/Q2329383
work,45,freebase,/m/06gycs,
work,45,tv_tropes,VideoGame/SpiderManVsTheKingpin,
work,46,wikidata,Q3493434,https://www.wikidata.org/wiki/Q3493434
work,46,freebase,/m/06s8rd,
work,47,wikidata,Q2389816,https://www.wikidata.org/wiki/Q2389816
work,47,freebase,/m/0b560m,
work,48,wikidata,Q3493437,https://www.wikidata.org/wiki/Q3493437
work,48,freebase,/m/06z5h9,
work,49,wikidata,Q2748343,https://www.wikidata.org/wiki/Q2748343
work,49,freebase,/m/08p1sk,
work,49,imdb,tt0465614,https://www.imdb.com/title/tt0465614/
work,5,wikidata,Q484442,https://www.wikidata.org/wiki/Q484442
work,5,allocine,29007,
work,5,apple_tv,umc.cmc.5phzpxxmktrfukrvil304pg8e,
work,5,box_office_mojo,spiderman,https://www.boxofficemojo.com/title/spiderman/
work,5,commons_category,Spider-Man (2002 film),https://commons.wikimedia.org/wiki/Category:Spider-Man (2002 film)
work,5,douban,557,
work,5,eidr,10.5240/24C7-F1B1-B79C-8F2B-A7F6-3,
work,5,filmaffinity,218379,
work,5,freebase,/m/012s1d,
work,5,giphy,Spider-Man_(2002_film)-ZYZX4WZ,
work,5,hulu,f82b95f5-13da-4acd-b378-7d3f6864919f,
work,5,imdb,tt0145487,https://www.imdb.com/title/tt0145487/
work,5,kinenote,32750,
work,5,kinopoisk,838,
work,5,letterboxd,301,https://letterboxd.com/film/301/
work,5,metacritic,movie/spider-man,https://www.metacritic.com/movie/spider-man
work,5,movie_meter,mv32214,
work,5,netflix,60004481,
work,5,official_website,http://spiderman.sonypictures.com/,http://spiderman.sonypictures.com/
work,5,omdb_ofdb,19792,
work,5,porthu,46883,
work,5,quora,Spider-Man-2002-movie,
work,5,rotten_tomatoes,m/spiderman,https://www.rottentomatoes.com/m/spiderman
work,5,swedish_film,49711,
work,5,the_numbers,Spider-Man,https://www.the-numbers.com/movie/Spider-Man
work,5,tmdb_movie,557,https://www.themoviedb.org/movie/557
work,5,tv_tropes,Film/SpiderMan1,
work,5,vgmdb,spider-man,
work,5,viaf,178655609,
work,5,youtube_trailer,Ozz8uxW733Q,
work,50,wikidata,Q3281340,https://www.wikidata.org/wiki/Q3281340
work,50,freebase,/m/0b566_,
work,51,wikidata,Q1984719,https://www.wikidata.org/wiki/Q1984719
work,51,freebase,/m/07f98w,
work,51,imdb,tt0466137,https://www.imdb.com/title/tt0466137/
work,52,wikidata,Q7713360,https://www.wikidata.org/wiki/Q7713360
work,52,freebase,/m/0d7gvg,
work,53,wikidata,Q3386242,https://www.wikidata.org/wiki/Q3386242
work,53,freebase,/m/04k4x4,
work,53,imdb,tt0471036,https://www.imdb.com/title/tt0471036/
work,54,wikidata,Q3493433,https://www.wikidata.org/wiki/Q3493433
work,54,freebase,/m/03yjwbw,
work,55,wikidata,Q3493438,https://www.wikidata.org/wiki/Q3493438
work,55,freebase,/m/07d943,
work,55,imdb,tt4997826,https://www.imdb.com/title/tt4997826/
work,56,wikidata,Q63243350,https://www.wikidata.org/wiki/Q63243350
work,57,wikidata,Q288296,https://www.wikidata.org/wiki/Q288296
work,57,freebase,/m/07rggw,
work,57,imdb,tt0258979,https://www.imdb.com/title/tt0258979/
work,58,wikidata,Q3493444,https://www.wikidata.org/wiki/Q3493444
work,58,freebase,/m/0b_rth,
work,58,tv_tropes,VideoGame/SpiderMan2TheSinisterSix,
work,59,wikidata,Q3133608,https://www.wikidata.org/wiki/Q3133608
work,59,freebase,/m/094zy6,
work,59,imdb,tt0286145,https://www.imdb.com/title/tt0286145/
work,6,wikidata,Q190145,https://www.wikidata.org/wiki/Q190145
work,6,allocine,46112,
work,6,apple_tv,umc.cmc.3r7os17fk4uufvf09l35lc9hp,
work,6,box_office_mojo,spiderman2,https://www.boxofficemojo.com/title/spiderman2/
work,6,commons_category,Spider-Man 2,https://commons.wikimedia.org/wiki/Category:Spider-Man 2
work,6,douban,558,
work,6,eidr,10.5240/0B99-F01B-5172-2074-BE5F-M,
work,6,filmaffinity,894731,
work,6,freebase,/m/02wgk1,
work,6,giphy,Spider-Man_2-JR3D4,
work,6,imdb,tt0316654,https://www.imdb.com/title/tt0316654/
work,6,kinenote,34849,
work,6,kinopoisk,2898,
work,6,letterboxd,6389,https://letterboxd.com/film/6389/
work,6,metacritic,movie/spider-man-2,https://www.metacritic.com/movie/spider-man-2
work,6,movie_meter,mv33875,
work,6,netflix,60036230,
work,6,official_website,http://spiderman.sonypictures.com/index.php,http://spiderman.sonypictures.com/index.php
work,6,omdb_ofdb,54169,
work,6,porthu,62079,
work,6,quora,Spider-Man-2-2004-movie,
work,6,rotten_tomatoes,m/spiderman_2,https://www.rottentomatoes.com/m/spiderman_2
work,6,swedish_film,58381,
work,6,the_numbers,Spider-Man-2,https://www.the-numbers.com/movie/Spider-Man-2
work,6,tmdb_movie,558,https://www.themoviedb.org/movie/558
work,6,tv_tropes,Film/SpiderMan2,
work,6,vgmdb,spider-man-2,
work,6,viaf,183215167,
work,6,youtube_trailer,r2aQAzHHChU,
work,60,wikidata,Q3493436,https://www.wikidata.org/wiki/Q3493436
work,60,freebase,/m/094_cv,
work,60,imdb,tt0442703,https://www.imdb.com/title/tt0442703/
work,60,tv_tropes,VideoGame/SpiderManMysteriosMenace,
work,61,wikidata,Q2539517,https://www.wikidata.org/wiki/Q2539517
work,61,freebase,/m/08xz4c,
work,61,imdb,tt0316655,https://www.imdb.com/title/tt0316655/
work,61,quora,Spider-Man-2002-video-game,
work,62,wikidata,Q2660542,https://www.wikidata.org/wiki/Q2660542
work,62,freebase,/m/05bnjt,
work,62,imdb,tt0411906,https://www.imdb.com/title/tt0411906/
work,63,wikidata,Q2583842,https://www.wikidata.org/wiki/Q2583842
work,63,freebase,/m/06t8xb,
work,63,imdb,tt0479196,https://www.imdb.com/title/tt0479196/
work,64,wikidata,Q3493448,https://www.wikidata.org/wiki/Q3493448
work,64,freebase,/m/0265k55,
work,64,imdb,tt1588401,https://www.imdb.com/title/tt1588401/
work,64,official_website,http://www.spidermanbfny.com//,http://www.spidermanbfny.com//
work,65,wikidata,Q2337769,https://www.wikidata.org/wiki/Q2337769
work,65,freebase,/m/0cgb50,
work,65,giphy,Spider-Man_3_(video_game)-D5PNNB,
work,65,imdb,tt0837564,https://www.imdb.com/title/tt0837564/
work,65,tv_tropes,VideoGame/SpiderMan3,
work,66,wikidata,Q1093923,https://www.wikidata.org/wiki/Q1093923
work,66,freebase,/m/02q_s89,
work,66,imdb,tt1111830,https://www.imdb.com/title/tt1111830/
work,66,tv_tropes,VideoGame/SpiderManFriendOrFoe,
work,67,wikidata,Q2635988,https://www.wikidata.org/wiki/Q2635988
work,67,freebase,/m/0414j_n,
work,67,imdb,tt1249419,https://www.imdb.com/title/tt1249419/
work,67,tv_tropes,VideoGame/SpiderManWebOfShadows,
work,67,viaf,292389906,
work,68,wikidata,Q13551929,https://www.wikidata.org/wiki/Q13551929
work,68,freebase,/m/0cz9tw7,
work,69,wikidata,Q729212,https://www.wikidata.org/wiki/Q729212
work,69,freebase,/m/0bmdngc,
work,69,imdb,tt1629701,https://www.imdb.com/title/tt1629701/
work,69,official_website,http://spidermandimensions.marvel.com/#/home,http://spidermandimensions.marvel.com/#/home
work,69,steam,231990,https://store.steampowered.com/app/231990/
work,69,tv_tropes,VideoGame/SpiderManShatteredDimensions,
work,69,youtube_trailer,W-7iyF0bSwI,
work,7,wikidata,Q182212,https://www.wikidata.org/wiki/Q182212
work,7,allocine,56136,
work,7,apple_tv,umc.cmc.6b5zczyf59sfnocdpbah8ve7t,
work,7,box_office_mojo,spiderman3,https://www.boxofficemojo.com/title/spiderman3/
work,7,commons_category,Spider-Man 3,https://commons.wikimedia.org/wiki/Category:Spider-Man 3
work,7,douban,559,
work,7,eidr,10.5240/B097-63D8-BFF2-C877-FFDB-4,
work,7,filmaffinity,443483,
work,7,freebase,/m/0340hj,
work,7,giphy,Spider-Man_3-PBBMYV,
work,7,imdb,tt0413300,https://www.imdb.com/title/tt0413300/
work,7,kinenote,38014,
work,7,kinopoisk,82441,
work,7,letterboxd,586,https://letterboxd.com/film/586/
work,7,metacritic,movie/spider-man-3,https://www.metacritic.com/movie/spider-man-3
work,7,movie_meter,mv36152,
work,7,netflix,70047101,
work,7,official_website,https://www.sonypictures.com/movies/spiderman3,https://www.sonypictures.com/movies/spiderman3
work,7,omdb_ofdb,125232,
work,7,porthu,75078,
work,7,quora,Spider-Man-3-2007-movie,
work,7,rotten_tomatoes,m/spiderman_3,https://www.rottentomatoes.com/m/spiderman_3
work,7,swedish_film,64236,
work,7,the_numbers,Spider-Man-3,https://www.the-numbers.com/movie/Spider-Man-3
work,7,tmdb_movie,559,https://www.themoviedb.org/movie/559
work,7,tv_tropes,Film/SpiderMan3,
work,7,vgmdb,spider-man-3-2,
work,7,viaf,6813148523913420970007,
work,7,youtube_trailer,s_OphrlEZLo,
work,70,wikidata,Q2633998,https://www.wikidata.org/wiki/Q2633998
work,70,freebase,/m/0gkxmwk,
work,70,imdb,tt1967693,https://www.imdb.com/title/tt1967693/
work,70,official_website,http://www.herohq.com/spidermanedgeoftime,http://www.herohq.com/spidermanedgeoftime
work,70,youtube_trailer,M6Q7_t7Yrw0,
work,71,wikidata,Q2625129,https://www.wikidata.org/wiki/Q2625129
work,71,freebase,/m/0j3dgjp,
work,71,imdb,tt2249079,https://www.imdb.com/title/tt2249079/
work,71,official_website,http://www.theamazingspidermangame.com/,http://www.theamazingspidermangame.com/
work,71,steam,212580,https://store.steampowered.com/app/212580/
work,72,wikidata,Q16152567,https://www.wikidata.org/wiki/Q16152567
work,72,freebase,/m/0y7wgvd,
work,72,giant_bomb,UP0002-NPUB31351_00-HDDASM2014000000,https://www.giantbomb.com/UP0002-NPUB31351_00-HDDASM2014000000/
work,72,imdb,tt3262076,https://www.imdb.com/title/tt3262076/
work,72,official_website,http://www.theamazingspidermangame.com,http://www.theamazingspidermangame.com
work,72,steam,267550,https://store.steampowered.com/app/267550/
work,73,wikidata,Q18154235,https://www.wikidata.org/wiki/Q18154235
work,73,freebase,/m/011vnftz,
work,73,imdb,tt4361310,https://www.imdb.com/title/tt4361310/
work,74,wikidata,Q3662198,https://www.wikidata.org/wiki/Q3662198
work,74,freebase,/m/0pk_9_f,
work,74,giant_bomb,UP1018-CUSA00083_00-LEGOMARVEL000000,https://www.giantbomb.com/UP1018-CUSA00083_00-LEGOMARVEL000000/
work,74,imdb,tt2620204,https://www.imdb.com/title/tt2620204/
work,74,official_website,http://videogames.lego.com/en-us/lego-marvel-super-heroes/about/features,http://videogames.lego.com/en-us/lego-marvel-super-heroes/about/features
work,74,steam,249130,https://store.steampowered.com/app/249130/
work,74,tv_tropes,VideoGame/LEGOMarvelSuperHeroes,
work,75,wikidata,Q29959076,https://www.wikidata.org/wiki/Q29959076
work,75,giant_bomb,UP1018-CUSA08469_00-LEGOMARVELSH2001,https://www.giantbomb.com/UP1018-CUSA08469_00-LEGOMARVELSH2001/
work,75,imdb,tt7175178,https://www.imdb.com/title/tt7175178/
work,75,steam,647830,https://store.steampowered.com/app/647830/
work,75,tv_tropes,VideoGame/LEGOMarvelSuperHeroes2,
work,76,wikidata,Q25340029,https://www.wikidata.org/wiki/Q25340029
work,76,commons_category,Marvel's Spider-Man,https://commons.wikimedia.org/wiki/Category:Marvel's Spider-Man
work,76,giant_bomb,UP9000-CUSA02299_00-MARVELSSPIDERMAN,https://www.giantbomb.com/UP9000-CUSA02299_00-MARVELSSPIDERMAN/
work,76,imdb,tt5807780,https://www.imdb.com/title/tt5807780/
work,76,official_website,https://insomniac.games/game/spider-man-ps4/,https://insomniac.games/game/spider-man-ps4/
work,76,tv_tropes,VideoGame/SpiderManPS4,
work,77,wikidata,Q65040551,https://www.wikidata.org/wiki/Q65040551
work,77,imdb,tt12106604,https://www.imdb.com/title/tt12106604/
work,78,wikidata,Q100440421,https://www.wikidata.org/wiki/Q100440421
work,78,steam,1817070,https://store.steampowered.com/app/1817070/
work,78,youtube_trailer,-i5tTKSbePI,
work,79,wikidata,Q96216165,https://www.wikidata.org/wiki/Q96216165
work,79,giant_bomb,UP9000-CUSA17722_00-MARVELSSMMORALES,https://www.giantbomb.com/UP9000-CUSA17722_00-MARVELSSMMORALES/
work,79,imdb,tt12496734,https://www.imdb.com/title/tt12496734/
work,79,official_website,https://insomniac.games/game/marvels-spider-man-miles-morales,https://insomniac.games/game/marvels-spider-man-miles-morales
work,79,steam,1817190,https://store.steampowered.com/app/1817190/
work,79,youtube_trailer,gHzuHo80U2M,
work,8,wikidata,Q229808,https://www.wikidata.org/wiki/Q229808
work,8,allocine,128188,
work,8,apple_tv,umc.cmc.1jielpphrkfkqh3zfll0un7iz,
work,8,box_office_mojo,spiderman4,https://www.boxofficemojo.com/title/spiderman4/
work,8,commons_category,The Amazing Spider-Man (2012 film),https://commons.wikimedia.org/wiki/Category:The Amazing Spider-Man (2012 film)
work,8,douban,42505,
work,8,eidr,10.5240/3B13-ACB5-E080-7B6D-DF7E-V,
work,8,filmaffinity,934628,
work,8,freebase,/m/0fqt1ns,
work,8,imdb,tt0948470,https://www.imdb.com/title/tt0948470/
work,8,kinenote,52857,
work,8,kinopoisk,278217,
work,8,letterboxd,473,https://letterboxd.com/film/473/
work,8,metacritic,movie/the-amazing-spider-man,https://www.metacritic.com/movie/the-amazing-spider-man
work,8,movie_meter,mv47266,
work,8,netflix,70208599,
work,8,official_website,https://www.sonypictures.com/movies/theamazingspiderman,https://www.sonypictures.com/movies/theamazingspiderman
work,8,omdb_ofdb,226529,
work,8,porthu,121082,
work,8,rotten_tomatoes,m/the_amazing_spider_man,https://www.rottentomatoes.com/m/the_amazing_spider_man
work,8,swedish_film,75581,
work,8,the_numbers,Amazing-Spider-Man-The,https://www.the-numbers.com/movie/Amazing-Spider-Man-The
work,8,tmdb_movie,1930,https://www.themoviedb.org/movie/1930
work,8,tv_tropes,Film/TheAmazingSpiderMan,
work,8,vgmdb,the-amazing-spider-man,
work,8,viaf,250953485,
work,8,youtube_trailer,upwf8RsyNqQ,
work,80,wikidata,Q108479502,https://www.wikidata.org/wiki/Q108479502
work,80,imdb,tt15399898,https://www.imdb.com/title/tt15399898/
work,80,official_website,https://insomniac.games/game/marvels-spider-man-2,https://insomniac.games/game/marvels-spider-man-2
work,80,steam,2651280,https://store.steampowered.com/app/2651280/
work,80,youtube_trailer,qIQ3xNqkVC4,
work,9,wikidata,Q4254026,https://www.wikidata.org/wiki/Q4254026
work,9,allocine,192186,
work,9,apple_tv,umc.cmc.66rooktnzrc8dnl6k671mxn5z,
work,9,box_office_mojo,amazingspiderman2,https://www.boxofficemojo.com/title/amazingspiderman2/
work,9,commons_category,The Amazing Spider-Man 2,https://commons.wikimedia.org/wiki/Category:The Amazing Spider-Man 2
work,9,douban,81222,
work,9,eidr,10.5240/2C30-63CF-167D-F665-E856-G,
work,9,filmaffinity,268783,
work,9,freebase,/m/0qkv9wb,
work,9,imdb,tt1872181,https://www.imdb.com/title/tt1872181/
work,9,kinenote,73087,
work,9,kinopoisk,602409,
work,9,letterboxd,552,https://letterboxd.com/film/552/
work,9,metacritic,movie/the-amazing-spider-man-2,https://www.metacritic.com/movie/the-amazing-spider-man-2
work,9,netflix,70293702,
work,9,official_website,https://www.sonypictures.com/movies/theamazingspiderman2,https://www.sonypictures.com/movies/theamazingspiderman2
work,9,omdb_ofdb,260762,
work,9,porthu,147675,
work,9,quora,The-Amazing-Spider-Man-2-2014-movie-1,
work,9,rotten_tomatoes,m/the_amazing_spider_man_2,https://www.rottentomatoes.com/m/the_amazing_spider_man_2
work,9,swedish_film,79593,
work,9,tmdb_movie,102382,https://www.themoviedb.org/movie/102382
work,9,tv_tropes,Film/TheAmazingSpiderMan2,
work,9,vgmdb,the-amazing-spider-man-2,
work,9,viaf,307471708,
work,9,youtube_trailer,nbp3Ra3Yp74,
person,1,allmovie,p30046,
person,1,allocine,23913,
person,1,discogs,480006,
person,1,freebase,/m/030v2h,
person,1,imdb,nm0358749,https://www.imdb.com/title/nm0358749/
person,1,kinopoisk,50491,
person,1,loc,no2005064072,
person,1,musicbrainz_artist,0df92562-9105-4fbd-99d7-23198a5c0140,https://musicbrainz.org/artist/0df92562-9105-4fbd-99d7-23198a5c0140
person,1,svensk_film,150733,
person,1,tmdb_person,29095,https://www.themoviedb.org/person/29095
person,1,viaf,37126521,
person,1,wikidata,Q266520,https://www.wikidata.org/wiki/Q266520
person,10,allmovie,p196872,
person,10,allocine,22514,
person,10,bnf,14071709f,
person,10,discogs,3274932,
person,10,freebase,/m/015pkc,
person,10,gnd,132089149,
person,10,imdb,nm0001497,https://www.imdb.com/title/nm0001497/
person,10,instagram,tobeymaguir,
person,10,kinopoisk,10095,
person,10,loc,no98114505,
person,10,musicbrainz_artist,50caae43-3c40-4ebb-b871-b04b1ebc511f,https://musicbrainz.org/artist/50caae43-3c40-4ebb-b871-b04b1ebc511f
person,10,svensk_film,198593,
person,10,tmdb_person,2219,https://www.themoviedb.org/person/2219
person,10,twitter,TobeyMaguire,
person,10,viaf,85082263,
person,10,wikitree,Maguire-588,
person,10,wikidata,Q165524,https://www.wikidata.org/wiki/Q165524
person,100,allmovie,p216153,
person,100,allocine,19053,
person,100,bnf,16019605r,
person,100,freebase,/m/0241jw,
person,100,gnd,129087777,
person,100,imdb,nm0785227,https://www.imdb.com/title/nm0785227/
person,100,instagram,andyserkis,
person,100,kinopoisk,13176,
person,100,loc,no00102089,
person,100,musicbrainz_artist,fac49223-77a5-4cec-9486-25ddefb1d87d,https://musicbrainz.org/artist/fac49223-77a5-4cec-9486-25ddefb1d87d
person,100,svensk_film,244435,
person,100,tmdb_person,1333,https://www.themoviedb.org/person/1333
person,100,twitter,andyserkis,
person,100,viaf,88097837,
person,100,wikitree,Serkis-1,
person,100,wikidata,Q206922,https://www.wikidata.org/wiki/Q206922
person,101,allmovie,p187040,
person,101,allocine,100713,
person,101,freebase,/m/03vnc_,
person,101,gnd,142508144,
person,101,imdb,nm0005513,https://www.imdb.com/title/nm0005513/
person,101,instagram,alannaubach,
person,101,kinopoisk,32561,
person,101,loc,no99044075,
person,101,svensk_film,198003,
person,101,tmdb_person,10402,https://www.themoviedb.org/person/10402
person,101,viaf,61180126,
person,101,wikidata,Q2830641,https://www.wikidata.org/wiki/Q2830641
person,102,allmovie,p402167,
person,102,allocine,122993,
person,102,bnf,165025670,
person,102,freebase,/m/026nbny,
person,102,gnd,1023198738,
person,102,imdb,nm1256532,https://www.imdb.com/title/nm1256532/
person,102,instagram,jonnybernthal,
person,102,kinopoisk,551260,
person,102,loc,no2009193018,
person,102,svensk_film,390375,
person,102,tmdb_person,19498,https://www.themoviedb.org/person/19498
person,102,twitter,jonnybernthal,
person,102,viaf,170398382,
person,102,wikitree,Bernthal-8,
person,102,wikidata,Q362616,https://www.wikidata.org/wiki/Q362616
person,103,allocine,403601,
person,103,bnf,16598424r,
person,103,freebase,/m/0g41g5t,
person,103,imdb,nm3103126,https://www.imdb.com/title/nm3103126/
person,103,instagram,michaelmando,
person,103,loc,no2015122953,
person,103,tmdb_person,829372,https://www.themoviedb.org/person/829372
person,103,twitter,mandomichael,
person,103,viaf,312747583,
person,103,wikidata,Q6832484,https://www.wikidata.org/wiki/Q6832484
person,104,discogs,139644,
person,104,imdb,nm3993304,https://www.imdb.com/title/nm3993304/
person,104,instagram,krondon,
person,104,musicbrainz_artist,be6e9788-266b-49d3-878d-f89715f4c290,https://musicbrainz.org/artist/be6e9788-266b-49d3-878d-f89715f4c290
person,104,tmdb_person,1962692,https://www.themoviedb.org/person/1962692
person,104,twitter,krondon,
person,104,wikidata,Q47467682,https://www.wikidata.org/wiki/Q47467682
person,105,allmovie,p197651,
person,105,allocine,25190,
person,105,bnf,14241895v,
person,105,freebase,/m/035rnz,
person,105,gnd,140605622,
person,105,imdb,nm0749263,https://www.imdb.com/title/nm0749263/
person,105,instagram,markruffalo,
person,105,kinopoisk,10467,
person,105,loc,no2001058884,
person,105,musicbrainz_artist,bd9ef348-7313-4984-b7a8-5ee58a63bea2,https://musicbrainz.org/artist/bd9ef348-7313-4984-b7a8-5ee58a63bea2
person,105,svensk_film,270659,
person,105,tmdb_person,103,https://www.themoviedb.org/person/103
person,105,twitter,MarkRuffalo,
person,105,viaf,85826181,
person,105,wikitree,Ruffalo-4,
person,105,wikidata,Q41422,https://www.wikidata.org/wiki/Q41422
person,107,imdb,nm0780480,https://www.imdb.com/title/nm0780480/
person,107,tmdb_person,2541828,https://www.themoviedb.org/person/2541828
person,107,wikidata,Q137101462,https://www.wikidata.org/wiki/Q137101462
person,108,allmovie,an240212,
person,108,allocine,29163,
person,108,freebase,/m/0bw1d6,
person,108,imdb,nm0276209,https://www.imdb.com/title/nm0276209/
person,108,kinopoisk,172092,
person,108,loc,n96020455,
person,108,tmdb_person,127737,https://www.themoviedb.org/person/127737
person,108,viaf,65732402,
person,108,wikidata,Q5101498,https://www.wikidata.org/wiki/Q5101498
person,109,freebase,/m/010dp637,
person,109,imdb,nm0027990,https://www.imdb.com/title/nm0027990/
person,109,tmdb_person,1322280,https://www.themoviedb.org/person/1322280
person,109,wikidata,Q11451254,https://www.wikidata.org/wiki/Q11451254
person,11,allmovie,p16547,
person,11,allocine,4788,
person,11,bnf,13930540c,
person,11,discogs,363873,
person,11,freebase,/m/01f7dd,
person,11,gnd,121991784,
person,11,imdb,nm0000353,https://www.imdb.com/title/nm0000353/
person,11,kinopoisk,9274,
person,11,loc,no90009824,
person,11,musicbrainz_artist,3bf67e55-fa97-452c-8b48-532bd5258920,https://musicbrainz.org/artist/3bf67e55-fa97-452c-8b48-532bd5258920
person,11,omni,3174759e-6505-405d-b9b0-420e2d985fb6,
person,11,quora,Willem-Dafoe-actor,
person,11,svensk_film,94722,
person,11,tmdb_person,5293,https://www.themoviedb.org/person/5293
person,11,viaf,10036508,
person,11,wikitree,Dafoe-222,
person,11,wikidata,Q188772,https://www.wikidata.org/wiki/Q188772
person,110,discogs,4426679,
person,110,freebase,/m/0gc0kkw,
person,110,imdb,nm0434600,https://www.imdb.com/title/nm0434600/
person,110,musicbrainz_artist,c63b4fd5-bcf3-4317-82a5-dfbd4906a0ce,https://musicbrainz.org/artist/c63b4fd5-bcf3-4317-82a5-dfbd4906a0ce
person,110,tmdb_person,142408,https://www.themoviedb.org/person/142408
person,110,wikidata,Q11634899,https://www.wikidata.org/wiki/Q11634899
person,111,allmovie,p66810,
person,111,allocine,64913,
person,111,bnf,14228643b,
person,111,freebase,/m/02lwj_,
person,111,imdb,nm0813015,https://www.imdb.com/title/nm0813015/
person,111,kinopoisk,49961,
person,111,loc,no97070274,
person,111,musicbrainz_artist,581fddbe-e1b1-49bf-9bf9-befb16887780,https://musicbrainz.org/artist/581fddbe-e1b1-49bf-9bf9-befb16887780
person,111,svensk_film,98245,
person,111,tmdb_person,1215283,https://www.themoviedb.org/person/1215283
person,111,viaf,16834639,
person,111,wikidata,Q3372216,https://www.wikidata.org/wiki/Q3372216
person,112,allmovie,p127363,
person,112,find_a_grave,41584915,
person,112,freebase,/m/0fww40,
person,112,imdb,nm0459470,https://www.imdb.com/title/nm0459470/
person,112,loc,no2012007226,
person,112,tmdb_person,1012146,https://www.themoviedb.org/person/1012146
person,112,viaf,91976488,
person,112,wikidata,Q3371581,https://www.wikidata.org/wiki/Q3371581
person,113,allmovie,p406461,
person,113,freebase,/m/0j7z7nl,
person,113,imdb,nm0228944,https://www.imdb.com/title/nm0228944/
person,113,tmdb_person,1012147,https://www.themoviedb.org/person/1012147
person,113,wikidata,Q3374208,https://www.wikidata.org/wiki/Q3374208
person,114,freebase,/m/064s_z,
person,114,imdb,nm0137965,https://www.imdb.com/title/nm0137965/
person,114,kinopoisk,129573,
person,114,loc,no2015117564,
person,114,tmdb_person,1218561,https://www.themoviedb.org/person/1218561
person,114,viaf,317285261,
person,114,wikitree,Carlson-4155,
person,114,wikidata,Q2358361,https://www.wikidata.org/wiki/Q2358361
person,116,freebase,/m/06k7vc,
person,116,imdb,nm0940880,https://www.imdb.com/title/nm0940880/
person,116,loc,n2009053355,
person,116,tmdb_person,153322,https://www.themoviedb.org/person/153322
person,116,viaf,96750496,
person,116,wikidata,Q3569039,https://www.wikidata.org/wiki/Q3569039
person,118,allocine,110895,
person,118,freebase,/m/030tzl,
person,118,imdb,nm0319737,https://www.imdb.com/title/nm0319737/
person,118,kinopoisk,149803,
person,118,loc,no2017147659,
person,118,official_website,http://www.dangilvezan.com,http://www.dangilvezan.com
person,118,tmdb_person,81847,https://www.themoviedb.org/person/81847
person,118,viaf,1056151112560037180005,
person,118,wikidata,Q3013086,https://www.wikidata.org/wiki/Q3013086
person,119,allmovie,vn15489534,
person,119,allocine,52960,
person,119,bnf,142384837,
person,119,freebase,/m/02gf_l,
person,119,gnd,1286271487,
person,119,imdb,nm0919798,https://www.imdb.com/title/nm0919798/
person,119,kinopoisk,8967,
person,119,loc,no2003013718,
person,119,musicbrainz_artist,894472cb-61de-4394-94fd-74eb82b6db20,https://musicbrainz.org/artist/894472cb-61de-4394-94fd-74eb82b6db20
person,119,official_website,http://www.frankwelker.net/,http://www.frankwelker.net/
person,119,svensk_film,112214,
person,119,tmdb_person,15831,https://www.themoviedb.org/person/15831
person,119,viaf,17434781,
person,119,wikitree,Welker-844,
person,119,wikidata,Q296577,https://www.wikidata.org/wiki/Q296577
person,12,allmovie,p20669,
person,12,allocine,9685,
person,12,bnf,14025148m,
person,12,discogs,496275,
person,12,freebase,/m/04fzk,
person,12,gnd,129584827,
person,12,imdb,nm0000379,https://www.imdb.com/title/nm0000379/
person,12,instagram,kirstendunst,
person,12,kinopoisk,58,
person,12,loc,no96025501,
person,12,musicbrainz_artist,b96ddacd-64ab-4bb1-87a3-b9ddf9a15a3d,https://musicbrainz.org/artist/b96ddacd-64ab-4bb1-87a3-b9ddf9a15a3d
person,12,svensk_film,199764,
person,12,tmdb_person,205,https://www.themoviedb.org/person/205
person,12,twitter,kirstendunst,
person,12,viaf,85558566,
person,12,wikitree,Dunst-2,
person,12,wikidata,Q76478,https://www.wikidata.org/wiki/Q76478
person,120,allmovie,an11234,
person,120,allocine,22418,
person,120,freebase,/m/02dcpn,
person,120,imdb,nm0055549,https://www.imdb.com/title/nm0055549/
person,120,instagram,cdb_stories,
person,120,kinopoisk,86885,
person,120,loc,no2006128466,
person,120,official_website,https://www.oocities.org/indigo_xia/about.htm,https://www.oocities.org/indigo_xia/about.htm
person,120,tmdb_person,31468,https://www.themoviedb.org/person/31468
person,120,viaf,46528803,
person,120,wikidata,Q1086631,https://www.wikidata.org/wiki/Q1086631
person,122,allmovie,p9017,
person,122,allocine,12980,
person,122,bnf,14159684m,
person,122,discogs,343543,
person,122,find_a_grave,18881414,
person,122,freebase,/m/06db9k,
person,122,gnd,173931960,
person,122,imdb,nm0001975,https://www.imdb.com/title/nm0001975/
person,122,kinopoisk,38047,
person,122,loc,n82224979,
person,122,musicbrainz_artist,d126b8f9-63e0-4d7a-8f5f-d9e0cc50bad9,https://musicbrainz.org/artist/d126b8f9-63e0-4d7a-8f5f-d9e0cc50bad9
person,122,svensk_film,87510,
person,122,tmdb_person,24368,https://www.themoviedb.org/person/24368
person,122,viaf,10057721,
person,122,wikitree,Browne-6252,
person,122,wikidata,Q499063,https://www.wikidata.org/wiki/Q499063
person,123,allmovie,p220731,
person,123,allocine,115576,
person,123,bnf,14221925j,
person,123,freebase,/m/06s50y,
person,123,imdb,nm0738951,https://www.imdb.com/title/nm0738951/
person,123,kinopoisk,89000,
person,123,loc,no2009069440,
person,123,tmdb_person,110799,https://www.themoviedb.org/person/110799
person,123,viaf,222818,
person,123,wikidata,Q2707980,https://www.wikidata.org/wiki/Q2707980
person,124,freebase,/m/08d8c5,
person,124,imdb,nm0628236,https://www.imdb.com/title/nm0628236/
person,124,tmdb_person,46995,https://www.themoviedb.org/person/46995
person,124,twitter,RichardNewmanVO,
person,124,wikidata,Q2069543,https://www.wikidata.org/wiki/Q2069543
person,125,allmovie,p342206,
person,125,allocine,124644,
person,125,bnf,15120436j,
person,125,freebase,/m/07gknc,
person,125,imdb,nm0238546,https://www.imdb.com/title/nm0238546/
person,125,kinopoisk,19048,
person,125,loc,no2011129542,
person,125,tmdb_person,74364,https://www.themoviedb.org/person/74364
person,125,twitter,BrianDrummondVO,
person,125,viaf,222128646,
person,125,wikidata,Q26741,https://www.wikidata.org/wiki/Q26741
person,126,freebase,/m/0f5_nn,
person,126,imdb,nm0233036,https://www.imdb.com/title/nm0233036/
person,126,loc,nr97026766,
person,126,tmdb_person,175854,https://www.themoviedb.org/person/175854
person,126,viaf,26971163,
person,126,wikidata,Q4115621,https://www.wikidata.org/wiki/Q4115621
person,127,allmovie,an4666,
person,127,allocine,27832,
person,127,bnf,14185564c,
person,127,discogs,1636522,
person,127,freebase,/m/0347db,
person,127,gnd,135253276,
person,127,imdb,nm0000439,https://www.imdb.com/title/nm0000439/
person,127,instagram,nph,
person,127,kinopoisk,36870,
person,127,loc,no92005724,
person,127,musicbrainz_artist,587fbf06-1cc0-4ae6-91ef-afe832385b13,https://musicbrainz.org/artist/587fbf06-1cc0-4ae6-91ef-afe832385b13
person,127,quora,Neil-Patrick-Harris-actor,
person,127,svensk_film,191165,
person,127,tmdb_person,41686,https://www.themoviedb.org/person/41686
person,127,twitter,ActuallyNPH,
person,127,viaf,160587267,
person,127,wikitree,Harris-12171,
person,127,wikidata,Q485310,https://www.wikidata.org/wiki/Q485310
person,128,allmovie,p223351,
person,128,allocine,141811,
person,128,bnf,14050072m,
person,128,discogs,96220,
person,128,freebase,/m/029rj5,
person,128,gnd,134954521,
person,128,imdb,nm0005160,https://www.imdb.com/title/nm0005160/
person,128,instagram,lisaloeb,
person,128,kinopoisk,24685,
person,128,loc,no97067985,
person,128,musicbrainz_artist,22c5cef9-80e8-48d2-acd3-6d16f6c8a16d,https://musicbrainz.org/artist/22c5cef9-80e8-48d2-acd3-6d16f6c8a16d
person,128,official_website,http://www.lisaloeb.com/,http://www.lisaloeb.com/
person,128,svensk_film,278974,
person,128,tmdb_person,98879,https://www.themoviedb.org/person/98879
person,128,twitter,LisaLoeb,
person,128,viaf,233166270,
person,128,wikidata,Q237654,https://www.wikidata.org/wiki/Q237654
person,129,allmovie,p240637,
person,129,allocine,31950,
person,129,bnf,145090133,
person,129,find_a_grave,96465305,
person,129,freebase,/m/02lkcc,
person,129,gnd,142222402,
person,129,imdb,nm0003817,https://www.imdb.com/title/nm0003817/
person,129,kinopoisk,677,
person,129,loc,no2001001757,
person,129,musicbrainz_artist,86d6cb1f-07ba-4b00-81bc-6b51c55e9460,https://musicbrainz.org/artist/86d6cb1f-07ba-4b00-81bc-6b51c55e9460
person,129,svensk_film,256852,
person,129,tmdb_person,61981,https://www.themoviedb.org/person/61981
person,129,viaf,117917494,
person,129,wikitree,Duncan-16046,
person,129,wikidata,Q483148,https://www.wikidata.org/wiki/Q483148
person,13,allmovie,p299361,
person,13,allocine,33229,
person,13,bnf,14178665h,
person,13,discogs,2633469,
person,13,freebase,/m/05bnp0,
person,13,gnd,13217331X,
person,13,imdb,nm0290556,https://www.imdb.com/title/nm0290556/
person,13,instagram,officialjamesfrancoo,
person,13,kinopoisk,22879,
person,13,loc,nr2002000984,
person,13,musicbrainz_artist,b1eebb09-6218-4fc4-9669-24ce4a9e264b,https://musicbrainz.org/artist/b1eebb09-6218-4fc4-9669-24ce4a9e264b
person,13,svensk_film,282788,
person,13,tmdb_person,17051,https://www.themoviedb.org/person/17051
person,13,twitter,jamesfrancotv,
person,13,viaf,85674291,
person,13,wikitree,Franco-206,
person,13,wikidata,Q306403,https://www.wikidata.org/wiki/Q306403
person,130,allmovie,p228525,
person,130,allocine,186863,
person,130,bnf,146173296,
person,130,freebase,/m/060vwl,
person,130,imdb,nm0005079,https://www.imdb.com/title/nm0005079/
person,130,kinopoisk,70888,
person,130,loc,no2010114933,
person,130,official_website,http://www.joshkeaton.com,http://www.joshkeaton.com
person,130,svensk_film,246523,
person,130,tmdb_person,20903,https://www.themoviedb.org/person/20903
person,130,twitter,joshkeaton,
person,130,viaf,90691359,
person,130,wikitree,Wiener-172,
person,130,wikidata,Q2467799,https://www.wikidata.org/wiki/Q2467799
person,131,allmovie,p232257,
person,131,allocine,27223,
person,131,bnf,141630643,
person,131,discogs,1760303,
person,131,freebase,/m/02k4b2,
person,131,gnd,142494747,
person,131,imdb,nm0000327,https://www.imdb.com/title/nm0000327/
person,131,instagram,thereallacey,
person,131,kinopoisk,31699,
person,131,loc,no97071698,
person,131,svensk_film,250362,
person,131,tmdb_person,22082,https://www.themoviedb.org/person/22082
person,131,twitter,IamLaceyChabert,
person,131,viaf,27276033,
person,131,wikitree,Chabert-16,
person,131,wikidata,Q232910,https://www.wikidata.org/wiki/Q232910
person,132,allmovie,p58373,
person,132,allocine,23168,
person,132,bnf,14218437n,
person,132,find_a_grave,281881409,
person,132,freebase,/m/05zcg8,
person,132,imdb,nm0705118,https://www.imdb.com/title/nm0705118/
person,132,kinopoisk,79911,
person,132,loc,no97037389,
person,132,official_website,https://www.alanrachins.com,https://www.alanrachins.com
person,132,svensk_film,114615,
person,132,tmdb_person,105626,https://www.themoviedb.org/person/105626
person,132,viaf,66075449,
person,132,wikitree,Rachins-4,
person,132,wikidata,Q770059,https://www.wikidata.org/wiki/Q770059
person,133,allmovie,p240321,
person,133,allocine,49663,
person,133,bnf,16536254d,
person,133,discogs,849707,
person,133,freebase,/m/032nl2,
person,133,imdb,nm0068166,https://www.imdb.com/title/nm0068166/
person,133,instagram,drakebell,
person,133,kinopoisk,3539,
person,133,loc,no2007012309,
person,133,musicbrainz_artist,094f10e7-27d5-400d-a145-331013e67229,https://musicbrainz.org/artist/094f10e7-27d5-400d-a145-331013e67229
person,133,official_website,https://www.drakebell.co/,https://www.drakebell.co/
person,133,svensk_film,225366,
person,133,tmdb_person,3272,https://www.themoviedb.org/person/3272
person,133,twitter,DrakeBell,
person,133,viaf,48998094,
person,133,wikidata,Q261812,https://www.wikidata.org/wiki/Q261812
person,134,allmovie,p779763,
person,134,allocine,260681,
person,134,freebase,/m/06wb0ph,
person,134,gnd,140455752,
person,134,imdb,nm2383250,https://www.imdb.com/title/nm2383250/
person,134,instagram,loganmiller,
person,134,kinopoisk,1148175,
person,134,loc,no2017086454,
person,134,svensk_film,391190,
person,134,tmdb_person,116088,https://www.themoviedb.org/person/116088
person,134,twitter,Loganyeah785,
person,134,viaf,107152603,
person,134,wikidata,Q128828,https://www.wikidata.org/wiki/Q128828
person,135,freebase,/m/09gq8js,
person,135,imdb,nm3552639,https://www.imdb.com/title/nm3552639/
person,135,official_website,http://www.caitlyntaylorlove.com/band.php,http://www.caitlyntaylorlove.com/band.php
person,135,tmdb_person,1248290,https://www.themoviedb.org/person/1248290
person,135,twitter,CaitlynTLove,
person,135,wikidata,Q152020,https://www.wikidata.org/wiki/Q152020
person,136,allmovie,p391737,
person,136,allocine,147992,
person,136,freebase,/m/05fllm,
person,136,gnd,1302789678,
person,136,imdb,nm0996651,https://www.imdb.com/title/nm0996651/
person,136,instagram,gregcipes,
person,136,kinopoisk,31655,
person,136,loc,no2009074003,
person,136,musicbrainz_artist,7000944a-7c65-40a4-bae4-32bdf21d9763,https://musicbrainz.org/artist/7000944a-7c65-40a4-bae4-32bdf21d9763
person,136,official_website,http://www.gregcipes.com/,http://www.gregcipes.com/
person,136,svensk_film,345822,
person,136,tmdb_person,60227,https://www.themoviedb.org/person/60227
person,136,twitter,GregCipes,
person,136,viaf,88504245,
person,136,wikidata,Q2700668,https://www.wikidata.org/wiki/Q2700668
person,137,freebase,/m/026qxz3,
person,137,imdb,nm1014417,https://www.imdb.com/title/nm1014417/
person,137,loc,nr2006023298,
person,137,tmdb_person,174466,https://www.themoviedb.org/person/174466
person,137,viaf,22104890,
person,137,wikidata,Q7080030,https://www.wikidata.org/wiki/Q7080030
person,138,allmovie,p37773,
person,138,allocine,79195,
person,138,bnf,14575092q,
person,138,discogs,399960,
person,138,freebase,/m/01lly5,
person,138,gnd,1167985702,
person,138,imdb,nm0444786,https://www.imdb.com/title/nm0444786/
person,138,kinopoisk,995814,
person,138,loc,no2016126905,
person,138,musicbrainz_artist,4deae17b-064b-4ab1-aee4-f1f99bf9ef26,https://musicbrainz.org/artist/4deae17b-064b-4ab1-aee4-f1f99bf9ef26
person,138,svensk_film,301101,
person,138,tmdb_person,78798,https://www.themoviedb.org/person/78798
person,138,viaf,7632482,
person,138,wikidata,Q299282,https://www.wikidata.org/wiki/Q299282
person,139,allmovie,p664207,
person,139,allocine,458596,
person,139,freebase,/m/0cggqgs,
person,139,imdb,nm2684036,https://www.imdb.com/title/nm2684036/
person,139,instagram,officialnadjijeter,
person,139,kinopoisk,1468230,
person,139,loc,no2017111842,
person,139,svensk_film,412543,
person,139,tmdb_person,587035,https://www.themoviedb.org/person/587035
person,139,twitter,NajJeter,
person,139,viaf,5265150470095804330005,
person,139,wikidata,Q17403382,https://www.wikidata.org/wiki/Q17403382
person,14,allmovie,p233015,
person,14,allocine,32799,
person,14,bnf,155523393,
person,14,freebase,/m/044rvb,
person,14,gnd,134949307,
person,14,imdb,nm0799777,https://www.imdb.com/title/nm0799777/
person,14,kinopoisk,8552,
person,14,loc,no96035344,
person,14,musicbrainz_artist,49e8dc03-017d-4c5f-9e3d-5df03fe4676b,https://musicbrainz.org/artist/49e8dc03-017d-4c5f-9e3d-5df03fe4676b
person,14,quora,J-K-Simmons-1,
person,14,svensk_film,199805,
person,14,tmdb_person,18999,https://www.themoviedb.org/person/18999
person,14,viaf,85864993,
person,14,wikitree,Simmons-4978,
person,14,wikidata,Q150482,https://www.wikidata.org/wiki/Q150482
person,140,allmovie,p342227,
person,140,allocine,138463,
person,140,bnf,14554238t,
person,140,freebase,/m/091n7z,
person,140,gnd,102362513X,
person,140,imdb,nm1154161,https://www.imdb.com/title/nm1154161/
person,140,instagram,laurabaileyvo,
person,140,kinopoisk,385515,
person,140,loc,no2009043448,
person,140,musicbrainz_artist,e73f2503-6634-4ba4-963b-b6e2c5a3dfcc,https://musicbrainz.org/artist/e73f2503-6634-4ba4-963b-b6e2c5a3dfcc
person,140,official_website,https://www.laurabaileyvo.com,https://www.laurabaileyvo.com
person,140,tmdb_person,75037,https://www.themoviedb.org/person/75037
person,140,twitter,LauraBaileyVO,
person,140,viaf,39617543,
person,140,wikitree,Bailey-7475,
person,140,wikidata,Q2364867,https://www.wikidata.org/wiki/Q2364867
person,141,allocine,562493,
person,141,freebase,/m/02z28d1,
person,141,imdb,nm1977134,https://www.imdb.com/title/nm1977134/
person,141,official_website,https://www.melanieminichino.com/,https://www.melanieminichino.com/
person,141,tmdb_person,1544176,https://www.themoviedb.org/person/1544176
person,141,twitter,Melminichino,
person,141,wikidata,Q6811321,https://www.wikidata.org/wiki/Q6811321
person,142,imdb,nm5489754,https://www.imdb.com/title/nm5489754/
person,142,kinopoisk,3086047,
person,142,loc,no2017080330,
person,142,official_website,http://www.maxmittelman.com/,http://www.maxmittelman.com/
person,142,tmdb_person,1379386,https://www.themoviedb.org/person/1379386
person,142,twitter,MaxMittelman,
person,142,viaf,9279149919455506650002,
person,142,wikidata,Q20974018,https://www.wikidata.org/wiki/Q20974018
person,144,wikidata,Q133934477,https://www.wikidata.org/wiki/Q133934477
person,145,imdb,nm5468824,https://www.imdb.com/title/nm5468824/
person,145,tmdb_person,2765442,https://www.themoviedb.org/person/2765442
person,145,wikidata,Q133890927,https://www.wikidata.org/wiki/Q133890927
person,147,imdb,nm2765391,https://www.imdb.com/title/nm2765391/
person,147,instagram,jpkarliak,
person,147,official_website,https://www.jpkarliak.com,https://www.jpkarliak.com
person,147,tmdb_person,1541380,https://www.themoviedb.org/person/1541380
person,147,twitter,jpkarliak,
person,147,wikidata,Q107598247,https://www.wikidata.org/wiki/Q107598247
person,148,freebase,/m/0gcht_w,
person,148,imdb,nm1997794,https://www.imdb.com/title/nm1997794/
person,148,tmdb_person,1820720,https://www.themoviedb.org/person/1820720
person,148,wikidata,Q131875786,https://www.wikidata.org/wiki/Q131875786
person,149,allmovie,p371061,
person,149,allocine,219256,
person,149,freebase,/m/05z775,
person,149,imdb,nm1312566,https://www.imdb.com/title/nm1312566/
person,149,instagram,kariwahlgren,
person,149,kinopoisk,229539,
person,149,loc,n2015042552,
person,149,official_website,http://www.kariwahlgren.com,http://www.kariwahlgren.com
person,149,tmdb_person,116315,https://www.themoviedb.org/person/116315
person,149,twitter,KariWahlgren,
person,149,viaf,7351178,
person,149,wikidata,Q272919,https://www.wikidata.org/wiki/Q272919
person,15,allmovie,p308434,
person,15,allocine,150227,
person,15,bnf,161541264,
person,15,freebase,/m/030v0r,
person,15,gnd,1063316375,
person,15,imdb,nm0542133,https://www.imdb.com/title/nm0542133/
person,15,instagram,joemanganiello,
person,15,kinopoisk,36185,
person,15,loc,no2012057252,
person,15,official_website,https://evolution359.com,https://evolution359.com
person,15,quora,Joe-Manganiello,
person,15,svensk_film,298801,
person,15,tmdb_person,20580,https://www.themoviedb.org/person/20580
person,15,twitter,joemanganiello,
person,15,viaf,102416354,
person,15,wikitree,Manganiello-3,
person,15,wikidata,Q470005,https://www.wikidata.org/wiki/Q470005
person,151,allmovie,p10012,
person,151,allocine,29680,
person,151,freebase,/m/09vjny,
person,151,gnd,1061778355,
person,151,imdb,nm0126021,https://www.imdb.com/title/nm0126021/
person,151,kinopoisk,40983,
person,151,loc,no00094495,
person,151,svensk_film,205021,
person,151,tmdb_person,342,https://www.themoviedb.org/person/342
person,151,twitter,Vududaddy,
person,151,viaf,73405422,
person,151,wikidata,Q1319913,https://www.wikidata.org/wiki/Q1319913
person,152,allmovie,p278336,
person,152,allocine,133868,
person,152,discogs,6002333,
person,152,freebase,/m/03nr13t,
person,152,gnd,1196035385,
person,152,imdb,nm0231458,https://www.imdb.com/title/nm0231458/
person,152,instagram,kingofbingo,
person,152,kinopoisk,22975,
person,152,loc,no2008106535,
person,152,musicbrainz_artist,23d2b3dc-3212-46d3-a26a-8114358cb972,https://musicbrainz.org/artist/23d2b3dc-3212-46d3-a26a-8114358cb972
person,152,official_website,http://www.colmandomingo.com/,http://www.colmandomingo.com/
person,152,tmdb_person,91671,https://www.themoviedb.org/person/91671
person,152,twitter,colmandomingo,
person,152,viaf,73671151,
person,152,wikidata,Q5147723,https://www.wikidata.org/wiki/Q5147723
person,153,allmovie,p301922,
person,153,allocine,66099,
person,153,bnf,14540179z,
person,153,freebase,/m/02tc5y,
person,153,gnd,132439980,
person,153,imdb,nm0199215,https://www.imdb.com/title/nm0199215/
person,153,kinopoisk,47427,
person,153,loc,no2005064026,
person,153,quora,Hugh-Dancy,
person,153,svensk_film,290145,
person,153,tmdb_person,12791,https://www.themoviedb.org/person/12791
person,153,viaf,37154088,
person,153,wikitree,Dancy-337,
person,153,wikidata,Q314603,https://www.wikidata.org/wiki/Q314603
person,154,allmovie,p355816,
person,154,allocine,93324,
person,154,bnf,17151121t,
person,154,freebase,/m/0bx0lc,
person,154,gnd,1061092372,
person,154,imdb,nm1214435,https://www.imdb.com/title/nm1214435/
person,154,kinopoisk,226952,
person,154,loc,no2006131980,
person,154,official_website,https://www.unitedagents.co.uk/charlie-cox,https://www.unitedagents.co.uk/charlie-cox
person,154,quora,Charlie-Cox-17,
person,154,svensk_film,335451,
person,154,tmdb_person,23458,https://www.themoviedb.org/person/23458
person,154,viaf,85826621,
person,154,wikitree,Cox-9734,
person,154,wikidata,Q454231,https://www.wikidata.org/wiki/Q454231
person,155,allmovie,p105748,
person,155,allocine,23915,
person,155,bnf,14214248s,
person,155,find_a_grave,51435468,
person,155,freebase,/m/07bpwm,
person,155,gnd,1105700534,
person,155,imdb,nm0329029,https://www.imdb.com/title/nm0329029/
person,155,kinopoisk,35713,
person,155,loc,no2011150579,
person,155,svensk_film,75947,
person,155,tmdb_person,15993,https://www.themoviedb.org/person/15993
person,155,viaf,120159604,
person,155,wikitree,Pataki-27,
person,155,wikidata,Q959750,https://www.wikidata.org/wiki/Q959750
person,156,allmovie,p21378,
person,156,allocine,23914,
person,156,bnf,13893613j,
person,156,freebase,/m/03jjlg,
person,156,imdb,nm0002060,https://www.imdb.com/title/nm0002060/
person,156,kinopoisk,116092,
person,156,loc,no98100753,
person,156,svensk_film,92628,
person,156,tmdb_person,779,https://www.themoviedb.org/person/779
person,156,viaf,184149196545174792503,
person,156,wikidata,Q261797,https://www.wikidata.org/wiki/Q261797
person,157,allmovie,p19645,
person,157,allocine,9623,
person,157,find_a_grave,120803990,
person,157,freebase,/m/03c4lcn,
person,157,gnd,1061542416,
person,157,imdb,nm0232655,https://www.imdb.com/title/nm0232655/
person,157,kinopoisk,187811,
person,157,loc,no95045044,
person,157,svensk_film,132399,
person,157,tmdb_person,14576,https://www.themoviedb.org/person/14576
person,157,viaf,78365013,
person,157,wikitree,Donnell-1317,
person,157,wikidata,Q275769,https://www.wikidata.org/wiki/Q275769
person,158,freebase,/m/08wfn1,
person,158,imdb,nm0382859,https://www.imdb.com/title/nm0382859/
person,158,loc,no2011000267,
person,158,tmdb_person,1213887,https://www.themoviedb.org/person/1213887
person,158,viaf,161205906,
person,158,wikidata,Q5764205,https://www.wikidata.org/wiki/Q5764205
person,159,allmovie,p17183,
person,159,allocine,23917,
person,159,bnf,155800320,
person,159,find_a_grave,14604945,
person,159,freebase,/m/04q8bj,
person,159,gnd,1061492958,
person,159,imdb,nm0203076,https://www.imdb.com/title/nm0203076/
person,159,kinopoisk,175709,
person,159,loc,no2003076152,
person,159,svensk_film,77195,
person,159,tmdb_person,16524,https://www.themoviedb.org/person/16524
person,159,viaf,2787054,
person,159,wikitree,Hersey-480,
person,159,wikidata,Q738838,https://www.wikidata.org/wiki/Q738838
person,16,allmovie,p53201,
person,16,allocine,11395,
person,16,bnf,142118341,
person,16,find_a_grave,170500668,
person,16,freebase,/m/06pp0z,
person,16,gnd,141471875,
person,16,imdb,nm0638056,https://www.imdb.com/title/nm0638056/
person,16,kinopoisk,9392,
person,16,loc,no2004061934,
person,16,quora,Bill-Nunn,
person,16,svensk_film,173067,
person,16,tmdb_person,5502,https://www.themoviedb.org/person/5502
person,16,viaf,106983393,
person,16,wikitree,Nunn-4153,
person,16,wikidata,Q279834,https://www.wikidata.org/wiki/Q279834
person,161,allmovie,p24684,
person,161,allocine,154860,
person,161,bnf,14178617n,
person,161,find_a_grave,8661,
person,161,freebase,/m/02x45lw,
person,161,imdb,nm0290179,https://www.imdb.com/title/nm0290179/
person,161,kinopoisk,171981,
person,161,loc,no2010095535,
person,161,svensk_film,154499,
person,161,tmdb_person,84327,https://www.themoviedb.org/person/84327
person,161,viaf,7598027,
person,161,wikitree,Francis-6898,
person,161,wikidata,Q15455578,https://www.wikidata.org/wiki/Q15455578
person,162,allmovie,p113347,
person,162,allocine,23912,
person,162,bnf,14044526k,
person,162,freebase,/m/076vqvm,
person,162,gnd,1229151427,
person,162,imdb,nm0841416,https://www.imdb.com/title/nm0841416/
person,162,kinopoisk,185144,
person,162,loc,nr98015017,
person,162,svensk_film,203245,
person,162,tmdb_person,133115,https://www.themoviedb.org/person/133115
person,162,viaf,24803125,
person,162,wikidata,Q3045749,https://www.wikidata.org/wiki/Q3045749
person,163,allmovie,p82481,
person,163,allocine,458093,
person,163,bnf,138916926,
person,163,freebase,/m/0bh3qdl,
person,163,gnd,104367778X,
person,163,imdb,nm0096395,https://www.imdb.com/title/nm0096395/
person,163,loc,n94005211,
person,163,svensk_film,125257,
person,163,tmdb_person,1221571,https://www.themoviedb.org/person/1221571
person,163,viaf,87331781,
person,163,wikidata,Q15435251,https://www.wikidata.org/wiki/Q15435251
person,164,freebase,/m/0jw5j1,
person,164,imdb,nm0295594,https://www.imdb.com/title/nm0295594/
person,164,loc,nr2004014046,
person,164,tmdb_person,48806,https://www.themoviedb.org/person/48806
person,164,viaf,49176968,
person,164,wikidata,Q5083197,https://www.wikidata.org/wiki/Q5083197
person,166,imdb,nm0002771,https://www.imdb.com/title/nm0002771/
person,166,tmdb_person,1811820,https://www.themoviedb.org/person/1811820
person,166,wikidata,Q104865611,https://www.wikidata.org/wiki/Q104865611
person,167,gnd,135411335,
person,167,imdb,nm0817787,https://www.imdb.com/title/nm0817787/
person,167,loc,n94087976,
person,167,musicbrainz_artist,bc419283-5184-4920-98d3-e89b335bf235,https://musicbrainz.org/artist/bc419283-5184-4920-98d3-e89b335bf235
person,167,viaf,18916105,
person,167,wikidata,Q45852887,https://www.wikidata.org/wiki/Q45852887
person,168,imdb,nm0005747,https://www.imdb.com/title/nm0005747/
person,168,tmdb_person,52759,https://www.themoviedb.org/person/52759
person,168,wikidata,Q123496266,https://www.wikidata.org/wiki/Q123496266
person,169,allmovie,p112655,
person,169,allocine,70026,
person,169,freebase,/m/0k3935,
person,169,gnd,1192709845,
person,169,imdb,nm0824473,https://www.imdb.com/title/nm0824473/
person,169,kinopoisk,951726,
person,169,loc,no96012124,
person,169,svensk_film,136412,
person,169,tmdb_person,8484,https://www.themoviedb.org/person/8484
person,169,viaf,48818194,
person,169,wikidata,Q14920558,https://www.wikidata.org/wiki/Q14920558
person,17,allmovie,p49914,
person,17,allocine,110,
person,17,bnf,140313650,
person,17,discogs,948308,
person,17,freebase,/m/02wgln,
person,17,gnd,130466824,
person,17,imdb,nm0000547,https://www.imdb.com/title/nm0000547/
person,17,kinopoisk,6225,
person,17,loc,n92092188,
person,17,musicbrainz_artist,22fe9e7d-0c47-4972-a2b7-2476e7c5002a,https://musicbrainz.org/artist/22fe9e7d-0c47-4972-a2b7-2476e7c5002a
person,17,quora,Alfred-Molina-2,
person,17,svensk_film,85414,
person,17,tmdb_person,658,https://www.themoviedb.org/person/658
person,17,viaf,27266356,
person,17,wikitree,Molina-140,
person,17,wikidata,Q296028,https://www.wikidata.org/wiki/Q296028
person,170,allocine,191936,
person,170,freebase,/m/092fmj,
person,170,imdb,nm0131622,https://www.imdb.com/title/nm0131622/
person,170,tmdb_person,130327,https://www.themoviedb.org/person/130327
person,170,viaf,100946245,
person,170,wikitree,Cameron-12887,
person,170,wikidata,Q10307042,https://www.wikidata.org/wiki/Q10307042
person,171,allmovie,p57526,
person,171,bnf,14217294p,
person,171,freebase,/m/0by42n,
person,171,imdb,nm0694277,https://www.imdb.com/title/nm0694277/
person,171,loc,no2012065996,
person,171,tmdb_person,1222004,https://www.themoviedb.org/person/1222004
person,171,viaf,249712749,
person,171,wikidata,Q3418834,https://www.wikidata.org/wiki/Q3418834
person,172,bnf,14162366c,
person,172,freebase,/m/0bj6dnn,
person,172,imdb,nm0143472,https://www.imdb.com/title/nm0143472/
person,172,loc,no2007155333,
person,172,tmdb_person,1425467,https://www.themoviedb.org/person/1425467
person,172,viaf,228714207,
person,172,wikidata,Q2384502,https://www.wikidata.org/wiki/Q2384502
person,173,allmovie,p64132,
person,173,allocine,131266,
person,173,bnf,142257207,
person,173,freebase,/m/0gc64cs,
person,173,imdb,nm0779794,https://www.imdb.com/title/nm0779794/
person,173,kinopoisk,185897,
person,173,svensk_film,122987,
person,173,tmdb_person,1221841,https://www.themoviedb.org/person/1221841
person,173,viaf,4952153653249655900008,
person,173,wikidata,Q3484444,https://www.wikidata.org/wiki/Q3484444
person,174,allmovie,p109942,
person,174,allocine,29161,
person,174,bnf,14135198j,
person,174,freebase,/m/06p_sp4,
person,174,imdb,nm0766191,https://www.imdb.com/title/nm0766191/
person,174,kinopoisk,694292,
person,174,loc,no2005104430,
person,174,svensk_film,115092,
person,174,tmdb_person,120837,https://www.themoviedb.org/person/120837
person,174,viaf,16964552,
person,174,wikidata,Q3441449,https://www.wikidata.org/wiki/Q3441449
person,175,gnd,12916755X,
person,175,viaf,52760763,
person,175,wikidata,Q139124602,https://www.wikidata.org/wiki/Q139124602
person,177,allmovie,p24108,
person,177,allocine,72599,
person,177,find_a_grave,7449659,
person,177,freebase,/m/03r2xh,
person,177,imdb,nm0284538,https://www.imdb.com/title/nm0284538/
person,177,kinopoisk,164351,
person,177,loc,no96067345,
person,177,musicbrainz_artist,336c2e3e-5248-4682-b0ea-679bc2c85c53,https://musicbrainz.org/artist/336c2e3e-5248-4682-b0ea-679bc2c85c53
person,177,svensk_film,87039,
person,177,tmdb_person,91254,https://www.themoviedb.org/person/91254
person,177,viaf,16823415,
person,177,wikidata,Q2896707,https://www.wikidata.org/wiki/Q2896707
person,178,allmovie,p49132,
person,178,allocine,117710,
person,178,bnf,155812961,
person,178,freebase,/m/0cnyds5,
person,178,imdb,nm0587333,https://www.imdb.com/title/nm0587333/
person,178,kinopoisk,65551,
person,178,svensk_film,147063,
person,178,tmdb_person,151547,https://www.themoviedb.org/person/151547
person,178,viaf,56930228,
person,178,wikitree,Milford-498,
person,178,wikidata,Q3182090,https://www.wikidata.org/wiki/Q3182090
person,179,find_a_grave,170185618,
person,179,freebase,/m/0gbynq_,
person,179,imdb,nm0066732,https://www.imdb.com/title/nm0066732/
person,179,loc,no2004110399,
person,179,tmdb_person,27126,https://www.themoviedb.org/person/27126
person,179,viaf,7111747,
person,179,wikitree,Beggs-400,
person,179,wikidata,Q27110343,https://www.wikidata.org/wiki/Q27110343
person,18,allmovie,p30676,
person,18,allocine,32676,
person,18,bnf,14053266z,
person,18,freebase,/m/07fq1y,
person,18,gnd,1015678432,
person,18,imdb,nm0365281,https://www.imdb.com/title/nm0365281/
person,18,kinopoisk,209,
person,18,loc,n85199191,
person,18,musicbrainz_artist,d97b44ae-3954-475d-b45b-20f14f70bdf4,https://musicbrainz.org/artist/d97b44ae-3954-475d-b45b-20f14f70bdf4
person,18,svensk_film,126045,
person,18,tmdb_person,18998,https://www.themoviedb.org/person/18998
person,18,viaf,76517865,
person,18,wikitree,Harris-69311,
person,18,wikidata,Q234195,https://www.wikidata.org/wiki/Q234195
person,180,allmovie,p16938,
person,180,allocine,15100,
person,180,bnf,14011311n,
person,180,discogs,1184771,
person,180,freebase,/m/01ft2l,
person,180,gnd,140970800,
person,180,imdb,nm0001101,https://www.imdb.com/title/nm0001101/
person,180,instagram,teddanson,
person,180,kinopoisk,26540,
person,180,loc,n88034817,
person,180,musicbrainz_artist,76349374-5eaf-4919-960b-7859744cf4b7,https://musicbrainz.org/artist/76349374-5eaf-4919-960b-7859744cf4b7
person,180,quora,Ted-Danson,
person,180,svensk_film,91445,
person,180,tmdb_person,12836,https://www.themoviedb.org/person/12836
person,180,twitter,teddanson,
person,180,viaf,111833423,
person,180,wikitree,Danson-14,
person,180,wikidata,Q381203,https://www.wikidata.org/wiki/Q381203
person,181,allmovie,p102066,
person,181,bnf,14120424d,
person,181,freebase,/m/0dm1ssg,
person,181,imdb,nm0568228,https://www.imdb.com/title/nm0568228/
person,181,kinopoisk,178635,
person,181,loc,no98068563,
person,181,svensk_film,215810,
person,181,tmdb_person,15702,https://www.themoviedb.org/person/15702
person,181,viaf,295494478,
person,181,wikidata,Q3035839,https://www.wikidata.org/wiki/Q3035839
person,182,imdb,nm0796971,https://www.imdb.com/title/nm0796971/
person,182,tmdb_person,40379,https://www.themoviedb.org/person/40379
person,182,wikidata,Q131321954,https://www.wikidata.org/wiki/Q131321954
person,183,bnf,14109898t,
person,183,discogs,1340545,
person,183,freebase,/m/0sly4t1,
person,183,gnd,1024539830,
person,183,imdb,nm0006149,https://www.imdb.com/title/nm0006149/
person,183,loc,n87115737,
person,183,musicbrainz_artist,fe9b050a-e7b5-4048-bdee-2b37b3a77baf,https://musicbrainz.org/artist/fe9b050a-e7b5-4048-bdee-2b37b3a77baf
person,183,official_website,https://www.danakaproffmusic.com/,https://www.danakaproffmusic.com/
person,183,tmdb_person,96286,https://www.themoviedb.org/person/96286
person,183,twitter,DanaKaproff,
person,183,viaf,54354098,
person,183,wikidata,Q1159227,https://www.wikidata.org/wiki/Q1159227
person,185,allmovie,p159882,
person,185,allocine,103312,
person,185,freebase,/m/0t5gky6,
person,185,imdb,nm0241524,https://www.imdb.com/title/nm0241524/
person,185,kinopoisk,2011375,
person,185,tmdb_person,930561,https://www.themoviedb.org/person/930561
person,185,viaf,311394408,
person,185,wikidata,Q19502250,https://www.wikidata.org/wiki/Q19502250
person,186,gnd,134502795,
person,186,viaf,24387892,
person,186,wikidata,Q133718521,https://www.wikidata.org/wiki/Q133718521
person,187,imdb,nm0847544,https://www.imdb.com/title/nm0847544/
person,187,tmdb_person,1621872,https://www.themoviedb.org/person/1621872
person,187,wikidata,Q11599160,https://www.wikidata.org/wiki/Q11599160
person,188,bnf,17911020r,
person,188,freebase,/m/0j_1q0l,
person,188,imdb,nm2952841,https://www.imdb.com/title/nm2952841/
person,188,loc,no2013036657,
person,188,musicbrainz_artist,55c3b137-e0fc-4865-8297-d199213a6819,https://musicbrainz.org/artist/55c3b137-e0fc-4865-8297-d199213a6819
person,188,tmdb_person,85283,https://www.themoviedb.org/person/85283
person,188,viaf,256550895,
person,188,wikidata,Q11668666,https://www.wikidata.org/wiki/Q11668666
person,189,freebase,/m/06w1qsk,
person,189,imdb,nm2120520,https://www.imdb.com/title/nm2120520/
person,189,musicbrainz_artist,10c1caf3-805e-454a-b59c-96456e7e056f,https://musicbrainz.org/artist/10c1caf3-805e-454a-b59c-96456e7e056f
person,189,tmdb_person,1096135,https://www.themoviedb.org/person/1096135
person,189,viaf,259858538,
person,189,wikidata,Q568876,https://www.wikidata.org/wiki/Q568876
person,19,allmovie,p200520,
person,19,allocine,30150,
person,19,discogs,1474252,
person,19,freebase,/m/06bhxw,
person,19,gnd,135022509,
person,19,imdb,nm0614220,https://www.imdb.com/title/nm0614220/
person,19,kinopoisk,10663,
person,19,loc,no95019816,
person,19,musicbrainz_artist,447f856a-07c4-4317-a5dc-f7e7bd24e8de,https://musicbrainz.org/artist/447f856a-07c4-4317-a5dc-f7e7bd24e8de
person,19,official_website,http://www.donnamurphy.com/,http://www.donnamurphy.com/
person,19,svensk_film,216346,
person,19,tmdb_person,2517,https://www.themoviedb.org/person/2517
person,19,viaf,78361224,
person,19,wikidata,Q439457,https://www.wikidata.org/wiki/Q439457
person,190,freebase,/m/0n3lpdk,
person,190,imdb,nm0948993,https://www.imdb.com/title/nm0948993/
person,190,tmdb_person,1322283,https://www.themoviedb.org/person/1322283
person,190,wikidata,Q11413104,https://www.wikidata.org/wiki/Q11413104
person,192,allmovie,p108502,
person,192,allocine,5720,
person,192,bnf,13899060v,
person,192,discogs,1593502,
person,192,find_a_grave,76310181,
person,192,freebase,/m/015gsv,
person,192,gnd,13859211X,
person,192,imdb,nm0731772,https://www.imdb.com/title/nm0731772/
person,192,kinopoisk,8874,
person,192,loc,n81124524,
person,192,official_website,http://www.cliffrobertson.info,http://www.cliffrobertson.info
person,192,svensk_film,94465,
person,192,tmdb_person,19153,https://www.themoviedb.org/person/19153
person,192,viaf,90670136,
person,192,wikitree,Robertson-11171,
person,192,wikidata,Q181899,https://www.wikidata.org/wiki/Q181899
person,193,allmovie,p54938,
person,193,allocine,120476,
person,193,freebase,/m/02vntkl,
person,193,imdb,nm0660244,https://www.imdb.com/title/nm0660244/
person,193,kinopoisk,24113,
person,193,loc,no2016123519,
person,193,official_website,http://www.michaelpapajohn.com/,http://www.michaelpapajohn.com/
person,193,svensk_film,225292,
person,193,tmdb_person,20582,https://www.themoviedb.org/person/20582
person,193,viaf,4781147665824860670007,
person,193,wikidata,Q948751,https://www.wikidata.org/wiki/Q948751
person,194,allmovie,p107427,
person,194,allocine,3556,
person,194,bnf,140014331,
person,194,discogs,1710849,
person,194,freebase,/m/072vj,
person,194,gnd,122787862,
person,194,imdb,nm0000600,https://www.imdb.com/title/nm0000600/
person,194,kinopoisk,9940,
person,194,loc,nr95006343,
person,194,musicbrainz_artist,e7d2fbaa-5215-474b-970c-2f598c06329b,https://musicbrainz.org/artist/e7d2fbaa-5215-474b-970c-2f598c06329b
person,194,quora,Sam-Raimi-director,
person,194,svensk_film,105557,
person,194,tmdb_person,7623,https://www.themoviedb.org/person/7623
person,194,viaf,84318641,
person,194,wikidata,Q275402,https://www.wikidata.org/wiki/Q275402
person,195,allmovie,p97774,
person,195,allocine,27833,
person,195,bnf,13992389w,
person,195,freebase,/m/02x_m1,
person,195,gnd,123916739,
person,195,imdb,nm0462895,https://www.imdb.com/title/nm0462895/
person,195,instagram,dgkoepp,
person,195,kinopoisk,132486,
person,195,loc,n92121843,
person,195,musicbrainz_artist,89d09c27-2035-4b92-8170-1b508e1f38c6,https://musicbrainz.org/artist/89d09c27-2035-4b92-8170-1b508e1f38c6
person,195,svensk_film,179890,
person,195,tmdb_person,508,https://www.themoviedb.org/person/508
person,195,viaf,100913645,
person,195,wikidata,Q270178,https://www.wikidata.org/wiki/Q270178
person,196,allmovie,p118001,
person,196,bnf,123043013,
person,196,find_a_grave,71531726,
person,196,freebase,/m/0dfphs,
person,196,gnd,1012974006,
person,196,imdb,nm0957205,https://www.imdb.com/title/nm0957205/
person,196,loc,n93100979,
person,196,tmdb_person,7627,https://www.themoviedb.org/person/7627
person,196,viaf,49291202,
person,196,wikidata,Q270533,https://www.wikidata.org/wiki/Q270533
person,197,freebase,/m/05mvd62,
person,197,gnd,1061357678,
person,197,imdb,nm0117290,https://www.imdb.com/title/nm0117290/
person,197,loc,no2002074520,
person,197,tmdb_person,9987,https://www.themoviedb.org/person/9987
person,197,viaf,87025606,
person,197,wikidata,Q536964,https://www.wikidata.org/wiki/Q536964
person,198,allmovie,p88821,
person,198,allocine,41655,
person,198,bnf,139401487,
person,198,discogs,75864,
person,198,freebase,/m/02bh9,
person,198,gnd,129985325,
person,198,imdb,nm0000384,https://www.imdb.com/title/nm0000384/
person,198,instagram,dannyelfman,
person,198,kinopoisk,9966,
person,198,loc,n91078009,
person,198,musicbrainz_artist,5b24fbab-c58f-4c37-a59d-ab232e2d98c4,https://musicbrainz.org/artist/5b24fbab-c58f-4c37-a59d-ab232e2d98c4
person,198,official_website,https://www.dannyelfman.com/,https://www.dannyelfman.com/
person,198,quora,Danny-Elfman,
person,198,svensk_film,111375,
person,198,tmdb_person,531,https://www.themoviedb.org/person/531
person,198,twitter,dannyelfman,
person,198,viaf,12496007,
person,198,wikidata,Q193338,https://www.wikidata.org/wiki/Q193338
person,199,allmovie,p83553,
person,199,allocine,41815,
person,199,bnf,140247392,
person,199,freebase,/m/05f3jz_,
person,199,gnd,138263078,
person,199,imdb,nm0121281,https://www.imdb.com/title/nm0121281/
person,199,kinopoisk,85510,
person,199,loc,no2006059564,
person,199,svensk_film,187141,
person,199,tmdb_person,36,https://www.themoviedb.org/person/36
person,199,viaf,93756666,
person,199,wikidata,Q484980,https://www.wikidata.org/wiki/Q484980
person,2,allmovie,p75856,
person,2,allocine,23916,
person,2,bnf,142388402,
person,2,find_a_grave,23418,
person,2,freebase,/m/084mqy,
person,2,gnd,142002798,
person,2,imdb,nm0924668,https://www.imdb.com/title/nm0924668/
person,2,kinopoisk,153813,
person,2,loc,n2009076646,
person,2,svensk_film,103454,
person,2,tmdb_person,141694,https://www.themoviedb.org/person/141694
person,2,viaf,69142398,
person,2,wikitree,White-58083,
person,2,wikidata,Q535967,https://www.wikidata.org/wiki/Q535967
person,20,allmovie,p352624,
person,20,allocine,90556,
person,20,bnf,150205715,
person,20,freebase,/m/06g0q4,
person,20,gnd,137190492,
person,20,imdb,nm0319171,https://www.imdb.com/title/nm0319171/
person,20,instagram,mr.danielgillies,
person,20,kinopoisk,223232,
person,20,loc,no2005037625,
person,20,svensk_film,335501,
person,20,tmdb_person,19154,https://www.themoviedb.org/person/19154
person,20,twitter,danieljgillies,
person,20,viaf,76595013,
person,20,wikidata,Q512006,https://www.wikidata.org/wiki/Q512006
person,200,allmovie,p103814,
person,200,allocine,56206,
person,200,freebase,/m/026h5vp,
person,200,gnd,139911251,
person,200,imdb,nm0613657,https://www.imdb.com/title/nm0613657/
person,200,kinopoisk,1976030,
person,200,loc,no2010062394,
person,200,svensk_film,199125,
person,200,tmdb_person,7712,https://www.themoviedb.org/person/7712
person,200,viaf,102743228,
person,200,wikidata,Q888156,https://www.wikidata.org/wiki/Q888156
person,201,freebase,/m/0jsx2y,
person,201,gnd,1062335295,
person,201,imdb,nm0167986,https://www.imdb.com/title/nm0167986/
person,201,loc,no92010220,
person,201,tmdb_person,800,https://www.themoviedb.org/person/800
person,201,viaf,311710032,
person,201,wikidata,Q28704998,https://www.wikidata.org/wiki/Q28704998
person,202,allmovie,p3389,
person,202,allocine,26802,
person,202,bnf,14152221x,
person,202,freebase,/m/07nx9j,
person,202,gnd,173752748,
person,202,imdb,nm0048414,https://www.imdb.com/title/nm0048414/
person,202,kinopoisk,3102,
person,202,loc,no98115277,
person,202,musicbrainz_artist,8aed89e9-9f25-429a-885b-1617a381d9ff,https://musicbrainz.org/artist/8aed89e9-9f25-429a-885b-1617a381d9ff
person,202,svensk_film,187564,
person,202,tmdb_person,19152,https://www.themoviedb.org/person/19152
person,202,viaf,44508065,
person,202,wikidata,Q726128,https://www.wikidata.org/wiki/Q726128
person,203,allmovie,p109892,
person,203,bnf,139836334,
person,203,freebase,/m/06ng0q,
person,203,gnd,138559686,
person,203,imdb,nm0765091,https://www.imdb.com/title/nm0765091/
person,203,loc,n87139464,
person,203,svensk_film,76766,
person,203,tmdb_person,7630,https://www.themoviedb.org/person/7630
person,203,viaf,86543534,
person,203,wikidata,Q449238,https://www.wikidata.org/wiki/Q449238
person,204,allmovie,p241078,
person,204,allocine,53281,
person,204,bnf,146288903,
person,204,freebase,/m/02x_cx,
person,204,gnd,1015176933,
person,204,imdb,nm0332184,https://www.imdb.com/title/nm0332184/
person,204,kinopoisk,29853,
person,204,loc,no2004010006,
person,204,svensk_film,257790,
person,204,tmdb_person,18924,https://www.themoviedb.org/person/18924
person,204,viaf,15027292,
person,204,wikidata,Q622651,https://www.wikidata.org/wiki/Q622651
person,205,bnf,14121664f,
person,205,freebase,/m/02x_ck,
person,205,gnd,1079818081,
person,205,imdb,nm0587692,https://www.imdb.com/title/nm0587692/
person,205,loc,n2009009276,
person,205,tmdb_person,18923,https://www.themoviedb.org/person/18923
person,205,viaf,46968571,
person,205,wikidata,Q1074029,https://www.wikidata.org/wiki/Q1074029
person,206,bnf,12105261k,
person,206,discogs,4016332,
person,206,freebase,/m/0p8jf,
person,206,gnd,120518252,
person,206,imdb,nm0149290,https://www.imdb.com/title/nm0149290/
person,206,instagram,michael.chabon,
person,206,loc,n87915233,
person,206,musicbrainz_artist,a81bcdd9-dbac-428b-80d0-af5367c7ea55,https://musicbrainz.org/artist/a81bcdd9-dbac-428b-80d0-af5367c7ea55
person,206,official_website,http://www.michaelchabon.com/,http://www.michaelchabon.com/
person,206,tmdb_person,67758,https://www.themoviedb.org/person/67758
person,206,viaf,49255278,
person,206,wikidata,Q313466,https://www.wikidata.org/wiki/Q313466
person,207,allmovie,p242576,
person,207,allocine,73151,
person,207,bnf,165175782,
person,207,freebase,/m/02xnjd,
person,207,gnd,1061847578,
person,207,imdb,nm0032696,https://www.imdb.com/title/nm0032696/
person,207,kinopoisk,8281,
person,207,loc,no2005002526,
person,207,musicbrainz_artist,f87c87cf-0fba-4cbe-a86d-5c9b2e985656,https://musicbrainz.org/artist/f87c87cf-0fba-4cbe-a86d-5c9b2e985656
person,207,svensk_film,265669,
person,207,tmdb_person,7626,https://www.themoviedb.org/person/7626
person,207,viaf,29255553,
person,207,wikidata,Q545394,https://www.wikidata.org/wiki/Q545394
person,208,allmovie,p106840,
person,208,allocine,46364,
person,208,bnf,140618519,
person,208,freebase,/m/0ctsk9,
person,208,gnd,137763077,
person,208,imdb,nm0691084,https://www.imdb.com/title/nm0691084/
person,208,kinopoisk,278101,
person,208,loc,no2001055275,
person,208,musicbrainz_artist,2e3d38f2-3bf0-44f0-8514-eb5c89abbb79,https://musicbrainz.org/artist/2e3d38f2-3bf0-44f0-8514-eb5c89abbb79
person,208,svensk_film,187519,
person,208,tmdb_person,9341,https://www.themoviedb.org/person/9341
person,208,viaf,86455004,
person,208,wikidata,Q795025,https://www.wikidata.org/wiki/Q795025
person,209,freebase,/m/08_ld86,
person,209,gnd,108195907X,
person,209,imdb,nm0819105,https://www.imdb.com/title/nm0819105/
person,209,loc,no2012148446,
person,209,tmdb_person,11411,https://www.themoviedb.org/person/11411
person,209,viaf,285813167,
person,209,wikidata,Q18224176,https://www.wikidata.org/wiki/Q18224176
person,21,allmovie,p195520,
person,21,allocine,18217,
person,21,bnf,14164639s,
person,21,freebase,/m/0341n5,
person,21,gnd,140632298,
person,21,imdb,nm0002006,https://www.imdb.com/title/nm0002006/
person,21,kinopoisk,12841,
person,21,loc,no95036290,
person,21,svensk_film,248240,
person,21,tmdb_person,19159,https://www.themoviedb.org/person/19159
person,21,viaf,34666687,
person,21,wikidata,Q311615,https://www.wikidata.org/wiki/Q311615
person,210,allmovie,p242491,
person,210,allocine,46687,
person,210,bnf,14623314d,
person,210,freebase,/m/028r4y,
person,210,gnd,1019538759,
person,210,imdb,nm0333410,https://www.imdb.com/title/nm0333410/
person,210,instagram,tophergrace,
person,210,kinopoisk,30099,
person,210,loc,no2004095610,
person,210,svensk_film,287175,
person,210,tmdb_person,17052,https://www.themoviedb.org/person/17052
person,210,twitter,TopherGrace,
person,210,viaf,69184744,
person,210,wikidata,Q277978,https://www.wikidata.org/wiki/Q277978
person,211,allmovie,p107426,
person,211,allocine,56735,
person,211,bnf,14130619k,
person,211,freebase,/m/0gmjf8,
person,211,gnd,139516255,
person,211,imdb,nm0706898,https://www.imdb.com/title/nm0706898/
person,211,kinopoisk,111436,
person,211,loc,n2006059168,
person,211,svensk_film,187518,
person,211,tmdb_person,7629,https://www.themoviedb.org/person/7629
person,211,viaf,59291977,
person,211,wikidata,Q1134855,https://www.wikidata.org/wiki/Q1134855
person,212,freebase,/m/0kt3gw,
person,212,imdb,nm0193344,https://www.imdb.com/title/nm0193344/
person,212,loc,n2007000686,
person,212,tmdb_person,7628,https://www.themoviedb.org/person/7628
person,212,viaf,14212863,
person,212,wikidata,Q1027954,https://www.wikidata.org/wiki/Q1027954
person,213,allmovie,p78140,
person,213,allocine,39486,
person,213,bnf,139922183,
person,213,discogs,92649,
person,213,freebase,/m/0fpjyd,
person,213,gnd,131606530,
person,213,imdb,nm0002366,https://www.imdb.com/title/nm0002366/
person,213,instagram,officialchristopheryoung,
person,213,kinopoisk,148114,
person,213,loc,n91126255,
person,213,musicbrainz_artist,53d8a593-c5e9-4af8-9657-d3bf19b1bb89,https://musicbrainz.org/artist/53d8a593-c5e9-4af8-9657-d3bf19b1bb89
person,213,official_website,https://officialchristopheryoung.com/,https://officialchristopheryoung.com/
person,213,svensk_film,112422,
person,213,tmdb_person,19155,https://www.themoviedb.org/person/19155
person,213,twitter,ImChrisYoung,
person,213,viaf,37111511,
person,213,wikidata,Q504078,https://www.wikidata.org/wiki/Q504078
person,214,allmovie,p111083,
person,214,allocine,373,
person,214,bnf,138997227,
person,214,discogs,434700,
person,214,freebase,/m/0hvb2,
person,214,gnd,118943901,
person,214,imdb,nm0000640,https://www.imdb.com/title/nm0000640/
person,214,kinopoisk,20262,
person,214,loc,n81120306,
person,214,musicbrainz_artist,59c8271c-0a9d-4bd3-ba53-7a3a0a250a30,https://musicbrainz.org/artist/59c8271c-0a9d-4bd3-ba53-7a3a0a250a30
person,214,svensk_film,87673,
person,214,tmdb_person,8349,https://www.themoviedb.org/person/8349
person,214,viaf,117367418,
person,214,wikitree,Estévez-12,
person,214,wikidata,Q184572,https://www.wikidata.org/wiki/Q184572
person,215,allmovie,p89714,
person,215,allocine,119,
person,215,bnf,138939183,
person,215,discogs,1731693,
person,215,freebase,/m/01jw4r,
person,215,gnd,118955721,
person,215,imdb,nm0000398,https://www.imdb.com/title/nm0000398/
person,215,instagram,sallyfield,
person,215,kinopoisk,13477,
person,215,loc,n86129571,
person,215,musicbrainz_artist,dab64926-fbf3-4a87-9ac2-a0c8029a4074,https://musicbrainz.org/artist/dab64926-fbf3-4a87-9ac2-a0c8029a4074
person,215,svensk_film,76257,
person,215,tmdb_person,35,https://www.themoviedb.org/person/35
person,215,twitter,sally_field,
person,215,viaf,49407912,
person,215,wikitree,Field-885,
person,215,wikidata,Q187033,https://www.wikidata.org/wiki/Q187033
person,216,allmovie,p17230,
person,216,allocine,17376,
person,216,bnf,14029621x,
person,216,freebase,/m/034b7r,
person,216,gnd,129297216,
person,216,imdb,nm0001110,https://www.imdb.com/title/nm0001110/
person,216,instagram,embethdavidtz,
person,216,kinopoisk,21893,
person,216,loc,no97013527,
person,216,svensk_film,187524,
person,216,tmdb_person,6368,https://www.themoviedb.org/person/6368
person,216,twitter,EmbethDavidtz,
person,216,viaf,85561477,
person,216,wikidata,Q260622,https://www.wikidata.org/wiki/Q260622
person,217,allmovie,p306794,
person,217,allocine,190782,
person,217,bnf,14145078v,
person,217,discogs,1500191,
person,217,freebase,/m/072kwz,
person,217,gnd,140918191,
person,217,imdb,nm1989536,https://www.imdb.com/title/nm1989536/
person,217,kinopoisk,1158870,
person,217,loc,no2003057209,
person,217,musicbrainz_artist,9b55dd30-54c3-45dd-b15f-d4f34583672b,https://musicbrainz.org/artist/9b55dd30-54c3-45dd-b15f-d4f34583672b
person,217,quora,Marc-Webb-movie-director,
person,217,svensk_film,390971,
person,217,tmdb_person,87742,https://www.themoviedb.org/person/87742
person,217,twitter,MarcW,
person,217,viaf,107886987,
person,217,wikidata,Q357998,https://www.wikidata.org/wiki/Q357998
person,218,allmovie,p354606,
person,218,allocine,66731,
person,218,bnf,14484462p,
person,218,freebase,/m/03cdxrl,
person,218,gnd,142158917,
person,218,imdb,nm0888743,https://www.imdb.com/title/nm0888743/
person,218,kinopoisk,31968,
person,218,loc,no2004056327,
person,218,svensk_film,312408,
person,218,tmdb_person,20204,https://www.themoviedb.org/person/20204
person,218,viaf,32224505,
person,218,wikidata,Q919049,https://www.wikidata.org/wiki/Q919049
person,219,allmovie,p97662,
person,219,allocine,12468,
person,219,bnf,14071473q,
person,219,discogs,1538839,
person,219,freebase,/m/06_pw0,
person,219,gnd,120275465,
person,219,imdb,nm0460141,https://www.imdb.com/title/nm0460141/
person,219,kinopoisk,10093,
person,219,loc,n88034918,
person,219,tmdb_person,10967,https://www.themoviedb.org/person/10967
person,219,viaf,216494,
person,219,wikidata,Q362061,https://www.wikidata.org/wiki/Q362061
person,22,allmovie,p367460,
person,22,allocine,91615,
person,22,bnf,14641414m,
person,22,freebase,/m/03kbb8,
person,22,gnd,137823967,
person,22,imdb,nm0397171,https://www.imdb.com/title/nm0397171/
person,22,instagram,brycedhoward,
person,22,kinopoisk,8965,
person,22,loc,no2005107483,
person,22,musicbrainz_artist,c7372bb4-831b-4030-82ca-160ac8263f9d,https://musicbrainz.org/artist/c7372bb4-831b-4030-82ca-160ac8263f9d
person,22,official_website,https://brycedhoward.com/,https://brycedhoward.com/
person,22,svensk_film,324892,
person,22,tmdb_person,18997,https://www.themoviedb.org/person/18997
person,22,twitter,BryceDHoward,
person,22,viaf,84235017,
person,22,wikidata,Q229775,https://www.wikidata.org/wiki/Q229775
person,220,imdb,nm0866157,https://www.imdb.com/title/nm0866157/
person,220,loc,no2012142851,
person,220,tmdb_person,977941,https://www.themoviedb.org/person/977941
person,220,viaf,286656634,
person,220,wikidata,Q42898094,https://www.wikidata.org/wiki/Q42898094
person,221,allmovie,p94866,
person,221,allocine,11398,
person,221,bnf,13930943h,
person,221,discogs,39575,
person,221,find_a_grave,148172476,
person,221,freebase,/m/02cyfz,
person,221,gnd,129577375,
person,221,imdb,nm0000035,https://www.imdb.com/title/nm0000035/
person,221,kinopoisk,163573,
person,221,loc,n83066279,
person,221,musicbrainz_artist,679ec43c-bc04-4bb0-b619-2da702a214ba,https://musicbrainz.org/artist/679ec43c-bc04-4bb0-b619-2da702a214ba
person,221,official_website,http://www.jameshorner.de/,http://www.jameshorner.de/
person,221,quora,James-Horner,
person,221,svensk_film,86222,
person,221,tmdb_person,1729,https://www.themoviedb.org/person/1729
person,221,viaf,7577247,
person,221,wikitree,Horner-941,
person,221,wikidata,Q106221,https://www.wikidata.org/wiki/Q106221
person,222,allmovie,p110492,
person,222,allocine,41006,
person,222,freebase,/m/06t2z7,
person,222,gnd,139081658,
person,222,imdb,nm0006701,https://www.imdb.com/title/nm0006701/
person,222,kinopoisk,74308,
person,222,loc,no2010192658,
person,222,svensk_film,187888,
person,222,tmdb_person,892,https://www.themoviedb.org/person/892
person,222,viaf,53054121,
person,222,wikitree,Schwartzman-18,
person,222,wikidata,Q1370528,https://www.wikidata.org/wiki/Q1370528
person,223,freebase,/m/0jt6bd,
person,223,gnd,1062483103,
person,223,imdb,nm0068008,https://www.imdb.com/title/nm0068008/
person,223,tmdb_person,66519,https://www.themoviedb.org/person/66519
person,223,viaf,78517554,
person,223,wikidata,Q95855736,https://www.wikidata.org/wiki/Q95855736
person,224,allmovie,p110044,
person,224,allocine,45806,
person,224,freebase,/m/0bn3jg,
person,224,gnd,129751634,
person,224,imdb,nm0768817,https://www.imdb.com/title/nm0768817/
person,224,kinopoisk,34305,
person,224,loc,no2004080940,
person,224,svensk_film,178300,
person,224,tmdb_person,950,https://www.themoviedb.org/person/950
person,224,viaf,90314551,
person,224,wikidata,Q1970454,https://www.wikidata.org/wiki/Q1970454
person,225,allmovie,p335072,
person,225,allocine,98549,
person,225,bnf,15018774g,
person,225,freebase,/m/09pl3f,
person,225,gnd,137633629,
person,225,imdb,nm0476064,https://www.imdb.com/title/nm0476064/
person,225,kinopoisk,223783,
person,225,loc,n2006036342,
person,225,svensk_film,337806,
person,225,tmdb_person,15345,https://www.themoviedb.org/person/15345
person,225,viaf,7664930,
person,225,wikidata,Q432598,https://www.wikidata.org/wiki/Q432598
person,226,allmovie,p359020,
person,226,allocine,98550,
person,226,bnf,15018772s,
person,226,freebase,/m/09pl3s,
person,226,gnd,132159864,
person,226,imdb,nm0649460,https://www.imdb.com/title/nm0649460/
person,226,kinopoisk,223784,
person,226,loc,no2006005024,
person,226,svensk_film,337808,
person,226,tmdb_person,15346,https://www.themoviedb.org/person/15346
person,226,viaf,86506610,
person,226,wikidata,Q467500,https://www.wikidata.org/wiki/Q467500
person,227,allmovie,p298493,
person,227,allocine,106205,
person,227,bnf,16568046b,
person,227,freebase,/m/0dxz71,
person,227,gnd,1153780844,
person,227,imdb,nm0684374,https://www.imdb.com/title/nm0684374/
person,227,kinopoisk,663734,
person,227,loc,no2014144574,
person,227,svensk_film,456998,
person,227,tmdb_person,168309,https://www.themoviedb.org/person/168309
person,227,viaf,231353993,
person,227,wikidata,Q3267145,https://www.wikidata.org/wiki/Q3267145
person,228,allmovie,p117980,
person,228,allocine,40066,
person,228,bnf,13926736x,
person,228,discogs,59656,
person,228,freebase,/m/0150t6,
person,228,gnd,124119026,
person,228,imdb,nm0001877,https://www.imdb.com/title/nm0001877/
person,228,instagram,hanszimmer,
person,228,kinopoisk,50590,
person,228,loc,n92010382,
person,228,musicbrainz_artist,e6de1f3b-6484-491c-88dd-6d619f142abc,https://musicbrainz.org/artist/e6de1f3b-6484-491c-88dd-6d619f142abc
person,228,official_website,https://hans-zimmer.com/,https://hans-zimmer.com/
person,228,quora,Hans-Zimmer,
person,228,svensk_film,177672,
person,228,tmdb_person,947,https://www.themoviedb.org/person/947
person,228,twitter,HansZimmer,
person,228,viaf,74039886,
person,228,wikitree,Zimmer-2068,
person,228,wikidata,Q76364,https://www.wikidata.org/wiki/Q76364
person,23,allmovie,p15842,
person,23,allocine,20967,
person,23,bnf,14031274p,
person,23,discogs,940982,
person,23,freebase,/m/024bbl,
person,23,gnd,135614090,
person,23,imdb,nm0000342,https://www.imdb.com/title/nm0000342/
person,23,kinopoisk,20664,
person,23,loc,no97003587,
person,23,svensk_film,99400,
person,23,tmdb_person,2505,https://www.themoviedb.org/person/2505
person,23,viaf,85737519,
person,23,wikidata,Q299483,https://www.wikidata.org/wiki/Q299483
person,230,allocine,71650,
person,230,freebase,/m/03qcng0,
person,230,gnd,137644914,
person,230,imdb,nm0591053,https://www.imdb.com/title/nm0591053/
person,230,instagram,dan_mindel,
person,230,kinopoisk,610174,
person,230,loc,no2006035964,
person,230,tmdb_person,15348,https://www.themoviedb.org/person/15348
person,230,viaf,166109212,
person,230,wikidata,Q969766,https://www.wikidata.org/wiki/Q969766
person,231,allmovie,p688356,
person,231,allocine,512064,
person,231,bnf,167253506,
person,231,discogs,2608382,
person,231,freebase,/m/0ddf18x,
person,231,gnd,1152226967,
person,231,imdb,nm3918035,https://www.imdb.com/title/nm3918035/
person,231,instagram,zendaya,
person,231,kinopoisk,2317683,
person,231,loc,no2011134244,
person,231,musicbrainz_artist,5b946a83-b395-4016-b67f-c71690f9a866,https://musicbrainz.org/artist/5b946a83-b395-4016-b67f-c71690f9a866
person,231,official_website,https://www.zendaya.com/,https://www.zendaya.com/
person,231,omni,d6ef7b04-89b4-4534-8faf-8aa581dd99d9,
person,231,quora,Zendaya-actor,
person,231,svensk_film,530795,
person,231,tmdb_person,505710,https://www.themoviedb.org/person/505710
person,231,twitter,Zendaya,
person,231,viaf,181358265,
person,231,wikitree,Coleman-4442,
person,231,wikidata,Q189489,https://www.wikidata.org/wiki/Q189489
person,232,allmovie,an308909,
person,232,allocine,716939,
person,232,freebase,/m/010rc4rt,
person,232,imdb,nm5637553,https://www.imdb.com/title/nm5637553/
person,232,instagram,lauraharrier,
person,232,kinopoisk,3219773,
person,232,loc,no2017135499,
person,232,tmdb_person,1606394,https://www.themoviedb.org/person/1606394
person,232,twitter,lauraharrier,
person,232,viaf,4779150869804322190001,
person,232,wikidata,Q23894602,https://www.wikidata.org/wiki/Q23894602
person,233,allmovie,p613323,
person,233,allocine,209532,
person,233,bnf,169906242,
person,233,discogs,2482309,
person,233,freebase,/m/02778wm,
person,233,gnd,1080200975,
person,233,imdb,nm2255973,https://www.imdb.com/title/nm2255973/
person,233,instagram,childishgambino,
person,233,kinopoisk,1187065,
person,233,loc,no2011164117,
person,233,musicbrainz_artist,1ba01bce-7f32-4d72-a5d9-34930b191656,https://musicbrainz.org/artist/1ba01bce-7f32-4d72-a5d9-34930b191656
person,233,official_website,http://donaldgloverpresents.com/,http://donaldgloverpresents.com/
person,233,quora,Donald-Glover-comedian,
person,233,svensk_film,463905,
person,233,tmdb_person,119589,https://www.themoviedb.org/person/119589
person,233,twitter,donaldglover,
person,233,viaf,187363498,
person,233,wikitree,Glover-9786,
person,233,wikidata,Q1239933,https://www.wikidata.org/wiki/Q1239933
person,234,allmovie,p712428,
person,234,allocine,496179,
person,234,bnf,170572263,
person,234,freebase,/m/0k6p6lk,
person,234,gnd,1077844506,
person,234,imdb,nm1218281,https://www.imdb.com/title/nm1218281/
person,234,instagram,jnwtts,
person,234,kinopoisk,2258255,
person,234,loc,no2015143069,
person,234,musicbrainz_artist,ad7e26e9-84a9-43bf-b574-7a31626f7c6e,https://musicbrainz.org/artist/ad7e26e9-84a9-43bf-b574-7a31626f7c6e
person,234,official_website,http://jonwatts.tv/,http://jonwatts.tv/
person,234,svensk_film,463411,
person,234,tmdb_person,1293994,https://www.themoviedb.org/person/1293994
person,234,twitter,jnwtts,
person,234,viaf,430144782715309921243,
person,234,wikidata,Q18519749,https://www.wikidata.org/wiki/Q18519749
person,235,allmovie,p340621,
person,235,allocine,234902,
person,235,bnf,16602341x,
person,235,freebase,/m/0h2_pg4,
person,235,gnd,1084019175,
person,235,imdb,nm0326246,https://www.imdb.com/title/nm0326246/
person,235,kinopoisk,677823,
person,235,loc,no2012092873,
person,235,svensk_film,424576,
person,235,tmdb_person,1236679,https://www.themoviedb.org/person/1236679
person,235,viaf,3681156317459202350002,
person,235,wikidata,Q6273224,https://www.wikidata.org/wiki/Q6273224
person,236,allmovie,p359178,
person,236,allocine,104764,
person,236,bnf,166023381,
person,236,freebase,/m/06q4rp,
person,236,gnd,1084019027,
person,236,imdb,nm0197855,https://www.imdb.com/title/nm0197855/
person,236,kinopoisk,34568,
person,236,loc,nr2002000983,
person,236,musicbrainz_artist,eba94152-8143-4650-8907-f5e9adffd9a6,https://musicbrainz.org/artist/eba94152-8143-4650-8907-f5e9adffd9a6
person,236,quora,John-Francis-Daley,
person,236,svensk_film,312687,
person,236,tmdb_person,52935,https://www.themoviedb.org/person/52935
person,236,twitter,JohnFDaley,
person,236,viaf,61478832,
person,236,wikidata,Q342636,https://www.wikidata.org/wiki/Q342636
person,237,allmovie,p707601,
person,237,allocine,260574,
person,237,freebase,/m/0gcm19g,
person,237,imdb,nm1755986,https://www.imdb.com/title/nm1755986/
person,237,kinopoisk,1068752,
person,237,svensk_film,448541,
person,237,tmdb_person,101814,https://www.themoviedb.org/person/101814
person,237,wikidata,Q26268901,https://www.wikidata.org/wiki/Q26268901
person,238,allmovie,p481247,
person,238,allocine,117811,
person,238,freebase,/m/05x0276,
person,238,imdb,nm0571344,https://www.imdb.com/title/nm0571344/
person,238,kinopoisk,1068613,
person,238,loc,n2009057340,
person,238,tmdb_person,1246890,https://www.themoviedb.org/person/1246890
person,238,twitter,cpmckenna,
person,238,viaf,92735247,
person,238,wikidata,Q5107425,https://www.wikidata.org/wiki/Q5107425
person,239,freebase,/m/0mvpptz,
person,239,gnd,1201739934,
person,239,imdb,nm1273099,https://www.imdb.com/title/nm1273099/
person,239,musicbrainz_artist,6fed90cd-e08d-4c80-b02f-aad09134d6d0,https://musicbrainz.org/artist/6fed90cd-e08d-4c80-b02f-aad09134d6d0
person,239,tmdb_person,1350918,https://www.themoviedb.org/person/1350918
person,239,viaf,1005150323929009972542,
person,239,wikidata,Q26268915,https://www.wikidata.org/wiki/Q26268915
person,24,allmovie,p505126,
person,24,allocine,179331,
person,24,bnf,16186364b,
person,24,discogs,1066988,
person,24,freebase,/m/0fjmbk,
person,24,gnd,139448721,
person,24,imdb,nm1940449,https://www.imdb.com/title/nm1940449/
person,24,kinopoisk,1156574,
person,24,loc,no2008178694,
person,24,musicbrainz_artist,4f47f771-3680-40c6-9bc9-3d627200975e,https://musicbrainz.org/artist/4f47f771-3680-40c6-9bc9-3d627200975e
person,24,quora,Andrew-Garfield-actor,
person,24,svensk_film,361408,
person,24,tmdb_person,37625,https://www.themoviedb.org/person/37625
person,24,viaf,61374636,
person,24,wikitree,Garfield-180,
person,24,wikidata,Q23891,https://www.wikidata.org/wiki/Q23891
person,240,allocine,73152,
person,240,discogs,3318083,
person,240,freebase,/m/0dlmqvm,
person,240,gnd,108566841X,
person,240,imdb,nm0270559,https://www.imdb.com/title/nm0270559/
person,240,loc,no2008158128,
person,240,musicbrainz_artist,c46d4c72-0af1-4d66-8ee3-3b26b1f8bc45,https://musicbrainz.org/artist/c46d4c72-0af1-4d66-8ee3-3b26b1f8bc45
person,240,tmdb_person,10850,https://www.themoviedb.org/person/10850
person,240,twitter,Kevfeige,
person,240,viaf,21969378,
person,240,wikidata,Q515161,https://www.wikidata.org/wiki/Q515161
person,241,freebase,/m/0gmd7_,
person,241,gnd,1170721079,
person,241,imdb,nm1166871,https://www.imdb.com/title/nm1166871/
person,241,kinopoisk,3989516,
person,241,loc,no2016152982,
person,241,musicbrainz_artist,4453e1ed-c769-429b-b7f0-3769599df38d,https://musicbrainz.org/artist/4453e1ed-c769-429b-b7f0-3769599df38d
person,241,quora,Amy-Pascal,
person,241,tmdb_person,1425616,https://www.themoviedb.org/person/1425616
person,241,viaf,4651148209333400460008,
person,241,wikidata,Q481925,https://www.wikidata.org/wiki/Q481925
person,242,allmovie,an339839,
person,242,allocine,99790,
person,242,bnf,14449287v,
person,242,discogs,236226,
person,242,freebase,/m/04ls53,
person,242,gnd,135345553,
person,242,imdb,nm0315974,https://www.imdb.com/title/nm0315974/
person,242,instagram,m_giacchino,
person,242,kinopoisk,257568,
person,242,loc,no2005030177,
person,242,musicbrainz_artist,150e14bd-915d-4574-b574-f77dd7ea72ad,https://musicbrainz.org/artist/150e14bd-915d-4574-b574-f77dd7ea72ad
person,242,official_website,http://www.michaelgiacchino.com/,http://www.michaelgiacchino.com/
person,242,quora,Michael-Giacchino,
person,242,svensk_film,328337,
person,242,tmdb_person,15347,https://www.themoviedb.org/person/15347
person,242,twitter,m_giacchino,
person,242,viaf,7608781,
person,242,wikidata,Q155124,https://www.wikidata.org/wiki/Q155124
person,243,allmovie,p271455,
person,243,allocine,66210,
person,243,freebase,/m/05z_k9f,
person,243,gnd,138613982,
person,243,imdb,nm0869379,https://www.imdb.com/title/nm0869379/
person,243,kinopoisk,610452,
person,243,loc,no2003071658,
person,243,official_website,http://www.salvatoretotino.com/,http://www.salvatoretotino.com/
person,243,svensk_film,275796,
person,243,tmdb_person,8408,https://www.themoviedb.org/person/8408
person,243,viaf,90886355,
person,243,wikidata,Q782204,https://www.wikidata.org/wiki/Q782204
person,244,allmovie,p202374,
person,244,allocine,41810,
person,244,freebase,/m/07wwfh2,
person,244,gnd,1061449920,
person,244,imdb,nm0495603,https://www.imdb.com/title/nm0495603/
person,244,kinopoisk,914527,
person,244,loc,no2003110545,
person,244,svensk_film,223185,
person,244,tmdb_person,11455,https://www.themoviedb.org/person/11455
person,244,viaf,21842425,
person,244,wikidata,Q3013121,https://www.wikidata.org/wiki/Q3013121
person,245,freebase,/m/098lhk6,
person,245,gnd,1084238357,
person,245,imdb,nm1651766,https://www.imdb.com/title/nm1651766/
person,245,loc,no2017135407,
person,245,tmdb_person,71270,https://www.themoviedb.org/person/71270
person,245,viaf,115145663135205071746,
person,245,wikidata,Q67005543,https://www.wikidata.org/wiki/Q67005543
person,246,allmovie,p381420,
person,246,allocine,117459,
person,246,bnf,155459994,
person,246,discogs,1250212,
person,246,freebase,/m/0c6g1l,
person,246,gnd,143939254,
person,246,imdb,nm1517976,https://www.imdb.com/title/nm1517976/
person,246,kinopoisk,540921,
person,246,loc,no2006084525,
person,246,musicbrainz_artist,09c3cebd-f16e-40c4-a101-4832f8fa2c19,https://musicbrainz.org/artist/09c3cebd-f16e-40c4-a101-4832f8fa2c19
person,246,official_website,http://www.chris-pine.org/,http://www.chris-pine.org/
person,246,omni,85005d78-de69-4859-85ad-bfc97e9f63a8,
person,246,svensk_film,329452,
person,246,tmdb_person,62064,https://www.themoviedb.org/person/62064
person,246,viaf,64318577,
person,246,wikitree,Pine-203,
person,246,wikidata,Q23466,https://www.wikidata.org/wiki/Q23466
person,247,allmovie,p449715,
person,247,freebase,/m/0bz7nc5,
person,247,gnd,1106291158,
person,247,imdb,nm2130108,https://www.imdb.com/title/nm2130108/
person,247,loc,no2016071428,
person,247,tmdb_person,936670,https://www.themoviedb.org/person/936670
person,247,viaf,2144897965550200336,
person,247,wikidata,Q60784779,https://www.wikidata.org/wiki/Q60784779
person,248,allmovie,p193031,
person,248,allocine,193083,
person,248,freebase,/m/0892bgx,
person,248,gnd,1034880497,
person,248,imdb,nm0709056,https://www.imdb.com/title/nm0709056/
person,248,kinopoisk,2959987,
person,248,loc,no2013027736,
person,248,svensk_film,448253,
person,248,tmdb_person,151007,https://www.themoviedb.org/person/151007
person,248,twitter,pramsey342,
person,248,viaf,297201217,
person,248,wikidata,Q7176523,https://www.wikidata.org/wiki/Q7176523
person,249,allmovie,p351826,
person,249,allocine,120184,
person,249,freebase,/m/02q4t03,
person,249,gnd,1185664270,
person,249,imdb,nm0745247,https://www.imdb.com/title/nm0745247/
person,249,kinopoisk,1096334,
person,249,loc,n2005001932,
person,249,svensk_film,371708,
person,249,tmdb_person,59918,https://www.themoviedb.org/person/59918
person,249,twitter,rodneyrothman,
person,249,viaf,305140961,
person,249,wikidata,Q7357051,https://www.wikidata.org/wiki/Q7357051
person,25,allmovie,an5154,
person,25,allocine,194788,
person,25,bnf,16608495k,
person,25,discogs,5095511,
person,25,freebase,/m/09yhzs,
person,25,gnd,141517719,
person,25,imdb,nm1297015,https://www.imdb.com/title/nm1297015/
person,25,kinopoisk,1130955,
person,25,loc,no2008188319,
person,25,musicbrainz_artist,03a0bddd-98ec-4d64-af61-0b76a36fae28,https://musicbrainz.org/artist/03a0bddd-98ec-4d64-af61-0b76a36fae28
person,25,omni,86e20c0a-6a89-4fcf-bf9a-3677759c1428,
person,25,quora,Emma-Stone-actor,
person,25,svensk_film,359054,
person,25,tmdb_person,54693,https://www.themoviedb.org/person/54693
person,25,viaf,161765799,
person,25,wikitree,Stone-6152,
person,25,wikidata,Q147077,https://www.wikidata.org/wiki/Q147077
person,250,allmovie,p608396,
person,250,allocine,178901,
person,250,bnf,16907573t,
person,250,freebase,/m/02wl5gm,
person,250,gnd,143625683,
person,250,imdb,nm0520488,https://www.imdb.com/title/nm0520488/
person,250,kinopoisk,1297700,
person,250,loc,no2010003924,
person,250,quora,Phil-Lord-2,
person,250,svensk_film,401155,
person,250,tmdb_person,107446,https://www.themoviedb.org/person/107446
person,250,twitter,philiplord,
person,250,viaf,106858122,
person,250,wikidata,Q3378803,https://www.wikidata.org/wiki/Q3378803
person,251,allmovie,p628242,
person,251,allocine,42668,
person,251,bnf,155993446,
person,251,discogs,2276383,
person,251,freebase,/m/0m42hbh,
person,251,gnd,133565009,
person,251,imdb,nm0588087,https://www.imdb.com/title/nm0588087/
person,251,kinopoisk,30488,
person,251,loc,n2009077313,
person,251,musicbrainz_artist,dcc6bbc0-dbff-4cfb-8e4e-b7c0862f4698,https://musicbrainz.org/artist/dcc6bbc0-dbff-4cfb-8e4e-b7c0862f4698
person,251,svensk_film,357872,
person,251,tmdb_person,155267,https://www.themoviedb.org/person/155267
person,251,twitter,chrizmillr,
person,251,viaf,305417670,
person,251,wikidata,Q13638984,https://www.wikidata.org/wiki/Q13638984
person,252,freebase,/m/0jv59w,
person,252,imdb,nm0825730,https://www.imdb.com/title/nm0825730/
person,252,musicbrainz_artist,904bbf6e-ecd8-4c60-b725-2b6eef6534ab,https://musicbrainz.org/artist/904bbf6e-ecd8-4c60-b725-2b6eef6534ab
person,252,tmdb_person,35666,https://www.themoviedb.org/person/35666
person,252,wikidata,Q25266001,https://www.wikidata.org/wiki/Q25266001
person,253,allmovie,p553068,
person,253,allocine,493394,
person,253,bnf,14475017s,
person,253,discogs,3796,
person,253,freebase,/m/01q8t26,
person,253,gnd,1045183822,
person,253,imdb,nm1207404,https://www.imdb.com/title/nm1207404/
person,253,kinopoisk,72031,
person,253,loc,no2005049730,
person,253,musicbrainz_artist,49c4816a-dcbe-4dfa-866a-563a51b76f48,https://musicbrainz.org/artist/49c4816a-dcbe-4dfa-866a-563a51b76f48
person,253,official_website,http://www.danielpemberton.com,http://www.danielpemberton.com
person,253,svensk_film,390582,
person,253,tmdb_person,582922,https://www.themoviedb.org/person/582922
person,253,twitter,DANIELPEMBERTON,
person,253,viaf,22367925,
person,253,wikidata,Q5218424,https://www.wikidata.org/wiki/Q5218424
person,254,imdb,nm0279352,https://www.imdb.com/title/nm0279352/
person,254,tmdb_person,993265,https://www.themoviedb.org/person/993265
person,254,wikidata,Q63920578,https://www.wikidata.org/wiki/Q63920578
person,255,freebase,/m/0gkf_38,
person,255,gnd,1072790548,
person,255,imdb,nm2028938,https://www.imdb.com/title/nm2028938/
person,255,tmdb_person,1094152,https://www.themoviedb.org/person/1094152
person,255,viaf,316503934,
person,255,wikidata,Q28914993,https://www.wikidata.org/wiki/Q28914993
person,256,imdb,nm0284404,https://www.imdb.com/title/nm0284404/
person,256,tmdb_person,1204244,https://www.themoviedb.org/person/1204244
person,256,wikidata,Q28020099,https://www.wikidata.org/wiki/Q28020099
person,257,allmovie,p365611,
person,257,allocine,164427,
person,257,bnf,16534358k,
person,257,discogs,3014138,
person,257,freebase,/m/070507,
person,257,gnd,136591469,
person,257,imdb,nm1212722,https://www.imdb.com/title/nm1212722/
person,257,kinopoisk,34549,
person,257,loc,no2008096009,
person,257,musicbrainz_artist,758eac5f-cdec-4191-9a45-3b5dba3e977b,https://musicbrainz.org/artist/758eac5f-cdec-4191-9a45-3b5dba3e977b
person,257,omni,66852b82-d4b9-4676-816e-db8169e43c7e,
person,257,quora,Benedict-Cumberbatch-actor,
person,257,svensk_film,350411,
person,257,tmdb_person,71580,https://www.themoviedb.org/person/71580
person,257,viaf,95049263,
person,257,wikitree,Cumberbatch-5,
person,257,wikidata,Q244674,https://www.wikidata.org/wiki/Q244674
person,258,allmovie,p231273,
person,258,allocine,40535,
person,258,freebase,/m/0bbxvf5,
person,258,gnd,140240128,
person,258,imdb,nm0278475,https://www.imdb.com/title/nm0278475/
person,258,kinopoisk,611668,
person,258,loc,no2004041015,
person,258,svensk_film,289695,
person,258,tmdb_person,18265,https://www.themoviedb.org/person/18265
person,258,viaf,160700830,
person,258,wikidata,Q926054,https://www.wikidata.org/wiki/Q926054
person,259,allmovie,p277464,
person,259,allocine,567222,
person,259,freebase,/m/0ds2rhs,
person,259,gnd,140850635,
person,259,imdb,nm0285701,https://www.imdb.com/title/nm0285701/
person,259,kinopoisk,554240,
person,259,loc,no2014135714,
person,259,svensk_film,189797,
person,259,tmdb_person,35176,https://www.themoviedb.org/person/35176
person,259,viaf,107828738,
person,259,wikidata,Q11309299,https://www.wikidata.org/wiki/Q11309299
person,26,allmovie,p223227,
person,26,allocine,20011,
person,26,bnf,14188929p,
person,26,discogs,962170,
person,26,freebase,/m/03m6pk,
person,26,gnd,143218301,
person,26,imdb,nm0406975,https://www.imdb.com/title/nm0406975/
person,26,kinopoisk,7629,
person,26,loc,no2002098254,
person,26,musicbrainz_artist,eb7900ee-95a2-43fc-8ff5-963aa5709558,https://musicbrainz.org/artist/eb7900ee-95a2-43fc-8ff5-963aa5709558
person,26,svensk_film,241830,
person,26,tmdb_person,7026,https://www.themoviedb.org/person/7026
person,26,viaf,48904856,
person,26,wikidata,Q215017,https://www.wikidata.org/wiki/Q215017
person,260,allocine,722590,
person,260,freebase,/m/0s8xs5h,
person,260,gnd,1298484227,
person,260,imdb,nm4793987,https://www.imdb.com/title/nm4793987/
person,260,instagram,issarae,
person,260,loc,n2015002097,
person,260,musicbrainz_artist,8a3321b9-4bef-4127-ab84-320ad08eb341,https://musicbrainz.org/artist/8a3321b9-4bef-4127-ab84-320ad08eb341
person,260,official_website,http://issarae.com,http://issarae.com
person,260,tmdb_person,1455336,https://www.themoviedb.org/person/1455336
person,260,twitter,IssaRae,
person,260,viaf,313485743,
person,260,wikitree,Diop-3,
person,260,wikidata,Q13560267,https://www.wikidata.org/wiki/Q13560267
person,261,freebase,/m/03crz0x,
person,261,imdb,nm1690966,https://www.imdb.com/title/nm1690966/
person,261,tmdb_person,89596,https://www.themoviedb.org/person/89596
person,261,wikidata,Q3247370,https://www.wikidata.org/wiki/Q3247370
person,262,gnd,1236860047,
person,262,imdb,nm5358492,https://www.imdb.com/title/nm5358492/
person,262,loc,no2004124506,
person,262,musicbrainz_artist,92d1c315-1e00-4af5-8d4b-be58a1e4c6ef,https://musicbrainz.org/artist/92d1c315-1e00-4af5-8d4b-be58a1e4c6ef
person,262,tmdb_person,2451598,https://www.themoviedb.org/person/2451598
person,262,viaf,78502787,
person,262,wikidata,Q79360684,https://www.wikidata.org/wiki/Q79360684
person,263,freebase,/m/0h5qpgp,
person,263,gnd,1123748225,
person,263,imdb,nm1042511,https://www.imdb.com/title/nm1042511/
person,263,instagram,shinypinkbottle,
person,263,loc,n2015060300,
person,263,tmdb_person,1046497,https://www.themoviedb.org/person/1046497
person,263,twitter,shinypinkbottle,
person,263,viaf,84144648377855192414,
person,263,wikidata,Q119243833,https://www.wikidata.org/wiki/Q119243833
person,265,imdb,nm0028788,https://www.imdb.com/title/nm0028788/
person,265,tmdb_person,1546437,https://www.themoviedb.org/person/1546437
person,265,wikidata,Q32920702,https://www.wikidata.org/wiki/Q32920702
person,266,allmovie,p444985,
person,266,allocine,216037,
person,266,bnf,15025904b,
person,266,discogs,1326029,
person,266,freebase,/m/0glp3n0,
person,266,gnd,141517387,
person,266,imdb,nm0281508,https://www.imdb.com/title/nm0281508/
person,266,kinopoisk,1005180,
person,266,loc,no2010016815,
person,266,musicbrainz_artist,c89b1705-14b5-4e3e-be2d-bb784ca98113,https://musicbrainz.org/artist/c89b1705-14b5-4e3e-be2d-bb784ca98113
person,266,svensk_film,396820,
person,266,tmdb_person,91268,https://www.themoviedb.org/person/91268
person,266,viaf,126153219,
person,266,wikidata,Q521691,https://www.wikidata.org/wiki/Q521691
person,267,allmovie,p199538,
person,267,allocine,57536,
person,267,bnf,141332839,
person,267,freebase,/m/086vwg,
person,267,gnd,136483445,
person,267,imdb,nm0003298,https://www.imdb.com/title/nm0003298/
person,267,kinopoisk,24654,
person,267,loc,no2013121233,
person,267,svensk_film,203227,
person,267,tmdb_person,3228,https://www.themoviedb.org/person/3228
person,267,viaf,80819242,
person,267,wikidata,Q3476302,https://www.wikidata.org/wiki/Q3476302
person,268,allmovie,p715665,
person,268,allocine,237398,
person,268,freebase,/m/0gcctj9,
person,268,gnd,1027559964,
person,268,imdb,nm0545150,https://www.imdb.com/title/nm0545150/
person,268,kinopoisk,2316498,
person,268,loc,no2014036142,
person,268,svensk_film,245121,
person,268,tmdb_person,940376,https://www.themoviedb.org/person/940376
person,268,viaf,308181205,
person,268,wikidata,Q6386180,https://www.wikidata.org/wiki/Q6386180
person,269,allmovie,p696098,
person,269,allocine,531890,
person,269,bnf,16756695v,
person,269,discogs,6682651,
person,269,freebase,/m/0h24slz,
person,269,gnd,1060706121,
person,269,imdb,nm3234869,https://www.imdb.com/title/nm3234869/
person,269,instagram,ludwiggoransson,
person,269,kinopoisk,1795101,
person,269,loc,no2013135664,
person,269,musicbrainz_artist,78471616-3cb4-4139-a148-aeac3c7d0f79,https://musicbrainz.org/artist/78471616-3cb4-4139-a148-aeac3c7d0f79
person,269,official_website,https://www.ludwiggoransson.com,https://www.ludwiggoransson.com
person,269,svensk_film,369065,
person,269,tmdb_person,928158,https://www.themoviedb.org/person/928158
person,269,viaf,295599269,
person,269,wikidata,Q1358202,https://www.wikidata.org/wiki/Q1358202
person,27,allmovie,p41244,
person,27,allocine,17801,
person,27,bnf,14031754f,
person,27,discogs,272476,
person,27,freebase,/m/02g8h,
person,27,gnd,140589082,
person,27,imdb,nm0001459,https://www.imdb.com/title/nm0001459/
person,27,instagram,denisleary,
person,27,kinopoisk,4092,
person,27,loc,n92045851,
person,27,musicbrainz_artist,dfc43cef-4be2-45a2-931c-56fc48ca0f07,https://musicbrainz.org/artist/dfc43cef-4be2-45a2-931c-56fc48ca0f07
person,27,official_website,http://www.denisleary.com,http://www.denisleary.com
person,27,quora,Denis-Leary,
person,27,svensk_film,187533,
person,27,tmdb_person,5724,https://www.themoviedb.org/person/5724
person,27,twitter,denisleary,
person,27,viaf,69129474,
person,27,wikidata,Q310283,https://www.wikidata.org/wiki/Q310283
person,270,allocine,46716,
person,270,freebase,/m/08ggsv,
person,270,gnd,137771851,
person,270,imdb,nm0508732,https://www.imdb.com/title/nm0508732/
person,270,instagram,libatique,
person,270,kinopoisk,608585,
person,270,loc,no2003074533,
person,270,svensk_film,286805,
person,270,tmdb_person,4867,https://www.themoviedb.org/person/4867
person,270,viaf,81911659,
person,270,wikidata,Q617690,https://www.wikidata.org/wiki/Q617690
person,271,allmovie,p82813,
person,271,allocine,105839,
person,271,freebase,/m/03d3mq3,
person,271,imdb,nm0104783,https://www.imdb.com/title/nm0104783/
person,271,kinopoisk,663732,
person,271,loc,no2012129827,
person,271,svensk_film,284835,
person,271,tmdb_person,15349,https://www.themoviedb.org/person/15349
person,271,viaf,311322239,
person,271,wikidata,Q3850525,https://www.wikidata.org/wiki/Q3850525
person,272,allocine,98100,
person,272,freebase,/m/0jy5g4,
person,272,imdb,nm0062328,https://www.imdb.com/title/nm0062328/
person,272,kinopoisk,1986029,
person,272,loc,no2009147029,
person,272,svensk_film,185228,
person,272,tmdb_person,10393,https://www.themoviedb.org/person/10393
person,272,viaf,100795611,
person,272,wikidata,Q15782002,https://www.wikidata.org/wiki/Q15782002
person,273,allmovie,p173729,
person,273,allocine,60219,
person,273,bnf,15505228v,
person,273,freebase,/m/08w7vj,
person,273,gnd,116834610X,
person,273,imdb,nm0334318,https://www.imdb.com/title/nm0334318/
person,273,instagram,stephengraham1973,
person,273,kinopoisk,223,
person,273,loc,no2008100452,
person,273,svensk_film,284706,
person,273,tmdb_person,1115,https://www.themoviedb.org/person/1115
person,273,twitter,StephenGraham73,
person,273,viaf,29348943,
person,273,wikidata,Q442547,https://www.wikidata.org/wiki/Q442547
person,274,freebase,/m/0k0b5y,
person,274,imdb,nm0404446,https://www.imdb.com/title/nm0404446/
person,274,loc,no2014002726,
person,274,tmdb_person,584598,https://www.themoviedb.org/person/584598
person,274,viaf,305950049,
person,274,wikidata,Q63197006,https://www.wikidata.org/wiki/Q63197006
person,275,allmovie,p212453,
person,275,allocine,47108,
person,275,bnf,140217845,
person,275,discogs,302553,
person,275,freebase,/m/0b6yp2,
person,275,gnd,135059232,
person,275,imdb,nm0001937,https://www.imdb.com/title/nm0001937/
person,275,instagram,marcobeltrami.music,
person,275,kinopoisk,608128,
person,275,loc,n97854793,
person,275,musicbrainz_artist,bced6266-4c23-4806-8e3d-165eac0ad494,https://musicbrainz.org/artist/bced6266-4c23-4806-8e3d-165eac0ad494
person,275,official_website,https://marcobeltrami.com/,https://marcobeltrami.com/
person,275,svensk_film,241969,
person,275,tmdb_person,7229,https://www.themoviedb.org/person/7229
person,275,viaf,100229084,
person,275,wikidata,Q465754,https://www.wikidata.org/wiki/Q465754
person,276,allmovie,p108198,
person,276,allocine,40959,
person,276,bnf,141319216,
person,276,freebase,/m/06r_by,
person,276,gnd,129591742,
person,276,imdb,nm0724744,https://www.imdb.com/title/nm0724744/
person,276,kinopoisk,74952,
person,276,loc,no2005065915,
person,276,svensk_film,109285,
person,276,tmdb_person,149,https://www.themoviedb.org/person/149
person,276,viaf,100239602,
person,276,wikidata,Q364017,https://www.wikidata.org/wiki/Q364017
person,277,wikidata,Q136344793,https://www.wikidata.org/wiki/Q136344793
person,278,allmovie,p200349,
person,278,allocine,22868,
person,278,bnf,140540957,
person,278,discogs,608420,
person,278,freebase,/m/02fybl,
person,278,gnd,135387280,
person,278,imdb,nm0001467,https://www.imdb.com/title/nm0001467/
person,278,instagram,jaredleto,
person,278,kinopoisk,1876,
person,278,loc,no98128583,
person,278,musicbrainz_artist,5ec4fe5f-c89a-47d1-a9b7-58344b401527,https://musicbrainz.org/artist/5ec4fe5f-c89a-47d1-a9b7-58344b401527
person,278,omni,50694999-5ac3-4b96-865c-b698de69cc1a,
person,278,quora,Jared-Leto-actor,
person,278,svensk_film,223368,
person,278,tmdb_person,7499,https://www.themoviedb.org/person/7499
person,278,twitter,JaredLeto,
person,278,viaf,34660447,
person,278,wikitree,Leto-26,
person,278,wikidata,Q484523,https://www.wikidata.org/wiki/Q484523
person,279,allmovie,p415701,
person,279,allocine,436520,
person,279,bnf,166139442,
person,279,freebase,/m/0cm9mzx,
person,279,gnd,1021087181,
person,279,imdb,nm1174251,https://www.imdb.com/title/nm1174251/
person,279,kinopoisk,396610,
person,279,loc,no2012077646,
person,279,svensk_film,297668,
person,279,tmdb_person,125738,https://www.themoviedb.org/person/125738
person,279,viaf,191995121,
person,279,wikidata,Q977624,https://www.wikidata.org/wiki/Q977624
person,28,allmovie,p64044,
person,28,bnf,14033684k,
person,28,discogs,3173194,
person,28,freebase,/m/056rgc,
person,28,gnd,141566876,
person,28,imdb,nm0001714,https://www.imdb.com/title/nm0001714/
person,28,kinopoisk,4090,
person,28,loc,no96043160,
person,28,musicbrainz_artist,52e2b765-419d-435c-b86d-7ee7e4b3ab31,https://musicbrainz.org/artist/52e2b765-419d-435c-b86d-7ee7e4b3ab31
person,28,svensk_film,179104,
person,28,tmdb_person,55152,https://www.themoviedb.org/person/55152
person,28,viaf,85597266,
person,28,wikidata,Q528527,https://www.wikidata.org/wiki/Q528527
person,280,bnf,169534023,
person,280,freebase,/m/0ysqzds,
person,280,gnd,1068560428,
person,280,imdb,nm1948885,https://www.imdb.com/title/nm1948885/
person,280,loc,no2015153040,
person,280,tmdb_person,1167472,https://www.themoviedb.org/person/1167472
person,280,viaf,315522270,
person,280,wikidata,Q27061530,https://www.wikidata.org/wiki/Q27061530
person,281,bnf,16953404s,
person,281,freebase,/m/0ysqzvb,
person,281,gnd,1266912002,
person,281,imdb,nm2332952,https://www.imdb.com/title/nm2332952/
person,281,loc,no2015153212,
person,281,tmdb_person,1167473,https://www.themoviedb.org/person/1167473
person,281,viaf,7166233874296041100,
person,281,wikidata,Q27061532,https://www.wikidata.org/wiki/Q27061532
person,282,freebase,/m/0jxwp_,
person,282,imdb,nm0287946,https://www.imdb.com/title/nm0287946/
person,282,tmdb_person,11695,https://www.themoviedb.org/person/11695
person,282,wikidata,Q24049005,https://www.wikidata.org/wiki/Q24049005
person,283,allmovie,p415703,
person,283,allocine,492289,
person,283,bnf,16613948f,
person,283,freebase,/m/0f12tr2,
person,283,gnd,1047049473,
person,283,imdb,nm0252528,https://www.imdb.com/title/nm0252528/
person,283,kinopoisk,642124,
person,283,loc,no2013105578,
person,283,musicbrainz_artist,bd246f4c-0af7-4116-81e6-6fff919fe49c,https://musicbrainz.org/artist/bd246f4c-0af7-4116-81e6-6fff919fe49c
person,283,official_website,http://jonekstrand.com/,http://jonekstrand.com/
person,283,svensk_film,271015,
person,283,tmdb_person,1077404,https://www.themoviedb.org/person/1077404
person,283,viaf,256766693,
person,283,wikidata,Q1584183,https://www.wikidata.org/wiki/Q1584183
person,284,allmovie,p117272,
person,284,allocine,41202,
person,284,bnf,14146335n,
person,284,freebase,/m/07s9v27,
person,284,gnd,137799888,
person,284,imdb,nm0005929,https://www.imdb.com/title/nm0005929/
person,284,kinopoisk,307906,
person,284,loc,no2015132802,
person,284,svensk_film,184839,
person,284,tmdb_person,11409,https://www.themoviedb.org/person/11409
person,284,viaf,137825258,
person,284,wikidata,Q1449586,https://www.wikidata.org/wiki/Q1449586
person,285,allmovie,an319959,
person,285,allocine,441277,
person,285,freebase,/m/07zkn5z,
person,285,gnd,1282111299,
person,285,imdb,nm2858875,https://www.imdb.com/title/nm2858875/
person,285,instagram,sydney_sweeney,
person,285,kinopoisk,1532045,
person,285,loc,no2019003369,
person,285,musicbrainz_artist,7da85cb4-23fc-43fc-ad2f-936c0da7459c,https://musicbrainz.org/artist/7da85cb4-23fc-43fc-ad2f-936c0da7459c
person,285,omni,0a6ade5e-f53f-431f-8670-7ab5bdbf1730,
person,285,svensk_film,541197,
person,285,tmdb_person,115440,https://www.themoviedb.org/person/115440
person,285,twitter,sydney_sweeney,
person,285,viaf,1384154741632353110004,
person,285,wikitree,Sweeney-5848,
person,285,wikidata,Q49561909,https://www.wikidata.org/wiki/Q49561909
person,286,allmovie,p829478,
person,286,allocine,672718,
person,286,discogs,9769273,
person,286,gnd,1351002082,
person,286,imdb,nm5097044,https://www.imdb.com/title/nm5097044/
person,286,instagram,isabelamerced,
person,286,kinopoisk,3022906,
person,286,loc,no2016024276,
person,286,musicbrainz_artist,52f18401-8d96-4b93-95e0-1463cb05b0a5,https://musicbrainz.org/artist/52f18401-8d96-4b93-95e0-1463cb05b0a5
person,286,svensk_film,532158,
person,286,tmdb_person,1428070,https://www.themoviedb.org/person/1428070
person,286,twitter,isabelamerced,
person,286,viaf,3988152331605403260005,
person,286,wikidata,Q20830731,https://www.wikidata.org/wiki/Q20830731
person,287,allmovie,vn5865498671,
person,287,allocine,858928,
person,287,gnd,1269727435,
person,287,imdb,nm9305936,https://www.imdb.com/title/nm9305936/
person,287,instagram,celeste_oconnor,
person,287,kinopoisk,4757770,
person,287,loc,no2021015721,
person,287,quora,celeste-o'connor,
person,287,tmdb_person,1972881,https://www.themoviedb.org/person/1972881
person,287,twitter,celeste_oconn,
person,287,viaf,30163023703789362109,
person,287,wikidata,Q97065529,https://www.wikidata.org/wiki/Q97065529
person,288,allmovie,p307258,
person,288,allocine,20645,
person,288,bnf,16517483c,
person,288,freebase,/m/06c_41,
person,288,gnd,1075649226,
person,288,imdb,nm0004395,https://www.imdb.com/title/nm0004395/
person,288,instagram,mradamscott,
person,288,kinopoisk,38445,
person,288,loc,no2004034951,
person,288,musicbrainz_artist,4cbdf270-d269-4029-ba3e-45f3b5919d9a,https://musicbrainz.org/artist/4cbdf270-d269-4029-ba3e-45f3b5919d9a
person,288,svensk_film,294366,
person,288,tmdb_person,36801,https://www.themoviedb.org/person/36801
person,288,twitter,mradamscott,
person,288,viaf,34164347,
person,288,wikidata,Q201842,https://www.wikidata.org/wiki/Q201842
person,289,bnf,15570849q,
person,289,freebase,/m/0gf8l4l,
person,289,gnd,141483601,
person,289,imdb,nm1237416,https://www.imdb.com/title/nm1237416/
person,289,loc,no2009203209,
person,289,tmdb_person,223551,https://www.themoviedb.org/person/223551
person,289,viaf,52007459,
person,289,wikidata,Q7387197,https://www.wikidata.org/wiki/Q7387197
person,29,allmovie,p636031,
person,29,allocine,242486,
person,29,bnf,16517268x,
person,29,freebase,/m/06w2jgk,
person,29,gnd,101594034X,
person,29,imdb,nm3024712,https://www.imdb.com/title/nm3024712/
person,29,instagram,chriszylka,
person,29,kinopoisk,1605050,
person,29,loc,no2011179543,
person,29,svensk_film,433908,
person,29,tmdb_person,231547,https://www.themoviedb.org/person/231547
person,29,twitter,chriszylka,
person,29,viaf,172042525,
person,29,wikidata,Q507888,https://www.wikidata.org/wiki/Q507888
person,291,imdb,nm2596636,https://www.imdb.com/title/nm2596636/
person,291,tmdb_person,1327643,https://www.themoviedb.org/person/1327643
person,291,wikidata,Q113740346,https://www.wikidata.org/wiki/Q113740346
person,292,freebase,/m/0cycwr,
person,292,gnd,116336083X,
person,292,imdb,nm0225146,https://www.imdb.com/title/nm0225146/
person,292,loc,n2007020371,
person,292,musicbrainz_artist,7e560f03-601f-4efe-bbe0-7df1f6511c39,https://musicbrainz.org/artist/7e560f03-601f-4efe-bbe0-7df1f6511c39
person,292,tmdb_person,10952,https://www.themoviedb.org/person/10952
person,292,viaf,51135321,
person,292,wikidata,Q636664,https://www.wikidata.org/wiki/Q636664
person,293,allmovie,p193762,
person,293,allocine,75041,
person,293,bnf,14231321q,
person,293,discogs,1144528,
person,293,freebase,/m/01wk67d,
person,293,gnd,13548426X,
person,293,imdb,nm0845542,https://www.imdb.com/title/nm0845542/
person,293,loc,no2008071653,
person,293,musicbrainz_artist,e13bd0f8-dea1-4e33-8e51-712d48c6bc34,https://musicbrainz.org/artist/e13bd0f8-dea1-4e33-8e51-712d48c6bc34
person,293,official_website,https://johansoderqvist.com,https://johansoderqvist.com
person,293,svensk_film,173813,
person,293,tmdb_person,32717,https://www.themoviedb.org/person/32717
person,293,viaf,2442077,
person,293,wikidata,Q957964,https://www.wikidata.org/wiki/Q957964
person,294,allmovie,p768497,
person,294,allocine,555614,
person,294,freebase,/m/0z3trh6,
person,294,imdb,nm5920962,https://www.imdb.com/title/nm5920962/
person,294,instagram,levizmiller,
person,294,kinopoisk,3441661,
person,294,loc,no2016055015,
person,294,tmdb_person,1313583,https://www.themoviedb.org/person/1313583
person,294,twitter,levizanemiller,
person,294,viaf,22146029597535822781,
person,294,wikidata,Q18581761,https://www.wikidata.org/wiki/Q18581761
person,295,allocine,817736,
person,295,imdb,nm7811397,https://www.imdb.com/title/nm7811397/
person,295,instagram,billybarrattofficial,
person,295,kinopoisk,4282307,
person,295,tmdb_person,1840063,https://www.themoviedb.org/person/1840063
person,295,viaf,251158188254520260008,
person,295,wikidata,Q78747611,https://www.wikidata.org/wiki/Q78747611
person,296,allocine,917687,
person,296,imdb,nm10996873,https://www.imdb.com/title/nm10996873/
person,296,tmdb_person,2812421,https://www.themoviedb.org/person/2812421
person,296,wikidata,Q106724678,https://www.wikidata.org/wiki/Q106724678
person,297,allmovie,p678108,
person,297,allocine,444151,
person,297,bnf,16770754h,
person,297,freebase,/m/0dln2gp,
person,297,gnd,102016221X,
person,297,imdb,nm1170855,https://www.imdb.com/title/nm1170855/
person,297,kinopoisk,1968891,
person,297,loc,no2011192271,
person,297,svensk_film,439243,
person,297,tmdb_person,556172,https://www.themoviedb.org/person/556172
person,297,viaf,221229053,
person,297,wikidata,Q1676295,https://www.wikidata.org/wiki/Q1676295
person,298,allmovie,p478013,
person,298,allocine,92651,
person,298,bnf,15099295z,
person,298,freebase,/m/0jz_jn,
person,298,imdb,nm1436466,https://www.imdb.com/title/nm1436466/
person,298,loc,no2008158205,
person,298,svensk_film,370776,
person,298,tmdb_person,18873,https://www.themoviedb.org/person/18873
person,298,viaf,307482517,
person,298,wikidata,Q15069840,https://www.wikidata.org/wiki/Q15069840
person,299,allmovie,p525812,
person,299,allocine,92650,
person,299,bnf,150992891,
person,299,freebase,/m/0jz_jv,
person,299,imdb,nm0391344,https://www.imdb.com/title/nm0391344/
person,299,kinopoisk,1187624,
person,299,loc,no2007009187,
person,299,svensk_film,370775,
person,299,tmdb_person,18875,https://www.themoviedb.org/person/18875
person,299,viaf,307482515,
person,299,wikidata,Q15069853,https://www.wikidata.org/wiki/Q15069853
person,3,allmovie,p65805,
person,3,find_a_grave,6783146,
person,3,freebase,/m/05c1gpb,
person,3,gnd,1211424693,
person,3,imdb,nm0800359,https://www.imdb.com/title/nm0800359/
person,3,loc,n85262768,
person,3,svensk_film,133991,
person,3,tmdb_person,106506,https://www.themoviedb.org/person/106506
person,3,viaf,3921763,
person,3,wikitree,Simon-8359,
person,3,wikidata,Q3435069,https://www.wikidata.org/wiki/Q3435069
person,30,allmovie,p296601,
person,30,allocine,250765,
person,30,bnf,146119100,
person,30,freebase,/m/03m3nzf,
person,30,gnd,142445983,
person,30,imdb,nm0451234,https://www.imdb.com/title/nm0451234/
person,30,instagram,irrfan,
person,30,kinopoisk,74051,
person,30,loc,n2009016505,
person,30,musicbrainz_artist,8a6b1833-1e78-47f4-85f6-17f0ad5c42cf,https://musicbrainz.org/artist/8a6b1833-1e78-47f4-85f6-17f0ad5c42cf
person,30,quora,Irrfan-Khan-actor,
person,30,svensk_film,360639,
person,30,tmdb_person,76793,https://www.themoviedb.org/person/76793
person,30,twitter,irrfank,
person,30,viaf,7639381,
person,30,wikitree,Khan-624,
person,30,wikidata,Q360927,https://www.wikidata.org/wiki/Q360927
person,300,allmovie,p116417,
person,300,allocine,29130,
person,300,bnf,141454032,
person,300,freebase,/m/0k847y,
person,300,gnd,137630212,
person,300,imdb,nm0921013,https://www.imdb.com/title/nm0921013/
person,300,kinopoisk,27645,
person,300,loc,n91013761,
person,300,svensk_film,109816,
person,300,tmdb_person,22814,https://www.themoviedb.org/person/22814
person,300,viaf,81797181,
person,300,wikidata,Q3934894,https://www.wikidata.org/wiki/Q3934894
person,302,allocine,129464,
person,302,discogs,941060,
person,302,freebase,/m/03f0rtb,
person,302,gnd,128474424,
person,302,imdb,nm1818744,https://www.imdb.com/title/nm1818744/
person,302,instagram,benjaminwallfisch,
person,302,loc,no2005015245,
person,302,musicbrainz_artist,9cba57da-0a50-48d0-8a7b-232e31e196a0,https://musicbrainz.org/artist/9cba57da-0a50-48d0-8a7b-232e31e196a0
person,302,official_website,https://www.benjaminwallfisch.com,https://www.benjaminwallfisch.com
person,302,tmdb_person,40825,https://www.themoviedb.org/person/40825
person,302,twitter,benwallfisch,
person,302,viaf,42118147,
person,302,wikidata,Q6056440,https://www.wikidata.org/wiki/Q6056440
person,303,allmovie,p444225,
person,303,allocine,96456,
person,303,bnf,14099863v,
person,303,discogs,4450734,
person,303,freebase,/m/0bgg354,
person,303,gnd,1050734025,
person,303,imdb,nm1342398,https://www.imdb.com/title/nm1342398/
person,303,kinopoisk,648239,
person,303,loc,no2009161532,
person,303,musicbrainz_artist,6d468929-f5db-4b30-a86d-6e7ec79ce2bf,https://musicbrainz.org/artist/6d468929-f5db-4b30-a86d-6e7ec79ce2bf
person,303,svensk_film,378046,
person,303,tmdb_person,41572,https://www.themoviedb.org/person/41572
person,303,viaf,34664028,
person,303,wikidata,Q3061565,https://www.wikidata.org/wiki/Q3061565
person,304,allocine,489557,
person,304,bnf,16258788g,
person,304,discogs,4450733,
person,304,freebase,/m/0ck6bhm,
person,304,gnd,1065423691,
person,304,imdb,nm3601893,https://www.imdb.com/title/nm3601893/
person,304,loc,no2009161533,
person,304,musicbrainz_artist,eb99dd8d-9e09-4b33-bf09-a78bb82666ed,https://musicbrainz.org/artist/eb99dd8d-9e09-4b33-bf09-a78bb82666ed
person,304,tmdb_person,1180402,https://www.themoviedb.org/person/1180402
person,304,viaf,163272303,
person,304,wikidata,Q23926436,https://www.wikidata.org/wiki/Q23926436
person,305,allmovie,p442194,
person,305,allocine,133418,
person,305,freebase,/m/0h3myc1,
person,305,gnd,137919085,
person,305,imdb,nm1023204,https://www.imdb.com/title/nm1023204/
person,305,kinopoisk,624828,
person,305,loc,no2010200818,
person,305,official_website,http://www.bendavisbsc.com/,http://www.bendavisbsc.com/
person,305,svensk_film,335657,
person,305,tmdb_person,22161,https://www.themoviedb.org/person/22161
person,305,viaf,86085305,
person,305,wikidata,Q4885518,https://www.wikidata.org/wiki/Q4885518
person,306,allmovie,p99086,
person,306,allocine,42553,
person,306,freebase,/m/02qggqc,
person,306,gnd,140617760,
person,306,imdb,nm0495605,https://www.imdb.com/title/nm0495605/
person,306,kinopoisk,321611,
person,306,loc,no99044066,
person,306,svensk_film,109639,
person,306,tmdb_person,541,https://www.themoviedb.org/person/541
person,306,viaf,222575056,
person,306,wikidata,Q1077467,https://www.wikidata.org/wiki/Q1077467
person,307,allmovie,p484164,
person,307,allocine,173613,
person,307,bnf,16215895g,
person,307,discogs,11318663,
person,307,freebase,/m/02q1ldn,
person,307,gnd,1022920332,
person,307,imdb,nm1017334,https://www.imdb.com/title/nm1017334/
person,307,instagram,junotemple,
person,307,kinopoisk,13193,
person,307,loc,no2008096005,
person,307,musicbrainz_artist,83416af8-1db2-46c1-a28d-f37a21fa022b,https://musicbrainz.org/artist/83416af8-1db2-46c1-a28d-f37a21fa022b
person,307,svensk_film,364651,
person,307,tmdb_person,36594,https://www.themoviedb.org/person/36594
person,307,viaf,68744950,
person,307,wikidata,Q234434,https://www.wikidata.org/wiki/Q234434
person,308,imdb,nm5318871,https://www.imdb.com/title/nm5318871/
person,308,instagram,clarkb,
person,308,tmdb_person,1861573,https://www.themoviedb.org/person/1861573
person,308,twitter,ClarkBacko,
person,308,wikidata,Q64869409,https://www.wikidata.org/wiki/Q64869409
person,309,imdb,nm9434831,https://www.imdb.com/title/nm9434831/
person,309,instagram,cristofernandez.mx,
person,309,musicbrainz_artist,0ed784d8-8865-4c30-9cea-db92533ace1e,https://musicbrainz.org/artist/0ed784d8-8865-4c30-9cea-db92533ace1e
person,309,tmdb_person,2627590,https://www.themoviedb.org/person/2627590
person,309,twitter,cristofernandez,
person,309,wikidata,Q110273210,https://www.wikidata.org/wiki/Q110273210
person,31,allmovie,p24604,
person,31,allocine,32404,
person,31,bnf,14178509r,
person,31,discogs,180818,
person,31,freebase,/m/01wmxfs,
person,31,gnd,135449243,
person,31,imdb,nm0004937,https://www.imdb.com/title/nm0004937/
person,31,instagram,iamjamiefoxx,
person,31,kinopoisk,514,
person,31,loc,no95020690,
person,31,musicbrainz_artist,15a5da16-8b89-4047-aefe-81473c97b5b2,https://musicbrainz.org/artist/15a5da16-8b89-4047-aefe-81473c97b5b2
person,31,official_website,http://www.jamiefoxxmusic.com/,http://www.jamiefoxxmusic.com/
person,31,omni,c1cc6bd8-7fa5-4ea9-9d2d-4f58cde97126,
person,31,quora,Jamie-Foxx,
person,31,svensk_film,187178,
person,31,tmdb_person,134,https://www.themoviedb.org/person/134
person,31,twitter,iamjamiefoxx,
person,31,viaf,85631008,
person,31,wikitree,Bishop-4922,
person,31,wikidata,Q171905,https://www.wikidata.org/wiki/Q171905
person,310,bnf,166604549,
person,310,discogs,761595,
person,310,freebase,/m/0cjchz,
person,310,imdb,nm3247266,https://www.imdb.com/title/nm3247266/
person,310,instagram,dandeacon,
person,310,loc,no2009063618,
person,310,musicbrainz_artist,8dd73d1a-0424-4581-af8c-ade3edb44c5a,https://musicbrainz.org/artist/8dd73d1a-0424-4581-af8c-ade3edb44c5a
person,310,official_website,http://www.dandeacon.com,http://www.dandeacon.com
person,310,tmdb_person,583871,https://www.themoviedb.org/person/583871
person,310,twitter,ebaynetflix,
person,310,viaf,86396877,
person,310,wikidata,Q2279286,https://www.wikidata.org/wiki/Q2279286
person,311,allmovie,p812316,
person,311,allocine,523747,
person,311,freebase,/m/0hggbph,
person,311,gnd,1026989418,
person,311,imdb,nm1234835,https://www.imdb.com/title/nm1234835/
person,311,kinopoisk,541959,
person,311,loc,no2014037960,
person,311,tmdb_person,1345974,https://www.themoviedb.org/person/1345974
person,311,viaf,307468183,
person,311,wikidata,Q15507934,https://www.wikidata.org/wiki/Q15507934
person,312,allmovie,p428862,
person,312,allocine,573293,
person,312,freebase,/m/0hk00qh,
person,312,gnd,1356411398,
person,312,imdb,nm0002747,https://www.imdb.com/title/nm0002747/
person,312,kinopoisk,2099637,
person,312,loc,no2014097722,
person,312,tmdb_person,1084741,https://www.themoviedb.org/person/1084741
person,312,viaf,309853133,
person,312,wikidata,Q15694643,https://www.wikidata.org/wiki/Q15694643
person,313,allmovie,p852529,
person,313,allocine,665139,
person,313,discogs,16429819,
person,313,gnd,1272373266,
person,313,imdb,nm5584750,https://www.imdb.com/title/nm5584750/
person,313,instagram,sadiesink_,
person,313,loc,no2018081033,
person,313,musicbrainz_artist,989cdc5b-303f-4ffb-b26b-74e05f6b55b0,https://musicbrainz.org/artist/989cdc5b-303f-4ffb-b26b-74e05f6b55b0
person,313,svensk_film,539539,
person,313,tmdb_person,1590797,https://www.themoviedb.org/person/1590797
person,313,twitter,SadieSink,
person,313,viaf,6480152988213812790003,
person,313,wikidata,Q27452406,https://www.wikidata.org/wiki/Q27452406
person,314,allocine,122755,
person,314,freebase,/m/02rpdcm,
person,314,imdb,nm1154919,https://www.imdb.com/title/nm1154919/
person,314,instagram,lizacolonzayas_lcz,
person,314,loc,no2013027141,
person,314,tmdb_person,59693,https://www.themoviedb.org/person/59693
person,314,twitter,lizacolonzayas,
person,314,viaf,297024448,
person,314,wikidata,Q11833191,https://www.wikidata.org/wiki/Q11833191
person,315,allmovie,p606050,
person,315,allocine,622552,
person,315,bnf,17728295r,
person,315,freebase,/m/07zr9g6,
person,315,gnd,1058206125,
person,315,imdb,nm2308774,https://www.imdb.com/title/nm2308774/
person,315,instagram,destindaniel,
person,315,kinopoisk,1162070,
person,315,loc,no2010149143,
person,315,svensk_film,459329,
person,315,tmdb_person,1144604,https://www.themoviedb.org/person/1144604
person,315,viaf,310661519,
person,315,wikidata,Q15972939,https://www.wikidata.org/wiki/Q15972939
person,316,allmovie,p516137,
person,316,allocine,241776,
person,316,bnf,16769884p,
person,316,freebase,/m/04mwc3q,
person,316,gnd,1047896443,
person,316,imdb,nm0190861,https://www.imdb.com/title/nm0190861/
person,316,kinopoisk,285249,
person,316,loc,no2010173197,
person,316,musicbrainz_artist,4a386e9b-0003-4d67-b33d-d1d11500d0aa,https://musicbrainz.org/artist/4a386e9b-0003-4d67-b33d-d1d11500d0aa
person,316,svensk_film,530821,
person,316,tmdb_person,1003190,https://www.themoviedb.org/person/1003190
person,316,viaf,307167082,
person,316,wikidata,Q15142000,https://www.wikidata.org/wiki/Q15142000
person,317,allmovie,vn4455887874,
person,317,allocine,806650,
person,317,freebase,/m/010bdtzk,
person,317,imdb,nm3722546,https://www.imdb.com/title/nm3722546/
person,317,tmdb_person,1578121,https://www.themoviedb.org/person/1578121
person,317,twitter,garethda,
person,317,wikidata,Q121463264,https://www.wikidata.org/wiki/Q121463264
person,318,allmovie,p90514,
person,318,allocine,12630,
person,318,bnf,13982145h,
person,318,discogs,573831,
person,318,freebase,/m/055c8,
person,318,gnd,129605093,
person,318,imdb,nm0000151,https://www.imdb.com/title/nm0000151/
person,318,instagram,morganfreeman,
person,318,kinopoisk,6750,
person,318,loc,no89021635,
person,318,musicbrainz_artist,65a5a0fe-8d05-426c-959e-208200dd4e49,https://musicbrainz.org/artist/65a5a0fe-8d05-426c-959e-208200dd4e49
person,318,quora,Morgan-Freeman-actor,
person,318,svensk_film,88384,
person,318,tmdb_person,192,https://www.themoviedb.org/person/192
person,318,twitter,morgan_freeman,
person,318,viaf,85553980,
person,318,wikitree,Freeman-5701,
person,318,wikidata,Q48337,https://www.wikidata.org/wiki/Q48337
person,319,allmovie,p128727,
person,319,allocine,168016,
person,319,bnf,141871800,
person,319,discogs,1316065,
person,319,freebase,/m/077nw3,
person,319,imdb,nm0385830,https://www.imdb.com/title/nm0385830/
person,319,kinopoisk,318921,
person,319,loc,no00030085,
person,319,svensk_film,163372,
person,319,tmdb_person,73029,https://www.themoviedb.org/person/73029
person,319,viaf,41381332,
person,319,wikidata,Q15503273,https://www.wikidata.org/wiki/Q15503273
person,32,allmovie,p671752,
person,32,allocine,408347,
person,32,bnf,166148143,
person,32,discogs,3904988,
person,32,freebase,/m/0cvjtk0,
person,32,gnd,1025232321,
person,32,imdb,nm2851530,https://www.imdb.com/title/nm2851530/
person,32,instagram,danedehaan,
person,32,kinopoisk,1538746,
person,32,loc,no2012070286,
person,32,official_website,http://www.danedehaan.com,http://www.danedehaan.com
person,32,quora,Dane-Dehaan,
person,32,svensk_film,436008,
person,32,tmdb_person,122889,https://www.themoviedb.org/person/122889
person,32,twitter,danedehaan,
person,32,viaf,250577710,
person,32,wikidata,Q860876,https://www.wikidata.org/wiki/Q860876
person,320,discogs,1109894,
person,320,freebase,/m/026p1c9,
person,320,imdb,nm0336103,https://www.imdb.com/title/nm0336103/
person,320,tmdb_person,1236512,https://www.themoviedb.org/person/1236512
person,320,wikidata,Q6304468,https://www.wikidata.org/wiki/Q6304468
person,321,allocine,537405,
person,321,find_a_grave,103722964,
person,321,freebase,/m/0bxztx,
person,321,imdb,nm2398206,https://www.imdb.com/title/nm2398206/
person,321,kinopoisk,1221001,
person,321,loc,n2013070255,
person,321,tmdb_person,1236513,https://www.themoviedb.org/person/1236513
person,321,viaf,305856684,
person,321,wikidata,Q2900257,https://www.wikidata.org/wiki/Q2900257
person,322,allmovie,p99176,
person,322,allocine,59857,
person,322,bnf,119120685,
person,322,discogs,1420344,
person,322,find_a_grave,194672106,
person,322,freebase,/m/079vf,
person,322,gnd,124784755,
person,322,imdb,nm0498278,https://www.imdb.com/title/nm0498278/
person,322,instagram,therealstanlee,
person,322,kinopoisk,8242,
person,322,loc,n83169267,
person,322,musicbrainz_artist,cff1d473-a21b-4df5-9f09-c818bfbeadfe,https://musicbrainz.org/artist/cff1d473-a21b-4df5-9f09-c818bfbeadfe
person,322,official_website,https://therealstanlee.com/,https://therealstanlee.com/
person,322,quora,Stan-Lee-writer,
person,322,svensk_film,118137,
person,322,tmdb_person,7624,https://www.themoviedb.org/person/7624
person,322,twitter,TheRealStanLee,
person,322,viaf,71393805,
person,322,wikitree,Lieber-97,
person,322,wikidata,Q181900,https://www.wikidata.org/wiki/Q181900
person,323,allmovie,p568314,
person,323,allocine,178685,
person,323,bnf,12012942j,
person,323,discogs,2717883,
person,323,freebase,/m/079ws,
person,323,gnd,12974672X,
person,323,imdb,nm0228492,https://www.imdb.com/title/nm0228492/
person,323,kinopoisk,36183,
person,323,loc,n81054658,
person,323,quora,Steve-Ditko-artist,
person,323,svensk_film,298797,
person,323,tmdb_person,7625,https://www.themoviedb.org/person/7625
person,323,viaf,96498656,
person,323,wikitree,Ditko-1,
person,323,wikidata,Q355652,https://www.wikidata.org/wiki/Q355652
person,324,discogs,910746,
person,324,freebase,/m/095rj3,
person,324,imdb,nm0295218,https://www.imdb.com/title/nm0295218/
person,324,loc,n84149894,
person,324,musicbrainz_artist,52761908-7786-4813-93bc-81da899ef7b5,https://musicbrainz.org/artist/52761908-7786-4813-93bc-81da899ef7b5
person,324,official_website,http://garywilliamfriedman.com/,http://garywilliamfriedman.com/
person,324,tmdb_person,1020067,https://www.themoviedb.org/person/1020067
person,324,viaf,40782247,
person,324,wikidata,Q5526164,https://www.wikidata.org/wiki/Q5526164
person,325,discogs,325050,
person,325,freebase,/m/01nx7c1,
person,325,gnd,128843594,
person,325,imdb,nm0006225,https://www.imdb.com/title/nm0006225/
person,325,loc,n82139105,
person,325,musicbrainz_artist,375eabab-45e6-4307-b0ea-e49c436172ba,https://musicbrainz.org/artist/375eabab-45e6-4307-b0ea-e49c436172ba
person,325,official_website,http://www.stuwho.com/,http://www.stuwho.com/
person,325,tmdb_person,32779,https://www.themoviedb.org/person/32779
person,325,viaf,87745742,
person,325,wikidata,Q1534615,https://www.wikidata.org/wiki/Q1534615
person,326,freebase,/m/04gjhk0,
person,326,tmdb_person,1621867,https://www.themoviedb.org/person/1621867
person,326,wikidata,Q3543875,https://www.wikidata.org/wiki/Q3543875
person,327,freebase,/m/010dpb5q,
person,327,wikidata,Q27150671,https://www.wikidata.org/wiki/Q27150671
person,329,freebase,/m/0j6t2xt,
person,329,gnd,1295243121,
person,329,imdb,nm1063074,https://www.imdb.com/title/nm1063074/
person,329,loc,no2010044911,
person,329,musicbrainz_artist,8361c765-eda3-47ee-9fd3-2f90fe4b16fa,https://musicbrainz.org/artist/8361c765-eda3-47ee-9fd3-2f90fe4b16fa
person,329,tmdb_person,1197207,https://www.themoviedb.org/person/1197207
person,329,viaf,108075862,
person,329,wikitree,上原-19,
person,329,wikidata,Q11358600,https://www.wikidata.org/wiki/Q11358600
person,33,allmovie,p26680,
person,33,allocine,21333,
person,33,bnf,14181270h,
person,33,discogs,1346245,
person,33,freebase,/m/0zcbl,
person,33,gnd,135433223,
person,33,imdb,nm0316079,https://www.imdb.com/title/nm0316079/
person,33,kinopoisk,12591,
person,33,loc,no2001042394,
person,33,musicbrainz_artist,3d5203a9-ebd1-4a34-a83e-779440c2731e,https://musicbrainz.org/artist/3d5203a9-ebd1-4a34-a83e-779440c2731e
person,33,svensk_film,179680,
person,33,tmdb_person,13242,https://www.themoviedb.org/person/13242
person,33,viaf,119106033,
person,33,wikidata,Q208649,https://www.wikidata.org/wiki/Q208649
person,331,imdb,nm2086273,https://www.imdb.com/title/nm2086273/
person,331,wikidata,Q132192637,https://www.wikidata.org/wiki/Q132192637
person,332,find_a_grave,8501182,
person,332,freebase,/m/030v1f,
person,332,imdb,nm0184526,https://www.imdb.com/title/nm0184526/
person,332,kinopoisk,829230,
person,332,tmdb_person,1334112,https://www.themoviedb.org/person/1334112
person,332,viaf,317015687,
person,332,wikitree,Cowan-8809,
person,332,wikidata,Q2897726,https://www.wikidata.org/wiki/Q2897726
person,334,allmovie,p80464,
person,334,allocine,30715,
person,334,bnf,137515295,
person,334,discogs,1106986,
person,334,freebase,/m/0mzj5,
person,334,gnd,135641969,
person,334,imdb,nm0000835,https://www.imdb.com/title/nm0000835/
person,334,kinopoisk,116328,
person,334,loc,n87141585,
person,334,official_website,http://www.ralphbakshi.com/,http://www.ralphbakshi.com/
person,334,quora,Ralph-Bakshi,
person,334,svensk_film,77281,
person,334,tmdb_person,16384,https://www.themoviedb.org/person/16384
person,334,twitter,ralphbakshi,
person,334,viaf,57835336,
person,334,wikidata,Q315441,https://www.wikidata.org/wiki/Q315441
person,335,allmovie,p105803,
person,335,allocine,399563,
person,335,bnf,138982965,
person,335,freebase,/m/02q4h3y,
person,335,imdb,nm0666362,https://www.imdb.com/title/nm0666362/
person,335,kinopoisk,301718,
person,335,loc,no2013098742,
person,335,svensk_film,105369,
person,335,tmdb_person,117060,https://www.themoviedb.org/person/117060
person,335,viaf,147887619,
person,335,wikidata,Q3930636,https://www.wikidata.org/wiki/Q3930636
person,336,bnf,14839021v,
person,336,discogs,290092,
person,336,find_a_grave,12081,
person,336,freebase,/m/025cn2,
person,336,gnd,130174289,
person,336,imdb,nm0916990,https://www.imdb.com/title/nm0916990/
person,336,loc,n85273911,
person,336,musicbrainz_artist,b7d69ea7-2f72-43cf-881b-6dc142afdb48,https://musicbrainz.org/artist/b7d69ea7-2f72-43cf-881b-6dc142afdb48
person,336,tmdb_person,19103,https://www.themoviedb.org/person/19103
person,336,viaf,42031713,
person,336,wikidata,Q1620897,https://www.wikidata.org/wiki/Q1620897
person,338,bnf,138936455,
person,338,discogs,260733,
person,338,find_a_grave,31205321,
person,338,freebase,/m/01w4v65,
person,338,gnd,1060028220,
person,338,imdb,nm0086417,https://www.imdb.com/title/nm0086417/
person,338,loc,n2005071745,
person,338,musicbrainz_artist,91835282-702e-497d-93d8-506ad97ddf62,https://musicbrainz.org/artist/91835282-702e-497d-93d8-506ad97ddf62
person,338,tmdb_person,33536,https://www.themoviedb.org/person/33536
person,338,viaf,59269408,
person,338,wikidata,Q7297449,https://www.wikidata.org/wiki/Q7297449
person,339,freebase,/m/0gc4_xc,
person,339,imdb,nm0517456,https://www.imdb.com/title/nm0517456/
person,339,tmdb_person,1236185,https://www.themoviedb.org/person/1236185
person,339,wikidata,Q131380236,https://www.wikidata.org/wiki/Q131380236
person,34,allmovie,p23094,
person,34,allocine,18986,
person,34,bnf,14176854x,
person,34,discogs,2238949,
person,34,freebase,/m/030xr_,
person,34,gnd,142360376,
person,34,imdb,nm0272173,https://www.imdb.com/title/nm0272173/
person,34,kinopoisk,14917,
person,34,loc,no99057506,
person,34,musicbrainz_artist,a894f8d9-48b3-4292-b32d-2d1293746d67,https://musicbrainz.org/artist/a894f8d9-48b3-4292-b32d-2d1293746d67
person,34,svensk_film,201518,
person,34,tmdb_person,10132,https://www.themoviedb.org/person/10132
person,34,viaf,85597284,
person,34,wikidata,Q449679,https://www.wikidata.org/wiki/Q449679
person,340,freebase,/m/08141d,
person,340,imdb,nm0551065,https://www.imdb.com/title/nm0551065/
person,340,instagram,monamarshallvoices,
person,340,loc,no2007055014,
person,340,official_website,http://www.monamarshall.net/MonaMarshallHOME.html,http://www.monamarshall.net/MonaMarshallHOME.html
person,340,tmdb_person,111466,https://www.themoviedb.org/person/111466
person,340,viaf,49005638,
person,340,wikidata,Q261865,https://www.wikidata.org/wiki/Q261865
person,341,freebase,/m/0zwcbfr,
person,341,loc,n81107664,
person,341,viaf,49936609,
person,341,wikidata,Q39039593,https://www.wikidata.org/wiki/Q39039593
person,343,bnf,14126899v,
person,343,find_a_grave,233065795,
person,343,freebase,/m/08xz51,
person,343,gnd,173777686,
person,343,imdb,nm0220039,https://www.imdb.com/title/nm0220039/
person,343,loc,no2005115420,
person,343,tmdb_person,34732,https://www.themoviedb.org/person/34732
person,343,viaf,58824705,
person,343,wikidata,Q543171,https://www.wikidata.org/wiki/Q543171
person,344,freebase,/m/04cz5s,
person,344,imdb,nm0348383,https://www.imdb.com/title/nm0348383/
person,344,tmdb_person,1088275,https://www.themoviedb.org/person/1088275
person,344,wikidata,Q6513738,https://www.wikidata.org/wiki/Q6513738
person,345,bnf,171366481,
person,345,discogs,722401,
person,345,freebase,/m/0273t9n,
person,345,gnd,114691766X,
person,345,imdb,nm0235127,https://www.imdb.com/title/nm0235127/
person,345,loc,n95120598,
person,345,musicbrainz_artist,fadd8625-41f2-4fa9-ac02-26300928cb82,https://musicbrainz.org/artist/fadd8625-41f2-4fa9-ac02-26300928cb82
person,345,tmdb_person,33779,https://www.themoviedb.org/person/33779
person,345,viaf,16482570,
person,345,wikidata,Q1702312,https://www.wikidata.org/wiki/Q1702312
person,346,freebase,/m/0287rf2,
person,346,imdb,nm0123030,https://www.imdb.com/title/nm0123030/
person,346,loc,no2018138700,
person,346,tmdb_person,1236184,https://www.themoviedb.org/person/1236184
person,346,viaf,6654154076044611860001,
person,346,wikidata,Q7963313,https://www.wikidata.org/wiki/Q7963313
person,347,freebase,/m/074r7m,
person,347,gnd,1241371067,
person,347,imdb,nm0308744,https://www.imdb.com/title/nm0308744/
person,347,loc,no99026351,
person,347,musicbrainz_artist,f26b2320-0e08-433b-bf60-a26165fcd1f3,https://musicbrainz.org/artist/f26b2320-0e08-433b-bf60-a26165fcd1f3
person,347,official_website,http://www.kathygarver.com/,http://www.kathygarver.com/
person,347,tmdb_person,1214463,https://www.themoviedb.org/person/1214463
person,347,viaf,73485760,
person,347,wikidata,Q6377230,https://www.wikidata.org/wiki/Q6377230
person,348,allmovie,p24175,
person,348,allocine,68085,
person,348,bnf,15113888d,
person,348,discogs,1205866,
person,348,find_a_grave,181809555,
person,348,freebase,/m/019803,
person,348,gnd,110222832X,
person,348,imdb,nm0004931,https://www.imdb.com/title/nm0004931/
person,348,kinopoisk,55447,
person,348,loc,n87860243,
person,348,musicbrainz_artist,8a71477c-8478-4479-a1ba-4bbe94db64ac,https://musicbrainz.org/artist/8a71477c-8478-4479-a1ba-4bbe94db64ac
person,348,svensk_film,200540,
person,348,tmdb_person,15098,https://www.themoviedb.org/person/15098
person,348,viaf,77841306,
person,348,wikitree,Forer-15,
person,348,wikidata,Q241646,https://www.wikidata.org/wiki/Q241646
person,349,find_a_grave,83921507,
person,349,freebase,/m/08x_6f,
person,349,imdb,nm0876185,https://www.imdb.com/title/nm0876185/
person,349,loc,no2010095255,
person,349,musicbrainz_artist,06bac8eb-17e3-4122-a77e-175103598cf8,https://musicbrainz.org/artist/06bac8eb-17e3-4122-a77e-175103598cf8
person,349,tmdb_person,165898,https://www.themoviedb.org/person/165898
person,349,viaf,121898710,
person,349,wikitree,Tufeld-1,
person,349,wikidata,Q5273483,https://www.wikidata.org/wiki/Q5273483
person,35,allmovie,an1217481,
person,35,allocine,588862,
person,35,bnf,16706349t,
person,35,freebase,/m/0p56ltb,
person,35,gnd,1085670554,
person,35,imdb,nm4043618,https://www.imdb.com/title/nm4043618/
person,35,instagram,tomholland2013,
person,35,kinopoisk,2280681,
person,35,loc,no2013044290,
person,35,musicbrainz_artist,dcd9f75d-1028-40be-9e8b-50e37c4a3e26,https://musicbrainz.org/artist/dcd9f75d-1028-40be-9e8b-50e37c4a3e26
person,35,svensk_film,449626,
person,35,tmdb_person,1136406,https://www.themoviedb.org/person/1136406
person,35,twitter,TomHolland1996,
person,35,viaf,300279794,
person,35,wikitree,Holland-8361,
person,35,wikidata,Q2023710,https://www.wikidata.org/wiki/Q2023710
person,350,imdb,nm0433034,https://www.imdb.com/title/nm0433034/
person,350,tmdb_person,81825,https://www.themoviedb.org/person/81825
person,350,wikidata,Q116272535,https://www.wikidata.org/wiki/Q116272535
person,352,allmovie,p2608,
person,352,allocine,33299,
person,352,bnf,14151073c,
person,352,discogs,332561,
person,352,find_a_grave,231426772,
person,352,freebase,/m/02tkzn,
person,352,gnd,1028357524,
person,352,imdb,nm0000799,https://www.imdb.com/title/nm0000799/
person,352,kinopoisk,20663,
person,352,loc,n81027790,
person,352,musicbrainz_artist,915e3e7e-1245-4046-b189-98ad854a2332,https://musicbrainz.org/artist/915e3e7e-1245-4046-b189-98ad854a2332
person,352,official_website,http://www.ed-asner.com/,http://www.ed-asner.com/
person,352,svensk_film,84647,
person,352,tmdb_person,68812,https://www.themoviedb.org/person/68812
person,352,twitter,TheOnlyEdAsner,
person,352,viaf,54355695,
person,352,wikitree,Asner-2,
person,352,wikidata,Q154421,https://www.wikidata.org/wiki/Q154421
person,353,allmovie,p355119,
person,353,allocine,200237,
person,353,freebase,/m/0b_zvbq,
person,353,imdb,nm0766697,https://www.imdb.com/title/nm0766697/
person,353,kinopoisk,109417,
person,353,loc,no98062736,
person,353,official_website,http://www.rodneysaulsberry.com/,http://www.rodneysaulsberry.com/
person,353,tmdb_person,159068,https://www.themoviedb.org/person/159068
person,353,viaf,24216862,
person,353,wikidata,Q3438239,https://www.wikidata.org/wiki/Q3438239
person,354,allmovie,p29677,
person,354,allocine,79196,
person,354,bnf,141847907,
person,354,discogs,2688647,
person,354,freebase,/m/034rd9,
person,354,imdb,nm0354937,https://www.imdb.com/title/nm0354937/
person,354,instagram,jhalegram,
person,354,kinopoisk,5997,
person,354,loc,no2013017023,
person,354,musicbrainz_artist,68a76a93-0b0b-4665-976a-e3452f1623c1,https://musicbrainz.org/artist/68a76a93-0b0b-4665-976a-e3452f1623c1
person,354,official_website,https://jenniferhale.com/,https://jenniferhale.com/
person,354,quora,Jennifer-Hale-53,
person,354,svensk_film,301098,
person,354,tmdb_person,81667,https://www.themoviedb.org/person/81667
person,354,twitter,jhaletweets,
person,354,viaf,302961961,
person,354,wikidata,Q195041,https://www.wikidata.org/wiki/Q195041
person,355,allmovie,p34382,
person,355,allocine,117100,
person,355,freebase,/m/04jff54,
person,355,imdb,nm0408189,https://www.imdb.com/title/nm0408189/
person,355,kinopoisk,24280,
person,355,musicbrainz_artist,81715543-6530-4439-bad2-0509c9f32ee4,https://musicbrainz.org/artist/81715543-6530-4439-bad2-0509c9f32ee4
person,355,svensk_film,115982,
person,355,tmdb_person,148116,https://www.themoviedb.org/person/148116
person,355,wikidata,Q5525287,https://www.wikidata.org/wiki/Q5525287
person,356,allmovie,p242135,
person,356,bnf,14136546n,
person,356,freebase,/m/065gz6,
person,356,imdb,nm0783889,https://www.imdb.com/title/nm0783889/
person,356,kinopoisk,119411,
person,356,loc,no2013091243,
person,356,tmdb_person,1220904,https://www.themoviedb.org/person/1220904
person,356,viaf,10056972,
person,356,wikidata,Q6257284,https://www.wikidata.org/wiki/Q6257284
person,357,freebase,/m/0bwjywy,
person,357,imdb,nm0724436,https://www.imdb.com/title/nm0724436/
person,357,tmdb_person,87170,https://www.themoviedb.org/person/87170
person,357,wikidata,Q16735198,https://www.wikidata.org/wiki/Q16735198
person,358,bnf,138966107,
person,358,discogs,348669,
person,358,freebase,/m/035pnp,
person,358,gnd,13444423X,
person,358,imdb,nm0506619,https://www.imdb.com/title/nm0506619/
person,358,kinopoisk,77089,
person,358,loc,no2010015006,
person,358,musicbrainz_artist,2a3ef858-6a9a-42ca-a14d-4abe0bc61bf2,https://musicbrainz.org/artist/2a3ef858-6a9a-42ca-a14d-4abe0bc61bf2
person,358,official_website,https://shukilevy.com/,https://shukilevy.com/
person,358,tmdb_person,50099,https://www.themoviedb.org/person/50099
person,358,viaf,49408633,
person,358,wikidata,Q2056096,https://www.wikidata.org/wiki/Q2056096
person,36,allmovie,p37277,
person,36,allocine,11657,
person,36,bnf,13982143t,
person,36,discogs,1793233,
person,36,freebase,/m/01j5ws,
person,36,gnd,13776068X,
person,36,imdb,nm0000474,https://www.imdb.com/title/nm0000474/
person,36,instagram,michaelkeatondouglas,
person,36,kinopoisk,22773,
person,36,loc,n85158135,
person,36,musicbrainz_artist,7f52f54b-abb7-4cd8-ae15-44c335be7bc4,https://musicbrainz.org/artist/7f52f54b-abb7-4cd8-ae15-44c335be7bc4
person,36,svensk_film,97144,
person,36,tmdb_person,2232,https://www.themoviedb.org/person/2232
person,36,twitter,MichaelKeaton,
person,36,viaf,34652181,
person,36,wikitree,Douglas-3458,
person,36,wikidata,Q138005,https://www.wikidata.org/wiki/Q138005
person,360,allmovie,p219974,
person,360,allocine,228070,
person,360,freebase,/m/02vnsdt,
person,360,imdb,nm0668362,https://www.imdb.com/title/nm0668362/
person,360,tmdb_person,94168,https://www.themoviedb.org/person/94168
person,360,viaf,106539786,
person,360,wikidata,Q6252337,https://www.wikidata.org/wiki/Q6252337
person,361,allmovie,p542375,
person,361,allocine,196741,
person,361,freebase,/m/0c69nr,
person,361,imdb,nm0582798,https://www.imdb.com/title/nm0582798/
person,361,kinopoisk,604448,
person,361,loc,n2007063123,
person,361,official_website,http://www.storyboardpro.com,http://www.storyboardpro.com
person,361,svensk_film,408017,
person,361,tmdb_person,87177,https://www.themoviedb.org/person/87177
person,361,viaf,36370978,
person,361,wikidata,Q8002972,https://www.wikidata.org/wiki/Q8002972
person,362,freebase,/m/062_8g5,
person,362,imdb,nm0033773,https://www.imdb.com/title/nm0033773/
person,362,tmdb_person,1242435,https://www.themoviedb.org/person/1242435
person,362,wikidata,Q11886879,https://www.wikidata.org/wiki/Q11886879
person,363,bnf,15007165d,
person,363,freebase,/m/0bd0s_,
person,363,imdb,nm0842268,https://www.imdb.com/title/nm0842268/
person,363,loc,n2003014391,
person,363,musicbrainz_artist,701bfef8-c872-41bb-a041-ae2ee190c5bd,https://musicbrainz.org/artist/701bfef8-c872-41bb-a041-ae2ee190c5bd
person,363,viaf,56887629,
person,363,wikidata,Q3177353,https://www.wikidata.org/wiki/Q3177353
person,365,freebase,/m/0h5tr0b,
person,365,imdb,nm0738472,https://www.imdb.com/title/nm0738472/
person,365,tmdb_person,69664,https://www.themoviedb.org/person/69664
person,365,wikidata,Q11290947,https://www.wikidata.org/wiki/Q11290947
person,366,allmovie,p78584,
person,366,allocine,39997,
person,366,bnf,139888258,
person,366,discogs,1494602,
person,366,freebase,/m/01gcf0,
person,366,gnd,1241355169,
person,366,imdb,nm0005575,https://www.imdb.com/title/nm0005575/
person,366,instagram,ianziering,
person,366,kinopoisk,95165,
person,366,loc,no2005004470,
person,366,musicbrainz_artist,823ac49e-951d-4906-a06c-27037da7f0c3,https://musicbrainz.org/artist/823ac49e-951d-4906-a06c-27037da7f0c3
person,366,official_website,http://www.ianziering.com,http://www.ianziering.com
person,366,svensk_film,85699,
person,366,tmdb_person,19146,https://www.themoviedb.org/person/19146
person,366,twitter,IanZiering,
person,366,viaf,74046799,
person,366,wikidata,Q352233,https://www.wikidata.org/wiki/Q352233
person,367,allmovie,p84256,
person,367,allocine,848,
person,367,bnf,13892191q,
person,367,discogs,1037173,
person,367,freebase,/m/03lmzl,
person,367,gnd,137193734,
person,367,imdb,nm0001018,https://www.imdb.com/title/nm0001018/
person,367,kinopoisk,26776,
person,367,loc,n85201911,
person,367,musicbrainz_artist,f6594217-1039-4332-b0c9-5e7c62c085f1,https://musicbrainz.org/artist/f6594217-1039-4332-b0c9-5e7c62c085f1
person,367,svensk_film,74320,
person,367,tmdb_person,30613,https://www.themoviedb.org/person/30613
person,367,viaf,34642772,
person,367,wikitree,Carradine-6,
person,367,wikidata,Q433417,https://www.wikidata.org/wiki/Q433417
person,368,freebase,/m/0gg8r81,
person,368,imdb,nm0111860,https://www.imdb.com/title/nm0111860/
person,368,tmdb_person,92931,https://www.themoviedb.org/person/92931
person,368,wikidata,Q4762810,https://www.wikidata.org/wiki/Q4762810
person,369,bnf,13777462k,
person,369,freebase,/m/02ywk3,
person,369,gnd,1058047574,
person,369,imdb,nm1144314,https://www.imdb.com/title/nm1144314/
person,369,instagram,brianmbendis,
person,369,loc,no97000437,
person,369,official_website,http://www.jinxworld.com,http://www.jinxworld.com
person,369,tmdb_person,1382000,https://www.themoviedb.org/person/1382000
person,369,twitter,BRIANMBENDIS,
person,369,viaf,22325638,
person,369,wikidata,Q720012,https://www.wikidata.org/wiki/Q720012
person,37,allmovie,p19966,
person,37,allocine,10976,
person,37,bnf,14022770q,
person,37,discogs,227839,
person,37,freebase,/m/016z2j,
person,37,gnd,14001604X,
person,37,imdb,nm0000375,https://www.imdb.com/title/nm0000375/
person,37,instagram,robertdowneyjr,
person,37,kinopoisk,10096,
person,37,loc,no96015422,
person,37,musicbrainz_artist,49e26070-0937-4178-a549-6bbe3c36f282,https://musicbrainz.org/artist/49e26070-0937-4178-a549-6bbe3c36f282
person,37,quora,Robert-Downey-Jr-actor,
person,37,svensk_film,111378,
person,37,tmdb_person,3223,https://www.themoviedb.org/person/3223
person,37,twitter,RobertDowneyJr,
person,37,viaf,19879171,
person,37,wikitree,Downey-382,
person,37,wikidata,Q165219,https://www.wikidata.org/wiki/Q165219
person,370,freebase,/m/05mt3cb,
person,370,imdb,nm0312663,https://www.imdb.com/title/nm0312663/
person,370,loc,n83174243,
person,370,tmdb_person,157839,https://www.themoviedb.org/person/157839
person,370,viaf,43219470,
person,370,wikidata,Q6911671,https://www.wikidata.org/wiki/Q6911671
person,372,bnf,14028398f,
person,372,discogs,10435,
person,372,freebase,/m/01jc21y,
person,372,gnd,134924266,
person,372,imdb,nm0226613,https://www.imdb.com/title/nm0226613/
person,372,instagram,djjohndigweed,
person,372,loc,no2004052910,
person,372,musicbrainz_artist,68cac857-3147-43d0-879e-c63dc9c82014,https://musicbrainz.org/artist/68cac857-3147-43d0-879e-c63dc9c82014
person,372,official_website,http://www.johndigweed.com/,http://www.johndigweed.com/
person,372,twitter,DJJohnDigweed,
person,372,viaf,66665007,
person,372,wikidata,Q303847,https://www.wikidata.org/wiki/Q303847
person,373,discogs,10436,
person,373,freebase,/m/01vtwn8,
person,373,musicbrainz_artist,2db0940a-c1a8-479d-a1ad-a00e1939505b,https://musicbrainz.org/artist/2db0940a-c1a8-479d-a1ad-a00e1939505b
person,373,wikidata,Q7027583,https://www.wikidata.org/wiki/Q7027583
person,374,allmovie,an34763,
person,374,allocine,98407,
person,374,bnf,14649280s,
person,374,freebase,/m/035g8y,
person,374,imdb,nm0852517,https://www.imdb.com/title/nm0852517/
person,374,instagram,jatactor,
person,374,kinopoisk,225796,
person,374,loc,n2008081267,
person,374,musicbrainz_artist,f25ea848-cbb7-41af-8f0a-d6e837b1445e,https://musicbrainz.org/artist/f25ea848-cbb7-41af-8f0a-d6e837b1445e
person,374,official_website,https://www.jamesarnoldtaylor.com,https://www.jamesarnoldtaylor.com
person,374,svensk_film,351249,
person,374,tmdb_person,19506,https://www.themoviedb.org/person/19506
person,374,twitter,JATactor,
person,374,viaf,65951714,
person,374,wikitree,Taylor-49345,
person,374,wikidata,Q2536187,https://www.wikidata.org/wiki/Q2536187
person,375,allmovie,p283194,
person,375,allocine,118017,
person,375,freebase,/m/0490sl,
person,375,imdb,nm0358460,https://www.imdb.com/title/nm0358460/
person,375,kinopoisk,480642,
person,375,loc,no2008133930,
person,375,quora,Daran-Norris-actor,
person,375,tmdb_person,31162,https://www.themoviedb.org/person/31162
person,375,twitter,golfstoomuch,
person,375,viaf,71212335,
person,375,wikidata,Q723021,https://www.wikidata.org/wiki/Q723021
person,376,freebase,/m/06z5ns,
person,376,imdb,nm0551223,https://www.imdb.com/title/nm0551223/
person,376,instagram,vanessamarshall1138,
person,376,loc,no2011006910,
person,376,official_website,http://vanessamarshall.com,http://vanessamarshall.com
person,376,tmdb_person,81663,https://www.themoviedb.org/person/81663
person,376,twitter,vanmarshall,
person,376,viaf,39672663,
person,376,wikidata,Q2259686,https://www.wikidata.org/wiki/Q2259686
person,377,bnf,17022411s,
person,377,freebase,/m/06v079,
person,377,gnd,1162141425,
person,377,imdb,nm0918852,https://www.imdb.com/title/nm0918852/
person,377,loc,n2006014512,
person,377,musicbrainz_artist,19873bef-796e-4380-8fb8-0cbd9f398c07,https://musicbrainz.org/artist/19873bef-796e-4380-8fb8-0cbd9f398c07
person,377,tmdb_person,106827,https://www.themoviedb.org/person/106827
person,377,twitter,greg_weisman,
person,377,viaf,73276361,
person,377,wikidata,Q1544996,https://www.wikidata.org/wiki/Q1544996
person,378,allocine,94556,
person,378,freebase,/m/07k9cxj,
person,378,imdb,nm0177328,https://www.imdb.com/title/nm0177328/
person,378,kinopoisk,672508,
person,378,svensk_film,409219,
person,378,tmdb_person,56851,https://www.themoviedb.org/person/56851
person,378,wikidata,Q3557235,https://www.wikidata.org/wiki/Q3557235
person,38,allmovie,p71267,
person,38,allocine,21130,
person,38,bnf,14032664q,
person,38,discogs,1650654,
person,38,freebase,/m/01g257,
person,38,gnd,142250678,
person,38,imdb,nm0000673,https://www.imdb.com/title/nm0000673/
person,38,instagram,marisatomei,
person,38,kinopoisk,7837,
person,38,loc,n96020595,
person,38,musicbrainz_artist,30d2e5e5-0a1c-487c-baf6-8d33efefa2f8,https://musicbrainz.org/artist/30d2e5e5-0a1c-487c-baf6-8d33efefa2f8
person,38,quora,Marisa-Tomei-actor,
person,38,svensk_film,111787,
person,38,tmdb_person,3141,https://www.themoviedb.org/person/3141
person,38,twitter,marisatomei,
person,38,viaf,85635043,
person,38,wikitree,Tomei-20,
person,38,wikidata,Q191828,https://www.wikidata.org/wiki/Q191828
person,380,bnf,14085447b,
person,380,discogs,609116,
person,380,freebase,/m/03wg6s9,
person,380,imdb,nm0141766,https://www.imdb.com/title/nm0141766/
person,380,loc,no2009124405,
person,380,musicbrainz_artist,a705770b-b67d-43ad-bacc-d7a4fbc3318b,https://musicbrainz.org/artist/a705770b-b67d-43ad-bacc-d7a4fbc3318b
person,380,official_website,http://www.kristophercarter.com/,http://www.kristophercarter.com/
person,380,tmdb_person,497701,https://www.themoviedb.org/person/497701
person,380,viaf,96840850,
person,380,wikidata,Q950086,https://www.wikidata.org/wiki/Q950086
person,382,bnf,141322983,
person,382,discogs,609117,
person,382,freebase,/m/01x2hv_,
person,382,gnd,1389917150,
person,382,imdb,nm0728667,https://www.imdb.com/title/nm0728667/
person,382,loc,no2013129914,
person,382,musicbrainz_artist,298ceab8-12fd-415c-a9fb-fe3c7a90a394,https://musicbrainz.org/artist/298ceab8-12fd-415c-a9fb-fe3c7a90a394
person,382,tmdb_person,1376311,https://www.themoviedb.org/person/1376311
person,382,viaf,86812316,
person,382,wikidata,Q512322,https://www.wikidata.org/wiki/Q512322
person,383,allmovie,p444886,
person,383,allocine,138516,
person,383,bnf,161473920,
person,383,freebase,/m/0b2l8f,
person,383,gnd,138519412,
person,383,imdb,nm1782667,https://www.imdb.com/title/nm1782667/
person,383,instagram,mattlanter,
person,383,kinopoisk,639162,
person,383,loc,n2008081270,
person,383,svensk_film,374116,
person,383,tmdb_person,34202,https://www.themoviedb.org/person/34202
person,383,twitter,MattLanter,
person,383,viaf,65951722,
person,383,wikitree,Lanter-46,
person,383,wikidata,Q312535,https://www.wikidata.org/wiki/Q312535
person,384,allmovie,p294526,
person,384,allocine,101426,
person,384,bnf,12712106p,
person,384,discogs,1590611,
person,384,freebase,/m/06jrhz,
person,384,gnd,1032890916,
person,384,imdb,nm0227704,https://www.imdb.com/title/nm0227704/
person,384,kinopoisk,51353,
person,384,loc,n85197976,
person,384,svensk_film,235868,
person,384,tmdb_person,1211813,https://www.themoviedb.org/person/1211813
person,384,twitter,paul_dini,
person,384,viaf,34582201,
person,384,wikidata,Q636303,https://www.wikidata.org/wiki/Q636303
person,385,allocine,575905,
person,385,bnf,13563010q,
person,385,freebase,/m/07134j,
person,385,gnd,1065351550,
person,385,imdb,nm2399856,https://www.imdb.com/title/nm2399856/
person,385,kinopoisk,1334128,
person,385,loc,n2002030349,
person,385,tmdb_person,207269,https://www.themoviedb.org/person/207269
person,385,twitter,joekellymoa,
person,385,viaf,33816071,
person,385,wikidata,Q730076,https://www.wikidata.org/wiki/Q730076
person,386,bnf,13198229t,
person,386,freebase,/m/09g0jb,
person,386,gnd,102752124X,
person,386,imdb,nm2400268,https://www.imdb.com/title/nm2400268/
person,386,loc,n96118738,
person,386,tmdb_person,1237903,https://www.themoviedb.org/person/1237903
person,386,viaf,71535105,
person,386,wikidata,Q7615312,https://www.wikidata.org/wiki/Q7615312
person,387,freebase,/m/0134ct2x,
person,387,wikidata,Q19801028,https://www.wikidata.org/wiki/Q19801028
person,388,bnf,14118509h,
person,388,discogs,412498,
person,388,freebase,/m/01tm1jb,
person,388,gnd,1018084894,
person,388,imdb,nm0543663,https://www.imdb.com/title/nm0543663/
person,388,musicbrainz_artist,929acfb8-42d3-4f23-a401-a48e3e45cc33,https://musicbrainz.org/artist/929acfb8-42d3-4f23-a401-a48e3e45cc33
person,388,tmdb_person,1464806,https://www.themoviedb.org/person/1464806
person,388,viaf,46968441,
person,388,wikidata,Q4280641,https://www.wikidata.org/wiki/Q4280641
person,389,allmovie,p679552,
person,389,freebase,/m/0gm10vz,
person,389,imdb,nm2837894,https://www.imdb.com/title/nm2837894/
person,389,instagram,robbiedangerous,
person,389,kinopoisk,1522008,
person,389,official_website,http://robbiedaymond.com/,http://robbiedaymond.com/
person,389,tmdb_person,229434,https://www.themoviedb.org/person/229434
person,389,twitter,robbiedaymond,
person,389,wikidata,Q17581437,https://www.wikidata.org/wiki/Q17581437
person,39,allmovie,p22880,
person,39,allocine,24377,
person,39,bnf,14176606h,
person,39,discogs,3318082,
person,39,freebase,/m/01twdk,
person,39,gnd,137204914,
person,39,imdb,nm0269463,https://www.imdb.com/title/nm0269463/
person,39,instagram,jonfavreau,
person,39,kinopoisk,9559,
person,39,loc,n96114612,
person,39,musicbrainz_artist,602a8f8f-cee9-45bf-afe2-bfdc38cde49e,https://musicbrainz.org/artist/602a8f8f-cee9-45bf-afe2-bfdc38cde49e
person,39,quora,Jon-Favreau-1,
person,39,svensk_film,199411,
person,39,tmdb_person,15277,https://www.themoviedb.org/person/15277
person,39,twitter,Jon_Favreau,
person,39,viaf,24811165,
person,39,wikitree,Favreau-76,
person,39,wikidata,Q295964,https://www.wikidata.org/wiki/Q295964
person,390,allmovie,p146386,
person,390,allocine,129639,
person,390,bnf,151200860,
person,390,freebase,/m/06kzfx,
person,390,gnd,1302512129,
person,390,imdb,nm0579914,https://www.imdb.com/title/nm0579914/
person,390,instagram,scottmenville,
person,390,kinopoisk,144912,
person,390,loc,no2009074001,
person,390,musicbrainz_artist,c16fd0df-0957-4aba-9185-5e4598e193d4,https://musicbrainz.org/artist/c16fd0df-0957-4aba-9185-5e4598e193d4
person,390,tmdb_person,113916,https://www.themoviedb.org/person/113916
person,390,twitter,scottmenville,
person,390,viaf,76614978,
person,390,wikidata,Q3090527,https://www.wikidata.org/wiki/Q3090527
person,391,allmovie,p691925,
person,391,allocine,534479,
person,391,bnf,169077036,
person,391,freebase,/m/02qspns,
person,391,gnd,1225822521,
person,391,imdb,nm1161949,https://www.imdb.com/title/nm1161949/
person,391,kinopoisk,70549,
person,391,loc,no2014019696,
person,391,musicbrainz_artist,078a11ee-de74-45d1-9a01-2c7a7b6562c1,https://musicbrainz.org/artist/078a11ee-de74-45d1-9a01-2c7a7b6562c1
person,391,tmdb_person,1219677,https://www.themoviedb.org/person/1219677
person,391,viaf,307172893,
person,391,wikidata,Q3195805,https://www.wikidata.org/wiki/Q3195805
person,392,imdb,nm0683094,https://www.imdb.com/title/nm0683094/
person,392,wikidata,Q29032897,https://www.wikidata.org/wiki/Q29032897
person,396,allmovie,p237231,
person,396,allocine,63957,
person,396,bnf,14464072g,
person,396,discogs,399978,
person,396,freebase,/m/0582cf,
person,396,imdb,nm0048389,https://www.imdb.com/title/nm0048389/
person,396,kinopoisk,27542,
person,396,loc,no2004025696,
person,396,musicbrainz_artist,4dc3f46b-bdb4-481b-ac98-141004296a66,https://musicbrainz.org/artist/4dc3f46b-bdb4-481b-ac98-141004296a66
person,396,official_website,http://www.deebaker.com/deebaker.com/Demos.html,http://www.deebaker.com/deebaker.com/Demos.html
person,396,svensk_film,374120,
person,396,tmdb_person,23680,https://www.themoviedb.org/person/23680
person,396,twitter,deebradleybaker,
person,396,viaf,39082332,
person,396,wikidata,Q837676,https://www.wikidata.org/wiki/Q837676
person,4,allmovie,p727,
person,4,allocine,28076,
person,4,bnf,140060396,
person,4,discogs,1367337,
person,4,find_a_grave,1241,
person,4,freebase,/m/04t9tv,
person,4,gnd,132904225,
person,4,imdb,nm0017376,https://www.imdb.com/title/nm0017376/
person,4,kinopoisk,175841,
person,4,loc,n80015602,
person,4,musicbrainz_artist,78b6b2ce-7d6f-4419-94ab-9ea5b32c8b47,https://musicbrainz.org/artist/78b6b2ce-7d6f-4419-94ab-9ea5b32c8b47
person,4,svensk_film,79169,
person,4,tmdb_person,95732,https://www.themoviedb.org/person/95732
person,4,viaf,71589410,
person,4,wikitree,D'Abruzzo-2,
person,4,wikidata,Q2061166,https://www.wikidata.org/wiki/Q2061166
person,40,allmovie,p54871,
person,40,allocine,21358,
person,40,bnf,14018913p,
person,40,discogs,274378,
person,40,freebase,/m/0bq2g,
person,40,gnd,129578274,
person,40,imdb,nm0000569,https://www.imdb.com/title/nm0000569/
person,40,instagram,gwynethpaltrow,
person,40,kinopoisk,3181,
person,40,loc,no98073797,
person,40,musicbrainz_artist,dc71c08e-3ee5-409d-ae0d-f4fd9050e170,https://musicbrainz.org/artist/dc71c08e-3ee5-409d-ae0d-f4fd9050e170
person,40,official_website,https://gwynethpaltrow.com/,https://gwynethpaltrow.com/
person,40,quora,Gwyneth-Paltrow-actor,
person,40,svensk_film,213048,
person,40,tmdb_person,12052,https://www.themoviedb.org/person/12052
person,40,twitter,GwynethPaltrow,
person,40,viaf,117030333,
person,40,wikitree,Paltrow-2,
person,40,wikidata,Q34460,https://www.wikidata.org/wiki/Q34460
person,400,allocine,262359,
person,400,discogs,435856,
person,400,freebase,/m/073wy4,
person,400,gnd,135430550,
person,400,imdb,nm2079998,https://www.imdb.com/title/nm2079998/
person,400,kinopoisk,1137310,
person,400,loc,no2011161560,
person,400,musicbrainz_artist,563abe5e-06b1-430d-99d4-7abf981c6e5a,https://musicbrainz.org/artist/563abe5e-06b1-430d-99d4-7abf981c6e5a
person,400,official_website,http://patrickstump.com,http://patrickstump.com
person,400,quora,Patrick-Stump-2,
person,400,tmdb_person,135980,https://www.themoviedb.org/person/135980
person,400,twitter,PatrickStump,
person,400,viaf,80179266,
person,400,wikidata,Q314877,https://www.wikidata.org/wiki/Q314877
person,401,imdb,nm0954900,https://www.imdb.com/title/nm0954900/
person,401,instagram,childish_gamzeno,
person,401,tmdb_person,2135035,https://www.themoviedb.org/person/2135035
person,401,twitter,childishgamzeno,
person,401,wikidata,Q108032920,https://www.wikidata.org/wiki/Q108032920
person,405,imdb,nm3574280,https://www.imdb.com/title/nm3574280/
person,405,wikidata,Q113572926,https://www.wikidata.org/wiki/Q113572926
person,406,freebase,/m/0110z4z0,
person,406,imdb,nm3681192,https://www.imdb.com/title/nm3681192/
person,406,loc,no2016035835,
person,406,tmdb_person,1272997,https://www.themoviedb.org/person/1272997
person,406,viaf,222145003323861301334,
person,406,wikidata,Q36745238,https://www.wikidata.org/wiki/Q36745238
person,408,allmovie,p715565,
person,408,allocine,513610,
person,408,freebase,/m/080hlxb,
person,408,imdb,nm2031358,https://www.imdb.com/title/nm2031358/
person,408,instagram,lamorne,
person,408,kinopoisk,1409272,
person,408,loc,no2012147475,
person,408,tmdb_person,1181327,https://www.themoviedb.org/person/1181327
person,408,twitter,LamorneMorris,
person,408,viaf,37158367848101282813,
person,408,wikidata,Q500628,https://www.wikidata.org/wiki/Q500628
person,409,allmovie,p27217,
person,409,allocine,21353,
person,409,bnf,14181866x,
person,409,discogs,832848,
person,409,freebase,/m/053xw6,
person,409,gnd,129581399,
person,409,imdb,nm0322407,https://www.imdb.com/title/nm0322407/
person,409,kinopoisk,12039,
person,409,loc,nr98010296,
person,409,musicbrainz_artist,612178b5-6d7f-4c1d-afd0-2aaf718cdd06,https://musicbrainz.org/artist/612178b5-6d7f-4c1d-afd0-2aaf718cdd06
person,409,svensk_film,188049,
person,409,tmdb_person,2039,https://www.themoviedb.org/person/2039
person,409,viaf,85574367,
person,409,wikitree,Gleeson-324,
person,409,wikidata,Q206659,https://www.wikidata.org/wiki/Q206659
person,41,allmovie,p762625,
person,41,allocine,231715,
person,41,bnf,17042071z,
person,41,freebase,/m/0bgkh2w,
person,41,gnd,1058300792,
person,41,imdb,nm1727825,https://www.imdb.com/title/nm1727825/
person,41,instagram,tonyrevolori,
person,41,kinopoisk,771587,
person,41,loc,no2014109613,
person,41,quora,Tony-Revolori,
person,41,svensk_film,457000,
person,41,tmdb_person,1291350,https://www.themoviedb.org/person/1291350
person,41,twitter,tonyrevolori,
person,41,viaf,310665615,
person,41,wikidata,Q16237562,https://www.wikidata.org/wiki/Q16237562
person,410,allmovie,p791997,
person,410,allocine,555640,
person,410,freebase,/m/0zfcmmz,
person,410,imdb,nm4050835,https://www.imdb.com/title/nm4050835/
person,410,musicbrainz_artist,d3e50d12-11df-44dd-bd46-51d701c13af9,https://musicbrainz.org/artist/d3e50d12-11df-44dd-bd46-51d701c13af9
person,410,tmdb_person,1321015,https://www.themoviedb.org/person/1321015
person,410,viaf,1629171594723303380001,
person,410,wikidata,Q27864073,https://www.wikidata.org/wiki/Q27864073
person,411,allmovie,p463593,
person,411,allocine,196537,
person,411,bnf,161496255,
person,411,discogs,2969407,
person,411,freebase,/m/027dtv3,
person,411,gnd,106212524X,
person,411,imdb,nm1658935,https://www.imdb.com/title/nm1658935/
person,411,kinopoisk,675533,
person,411,loc,no2007102475,
person,411,musicbrainz_artist,ff9feeca-ab6c-4ec5-bfdd-7c82e78da6be,https://musicbrainz.org/artist/ff9feeca-ab6c-4ec5-bfdd-7c82e78da6be
person,411,quora,Jack-Huston,
person,411,svensk_film,389641,
person,411,tmdb_person,54738,https://www.themoviedb.org/person/54738
person,411,twitter,thejackhuston,
person,411,viaf,68716518,
person,411,wikitree,Huston-729,
person,411,wikidata,Q1190693,https://www.wikidata.org/wiki/Q1190693
person,412,allocine,510607,
person,412,bnf,169520916,
person,412,freebase,/m/0znprdn,
person,412,gnd,1178084434,
person,412,imdb,nm3349927,https://www.imdb.com/title/nm3349927/
person,412,loc,no2014164586,
person,412,tmdb_person,1090787,https://www.themoviedb.org/person/1090787
person,412,twitter,orenuziel,
person,412,viaf,311804271,
person,412,wikidata,Q30337128,https://www.wikidata.org/wiki/Q30337128
person,413,allocine,184852,
person,413,freebase,/m/0rfh6q9,
person,413,imdb,nm1208415,https://www.imdb.com/title/nm1208415/
person,413,tmdb_person,1240816,https://www.themoviedb.org/person/1240816
person,413,twitter,SteveLightfoot5,
person,413,wikidata,Q18385505,https://www.wikidata.org/wiki/Q18385505
person,414,allocine,165759,
person,414,freebase,/m/0bj6k8v,
person,414,imdb,nm0102873,https://www.imdb.com/title/nm0102873/
person,414,loc,no2012041201,
person,414,tmdb_person,173847,https://www.themoviedb.org/person/173847
person,414,viaf,232543609,
person,414,wikidata,Q97455101,https://www.wikidata.org/wiki/Q97455101
person,415,wikidata,Q64707932,https://www.wikidata.org/wiki/Q64707932
person,417,bnf,127261583,
person,417,freebase,/m/0727_n,
person,417,gnd,1245314459,
person,417,loc,n89653975,
person,417,viaf,94073315,
person,417,wikidata,Q1723117,https://www.wikidata.org/wiki/Q1723117
person,42,allmovie,p77369,
person,42,allocine,24556,
person,42,bnf,14240015x,
person,42,discogs,538026,
person,42,freebase,/m/08s7qj,
person,42,gnd,1216584478,
person,42,imdb,nm0940158,https://www.imdb.com/title/nm0940158/
person,42,kinopoisk,2601,
person,42,loc,no97056713,
person,42,musicbrainz_artist,28130e85-6c02-49ea-9b51-50ffed3824cc,https://musicbrainz.org/artist/28130e85-6c02-49ea-9b51-50ffed3824cc
person,42,svensk_film,213762,
person,42,tmdb_person,71913,https://www.themoviedb.org/person/71913
person,42,viaf,2683118,
person,42,wikidata,Q1139685,https://www.wikidata.org/wiki/Q1139685
person,43,allmovie,an43326,
person,43,allocine,1273,
person,43,bnf,14018355z,
person,43,discogs,1205848,
person,43,freebase,/m/0308g4,
person,43,gnd,137111037,
person,43,imdb,nm0002033,https://www.imdb.com/title/nm0002033/
person,43,instagram,tynedalyonline,
person,43,kinopoisk,7345,
person,43,loc,nr94012602,
person,43,musicbrainz_artist,8a402a8d-7c2b-40ea-9331-26bbfb84fafe,https://musicbrainz.org/artist/8a402a8d-7c2b-40ea-9331-26bbfb84fafe
person,43,official_website,https://www.tynedalyonline.com/,https://www.tynedalyonline.com/
person,43,svensk_film,74612,
person,43,tmdb_person,66221,https://www.themoviedb.org/person/66221
person,43,twitter,tynedalyonline,
person,43,viaf,64204282,
person,43,wikidata,Q255651,https://www.wikidata.org/wiki/Q255651
person,430,wikidata,Q102140105,https://www.wikidata.org/wiki/Q102140105
person,431,discogs,386713,
person,431,freebase,/m/07ysw4,
person,431,imdb,nm1446007,https://www.imdb.com/title/nm1446007/
person,431,loc,n91087666,
person,431,musicbrainz_artist,844b702c-75bb-43ec-af88-c252a7f8bfd1,https://musicbrainz.org/artist/844b702c-75bb-43ec-af88-c252a7f8bfd1
person,431,viaf,55794798,
person,431,wikidata,Q4118577,https://www.wikidata.org/wiki/Q4118577
person,432,discogs,80061,
person,432,freebase,/m/0fwcsm7,
person,432,gnd,1114754021,
person,432,imdb,nm15263371,https://www.imdb.com/title/nm15263371/
person,432,loc,n83328823,
person,432,musicbrainz_artist,2bbb187f-3825-4b58-9ce4-b72f60174c96,https://musicbrainz.org/artist/2bbb187f-3825-4b58-9ce4-b72f60174c96
person,432,viaf,75241084,
person,432,wikidata,Q11774421,https://www.wikidata.org/wiki/Q11774421
person,438,discogs,58635,
person,438,freebase,/m/01lphm,
person,438,imdb,nm0926423,https://www.imdb.com/title/nm0926423/
person,438,kinopoisk,3948860,
person,438,loc,n2007048514,
person,438,musicbrainz_artist,e8b799e2-4658-4fec-ab86-c4988bf35d64,https://musicbrainz.org/artist/e8b799e2-4658-4fec-ab86-c4988bf35d64
person,438,viaf,270149235080876690003,
person,438,wikidata,Q3019000,https://www.wikidata.org/wiki/Q3019000
person,439,bnf,15103986s,
person,439,discogs,512218,
person,439,freebase,/m/03c8gl,
person,439,imdb,nm0284345,https://www.imdb.com/title/nm0284345/
person,439,musicbrainz_artist,bc709fb2-d4a9-4c93-89c4-e136792d6b40,https://musicbrainz.org/artist/bc709fb2-d4a9-4c93-89c4-e136792d6b40
person,439,official_website,http://baggycat.com/,http://baggycat.com/
person,439,tmdb_person,3414607,https://www.themoviedb.org/person/3414607
person,439,twitter,timfollin,
person,439,viaf,61845042,
person,439,wikidata,Q3063482,https://www.wikidata.org/wiki/Q3063482
person,44,allmovie,p794185,
person,44,allocine,714716,
person,44,bnf,17042069d,
person,44,discogs,6312469,
person,44,freebase,/m/0swnxsm,
person,44,gnd,1185665676,
person,44,imdb,nm4271336,https://www.imdb.com/title/nm4271336/
person,44,instagram,shameikmoore,
person,44,kinopoisk,2378404,
person,44,loc,no2016151994,
person,44,musicbrainz_artist,5cc25e9e-6fcf-47e5-81f5-006e6fcdd085,https://musicbrainz.org/artist/5cc25e9e-6fcf-47e5-81f5-006e6fcdd085
person,44,svensk_film,539942,
person,44,tmdb_person,587506,https://www.themoviedb.org/person/587506
person,44,twitter,meaksworld,
person,44,viaf,1129146284308815330789,
person,44,wikidata,Q16236922,https://www.wikidata.org/wiki/Q16236922
person,440,discogs,2627602,
person,440,imdb,nm1705905,https://www.imdb.com/title/nm1705905/
person,440,musicbrainz_artist,f4467150-ac4a-4491-8ee8-df40cadc9065,https://musicbrainz.org/artist/f4467150-ac4a-4491-8ee8-df40cadc9065
person,440,wikidata,Q5735425,https://www.wikidata.org/wiki/Q5735425
person,447,imdb,nm1393935,https://www.imdb.com/title/nm1393935/
person,447,tmdb_person,2548278,https://www.themoviedb.org/person/2548278
person,447,wikidata,Q111701040,https://www.wikidata.org/wiki/Q111701040
person,448,bnf,14239420k,
person,448,discogs,260318,
person,448,find_a_grave,7087064,
person,448,freebase,/m/0gqjrj,
person,448,imdb,nm0931840,https://www.imdb.com/title/nm0931840/
person,448,loc,no2009142553,
person,448,musicbrainz_artist,fa64a252-4d62-42d7-b7f2-9a3f6bee109e,https://musicbrainz.org/artist/fa64a252-4d62-42d7-b7f2-9a3f6bee109e
person,448,viaf,71605006,
person,448,wikitree,Williams-130735,
person,448,wikidata,Q2442928,https://www.wikidata.org/wiki/Q2442928
person,45,allmovie,p475010,
person,45,allocine,459730,
person,45,bnf,17821305q,
person,45,freebase,/m/0gby9d6,
person,45,gnd,1185666540,
person,45,imdb,nm2159926,https://www.imdb.com/title/nm2159926/
person,45,instagram,mrjakejohnson,
person,45,kinopoisk,1089330,
person,45,loc,no2010037223,
person,45,musicbrainz_artist,364230f3-bdf4-4dbe-9ded-7a91bc7aaf4c,https://musicbrainz.org/artist/364230f3-bdf4-4dbe-9ded-7a91bc7aaf4c
person,45,quora,Jake-Johnson-57,
person,45,svensk_film,421210,
person,45,tmdb_person,543505,https://www.themoviedb.org/person/543505
person,45,twitter,MrJakeJohnson,
person,45,viaf,295788160,
person,45,wikidata,Q171525,https://www.wikidata.org/wiki/Q171525
person,455,discogs,1113516,
person,455,gnd,1032169699,
person,455,imdb,nm5325240,https://www.imdb.com/title/nm5325240/
person,455,loc,nr2006004023,
person,455,musicbrainz_artist,63de9bf3-eeb1-44b4-b2f3-56a742ac8d29,https://musicbrainz.org/artist/63de9bf3-eeb1-44b4-b2f3-56a742ac8d29
person,455,viaf,110242685,
person,455,wikidata,Q7582610,https://www.wikidata.org/wiki/Q7582610
person,456,wikidata,Q117285467,https://www.wikidata.org/wiki/Q117285467
person,458,bnf,144146336,
person,458,freebase,/m/02xbcs,
person,458,gnd,1041230885,
person,458,imdb,nm4987357,https://www.imdb.com/title/nm4987357/
person,458,loc,no97029634,
person,458,tmdb_person,2476524,https://www.themoviedb.org/person/2476524
person,458,viaf,2070923,
person,458,wikidata,Q599109,https://www.wikidata.org/wiki/Q599109
person,459,bnf,12366704z,
person,459,freebase,/m/06fw16,
person,459,gnd,1070505099,
person,459,imdb,nm4587620,https://www.imdb.com/title/nm4587620/
person,459,loc,n89670745,
person,459,tmdb_person,3210419,https://www.themoviedb.org/person/3210419
person,459,twitter,KarlKesel,
person,459,viaf,14849479,
person,459,wikidata,Q351436,https://www.wikidata.org/wiki/Q351436
person,46,allmovie,p651472,
person,46,allocine,423203,
person,46,bnf,16768021b,
person,46,discogs,3936975,
person,46,freebase,/m/0b75jtr,
person,46,gnd,1064683614,
person,46,imdb,nm2794962,https://www.imdb.com/title/nm2794962/
person,46,instagram,haileesteinfeld,
person,46,kinopoisk,1478559,
person,46,loc,no2011086258,
person,46,musicbrainz_artist,373f5bcf-f1ce-4515-83ed-0b8ed636bc14,https://musicbrainz.org/artist/373f5bcf-f1ce-4515-83ed-0b8ed636bc14
person,46,official_website,https://haileesteinfeldofficial.com/,https://haileesteinfeldofficial.com/
person,46,svensk_film,419910,
person,46,tmdb_person,130640,https://www.themoviedb.org/person/130640
person,46,twitter,HaileeSteinfeld,
person,46,viaf,171709613,
person,46,wikidata,Q231726,https://www.wikidata.org/wiki/Q231726
person,460,bnf,16796674q,
person,460,freebase,/m/09f_h6,
person,460,imdb,nm1738923,https://www.imdb.com/title/nm1738923/
person,460,loc,n96027038,
person,460,viaf,260080786,
person,460,wikidata,Q7152640,https://www.wikidata.org/wiki/Q7152640
person,466,discogs,2006034,
person,466,imdb,nm1144869,https://www.imdb.com/title/nm1144869/
person,466,wikidata,Q5458762,https://www.wikidata.org/wiki/Q5458762
person,47,allocine,514081,
person,47,freebase,/m/0j31d00,
person,47,gnd,1176840487,
person,47,imdb,nm3109964,https://www.imdb.com/title/nm3109964/
person,47,instagram,briantyreehenry,
person,47,loc,no2013032775,
person,47,musicbrainz_artist,45f82dbf-2c57-4c96-a0e4-448f5154cc84,https://musicbrainz.org/artist/45f82dbf-2c57-4c96-a0e4-448f5154cc84
person,47,svensk_film,534069,
person,47,tmdb_person,226366,https://www.themoviedb.org/person/226366
person,47,viaf,297983805,
person,47,wikidata,Q26924801,https://www.wikidata.org/wiki/Q26924801
person,48,allmovie,p198203,
person,48,allocine,18597,
person,48,freebase,/m/025rtth,
person,48,gnd,1207118567,
person,48,imdb,nm0904967,https://www.imdb.com/title/nm0904967/
person,48,instagram,lalunavelez,
person,48,kinopoisk,55431,
person,48,loc,no00067096,
person,48,svensk_film,212918,
person,48,tmdb_person,141610,https://www.themoviedb.org/person/141610
person,48,viaf,11853327,
person,48,wikidata,Q235359,https://www.wikidata.org/wiki/Q235359
person,480,allmovie,p813773,
person,480,bnf,14140068b,
person,480,discogs,342526,
person,480,freebase,/m/028ytd,
person,480,gnd,134897129,
person,480,imdb,nm0848118,https://www.imdb.com/title/nm0848118/
person,480,instagram,tommytallarico,
person,480,kinopoisk,660529,
person,480,loc,no2005088525,
person,480,musicbrainz_artist,1e5edf26-5a54-4e6d-a4a6-328242a49162,https://musicbrainz.org/artist/1e5edf26-5a54-4e6d-a4a6-328242a49162
person,480,official_website,https://www.tallarico.com/,https://www.tallarico.com/
person,480,quora,Tommy-Tallarico,
person,480,tmdb_person,216090,https://www.themoviedb.org/person/216090
person,480,twitter,TommyTallarico,
person,480,viaf,26802530,
person,480,wikidata,Q2467615,https://www.wikidata.org/wiki/Q2467615
person,488,allmovie,p63589,
person,488,freebase,/m/0gc17hs,
person,488,gnd,121516849,
person,488,imdb,nm0770709,https://www.imdb.com/title/nm0770709/
person,488,kinopoisk,193765,
person,488,loc,n99257157,
person,488,musicbrainz_artist,73032338-f1d5-47fc-873f-3184cc0214d1,https://musicbrainz.org/artist/73032338-f1d5-47fc-873f-3184cc0214d1
person,488,svensk_film,146709,
person,488,tmdb_person,591921,https://www.themoviedb.org/person/591921
person,488,twitter,CigarBargains,
person,488,viaf,61894349,
person,488,wikitree,Schell-1477,
person,488,wikidata,Q120875,https://www.wikidata.org/wiki/Q120875
person,49,allmovie,p114336,
person,49,allocine,22190,
person,49,bnf,14040365z,
person,49,discogs,347730,
person,49,freebase,/m/011_3s,
person,49,gnd,118949918,
person,49,imdb,nm0005499,https://www.imdb.com/title/nm0005499/
person,49,kinopoisk,7039,
person,49,loc,n85242403,
person,49,musicbrainz_artist,9f3abc35-a308-430d-833a-cb793eeec95e,https://musicbrainz.org/artist/9f3abc35-a308-430d-833a-cb793eeec95e
person,49,official_website,http://www.lilytomlin.com/,http://www.lilytomlin.com/
person,49,svensk_film,76475,
person,49,tmdb_person,10437,https://www.themoviedb.org/person/10437
person,49,twitter,LilyTomlin,
person,49,viaf,72193701,
person,49,wikitree,Tomlin-283,
person,49,wikidata,Q229271,https://www.wikidata.org/wiki/Q229271
person,5,allmovie,p122341,
person,5,allocine,115980,
person,5,freebase,/m/05sd_0,
person,5,imdb,nm0116885,https://www.imdb.com/title/nm0116885/
person,5,kinopoisk,63792,
person,5,loc,no2012059254,
person,5,svensk_film,251792,
person,5,tmdb_person,1216952,https://www.themoviedb.org/person/1216952
person,5,viaf,246339327,
person,5,wikidata,Q5364770,https://www.wikidata.org/wiki/Q5364770
person,50,allocine,245526,
person,50,discogs,1381621,
person,50,freebase,/m/03ckk1n,
person,50,imdb,nm1825214,https://www.imdb.com/title/nm1825214/
person,50,instagram,johnmulaney,
person,50,kinopoisk,1287046,
person,50,loc,n2012039169,
person,50,musicbrainz_artist,c2159cf3-40a5-4215-a30b-a952ac3f8aca,https://musicbrainz.org/artist/c2159cf3-40a5-4215-a30b-a952ac3f8aca
person,50,official_website,http://www.johnmulaney.com,http://www.johnmulaney.com
person,50,quora,John-Mulaney-1,
person,50,tmdb_person,933558,https://www.themoviedb.org/person/933558
person,50,twitter,mulaney,
person,50,viaf,251107882,
person,50,wikitree,Mulaney-3,
person,50,wikidata,Q6249723,https://www.wikidata.org/wiki/Q6249723
person,500,bnf,162341633,
person,500,gnd,1012547760,
person,500,imdb,nm1669477,https://www.imdb.com/title/nm1669477/
person,500,kinopoisk,2855892,
person,500,loc,nb2010011127,
person,500,official_website,http://www.savagebreakfast.com,http://www.savagebreakfast.com
person,500,viaf,98143285,
person,500,wikidata,Q2924984,https://www.wikidata.org/wiki/Q2924984
person,51,allmovie,p791190,
person,51,allocine,583923,
person,51,freebase,/m/010r0kb_,
person,51,imdb,nm4733752,https://www.imdb.com/title/nm4733752/
person,51,instagram,kimikoglenn,
person,51,kinopoisk,2701147,
person,51,loc,no2016134400,
person,51,musicbrainz_artist,b55d99e7-2e40-458e-a7df-871de9757f57,https://musicbrainz.org/artist/b55d99e7-2e40-458e-a7df-871de9757f57
person,51,official_website,https://www.kimikoglenn.com,https://www.kimikoglenn.com
person,51,tmdb_person,1443708,https://www.themoviedb.org/person/1443708
person,51,twitter,KimikoGlenn,
person,51,viaf,54147662926060550822,
person,51,wikidata,Q17581497,https://www.wikidata.org/wiki/Q17581497
person,510,discogs,425892,
person,510,freebase,/m/0bmxr2,
person,510,imdb,nm1054892,https://www.imdb.com/title/nm1054892/
person,510,instagram,tobiasenhus,
person,510,musicbrainz_artist,0a757b9d-abf6-44c9-b4f8-3091206c0086,https://musicbrainz.org/artist/0a757b9d-abf6-44c9-b4f8-3091206c0086
person,510,tmdb_person,62701,https://www.themoviedb.org/person/62701
person,510,twitter,enhus,
person,510,wikidata,Q7811623,https://www.wikidata.org/wiki/Q7811623
person,511,loc,n2003085334,
person,511,viaf,54154074371611740747,
person,511,wikidata,Q134889540,https://www.wikidata.org/wiki/Q134889540
person,517,bnf,14143392r,
person,517,discogs,184363,
person,517,freebase,/m/0f44h6,
person,517,gnd,135243947,
person,517,imdb,nm0892868,https://www.imdb.com/title/nm0892868/
person,517,loc,no2002000616,
person,517,musicbrainz_artist,dcaa22e5-aa7b-4b5d-84c7-db0c81e0737c,https://musicbrainz.org/artist/dcaa22e5-aa7b-4b5d-84c7-db0c81e0737c
person,517,official_website,https://www.venablemusic.com,https://www.venablemusic.com
person,517,tmdb_person,23739,https://www.themoviedb.org/person/23739
person,517,twitter,jlvmusic,
person,517,viaf,61754888,
person,517,wikidata,Q525390,https://www.wikidata.org/wiki/Q525390
person,518,bnf,14603343k,
person,518,discogs,1757303,
person,518,freebase,/m/03f40jq,
person,518,gnd,124190989X,
person,518,imdb,nm0160646,https://www.imdb.com/title/nm0160646/
person,518,instagram,jamie.christopherson,
person,518,loc,no2019097409,
person,518,musicbrainz_artist,4e87a800-197c-49ad-8259-933f5bead857,https://musicbrainz.org/artist/4e87a800-197c-49ad-8259-933f5bead857
person,518,official_website,http://www.jamiechristopherson.com,http://www.jamiechristopherson.com
person,518,tmdb_person,1283653,https://www.themoviedb.org/person/1283653
person,518,twitter,JamieCComposer,
person,518,viaf,5338156317464202350009,
person,518,wikidata,Q6146720,https://www.wikidata.org/wiki/Q6146720
person,52,allmovie,p10155,
person,52,allocine,536,
person,52,bnf,13930667p,
person,52,discogs,282991,
person,52,freebase,/m/01vvb4m,
person,52,gnd,129454532,
person,52,imdb,nm0000115,https://www.imdb.com/title/nm0000115/
person,52,kinopoisk,6793,
person,52,loc,n88034915,
person,52,musicbrainz_artist,f6b92af8-75ab-4f42-83a0-6adf49b34b40,https://musicbrainz.org/artist/f6b92af8-75ab-4f42-83a0-6adf49b34b40
person,52,svensk_film,100855,
person,52,tmdb_person,2963,https://www.themoviedb.org/person/2963
person,52,viaf,29721097,
person,52,wikitree,Coppola-109,
person,52,wikidata,Q42869,https://www.wikidata.org/wiki/Q42869
person,520,imdb,nm0034229,https://www.imdb.com/title/nm0034229/
person,520,tmdb_person,1418227,https://www.themoviedb.org/person/1418227
person,520,wikidata,Q115272146,https://www.wikidata.org/wiki/Q115272146
person,521,imdb,nm0034230,https://www.imdb.com/title/nm0034230/
person,521,tmdb_person,3059286,https://www.themoviedb.org/person/3059286
person,521,wikidata,Q125421549,https://www.wikidata.org/wiki/Q125421549
person,525,bnf,14106529f,
person,525,freebase,/m/02wkz7f,
person,525,imdb,nm0389280,https://www.imdb.com/title/nm0389280/
person,525,loc,n96018876,
person,525,tmdb_person,179239,https://www.themoviedb.org/person/179239
person,525,viaf,2327149619443604010008,
person,525,wikidata,Q120596665,https://www.wikidata.org/wiki/Q120596665
person,526,imdb,nm0833353,https://www.imdb.com/title/nm0833353/
person,526,wikidata,Q117859651,https://www.wikidata.org/wiki/Q117859651
person,527,bnf,150450168,
person,527,freebase,/m/07gllf,
person,527,gnd,110721341X,
person,527,imdb,nm2739541,https://www.imdb.com/title/nm2739541/
person,527,kinopoisk,3471222,
person,527,loc,n95002082,
person,527,tmdb_person,2647893,https://www.themoviedb.org/person/2647893
person,527,twitter,danslott,
person,527,viaf,71678738,
person,527,wikidata,Q3013218,https://www.wikidata.org/wiki/Q3013218
person,53,allmovie,p197753,
person,53,allocine,24789,
person,53,bnf,142253595,
person,53,discogs,466478,
person,53,freebase,/m/0prfz,
person,53,gnd,142297011,
person,53,imdb,nm0000630,https://www.imdb.com/title/nm0000630/
person,53,instagram,lievschreiber,
person,53,kinopoisk,8453,
person,53,loc,no95060510,
person,53,musicbrainz_artist,4243bbc1-f4d5-4cd6-9671-af3ae59d29b4,https://musicbrainz.org/artist/4243bbc1-f4d5-4cd6-9671-af3ae59d29b4
person,53,official_website,http://www.myspace.com/lievschreiberofficial,http://www.myspace.com/lievschreiberofficial
person,53,quora,Liev-Schreiber,
person,53,svensk_film,225461,
person,53,tmdb_person,23626,https://www.themoviedb.org/person/23626
person,53,twitter,LievSchreiber,
person,53,viaf,36899830,
person,53,wikitree,Schreiber-328,
person,53,wikidata,Q298368,https://www.wikidata.org/wiki/Q298368
person,532,bnf,12290862d,
person,532,freebase,/m/067xw,
person,532,gnd,129101486,
person,532,imdb,nm0203035,https://www.imdb.com/title/nm0203035/
person,532,loc,n95048427,
person,532,musicbrainz_artist,4c91a4c5-f409-4f8e-9c27-48f23d3e7447,https://musicbrainz.org/artist/4c91a4c5-f409-4f8e-9c27-48f23d3e7447
person,532,official_website,http://www.peterdavid.net,http://www.peterdavid.net
person,532,tmdb_person,156223,https://www.themoviedb.org/person/156223
person,532,twitter,PeterDavid_PAD,
person,532,viaf,88979379,
person,532,wikidata,Q1351554,https://www.wikidata.org/wiki/Q1351554
person,533,bnf,15105035w,
person,533,discogs,937959,
person,533,freebase,/m/03hz_7x,
person,533,gnd,1229204490,
person,533,imdb,nm0547776,https://www.imdb.com/title/nm0547776/
person,533,loc,no2011049711,
person,533,musicbrainz_artist,68b0f039-060d-4abc-a592-9db56ecf5bf0,https://musicbrainz.org/artist/68b0f039-060d-4abc-a592-9db56ecf5bf0
person,533,official_website,https://www.gerardkmarino.com/,https://www.gerardkmarino.com/
person,533,tmdb_person,1096369,https://www.themoviedb.org/person/1096369
person,533,viaf,59381259,
person,533,wikidata,Q3760914,https://www.wikidata.org/wiki/Q3760914
person,537,instagram,maxime.goulet,
person,537,official_website,http://maximegoulet.com/,http://maximegoulet.com/
person,537,twitter,maxime_goulet,
person,537,wikidata,Q91888470,https://www.wikidata.org/wiki/Q91888470
person,538,bnf,141473665,
person,538,discogs,993129,
person,538,freebase,/m/01tm94l,
person,538,gnd,1144925479,
person,538,imdb,nm0958735,https://www.imdb.com/title/nm0958735/
person,538,loc,no2022112939,
person,538,musicbrainz_artist,ba23bac1-2b00-43fb-95e5-c3c0fd286e7e,https://musicbrainz.org/artist/ba23bac1-2b00-43fb-95e5-c3c0fd286e7e
person,538,official_website,http://www.inonzur.com,http://www.inonzur.com
person,538,tmdb_person,1116136,https://www.themoviedb.org/person/1116136
person,538,twitter,inonzur,
person,538,viaf,69138417,
person,538,wikidata,Q933777,https://www.wikidata.org/wiki/Q933777
person,54,allmovie,p29408,
person,54,allocine,31683,
person,54,bnf,141844834,
person,54,discogs,3999358,
person,54,freebase,/m/02js6_,
person,54,gnd,129166952,
person,54,imdb,nm0350453,https://www.imdb.com/title/nm0350453/
person,54,instagram,jakegyllenhaal,
person,54,kinopoisk,22692,
person,54,loc,no99077345,
person,54,musicbrainz_artist,99d145d6-0280-4e84-98a3-5c07c9286077,https://musicbrainz.org/artist/99d145d6-0280-4e84-98a3-5c07c9286077
person,54,omni,1809bbfc-3da5-4dca-aeea-0940ec8bd4a3,
person,54,quora,Jake-Gyllenhaal-actor,
person,54,svensk_film,274997,
person,54,tmdb_person,131,https://www.themoviedb.org/person/131
person,54,viaf,119841478,
person,54,wikitree,Gyllenhaal-1,
person,54,wikidata,Q133313,https://www.wikidata.org/wiki/Q133313
person,541,allocine,106500,
person,541,bnf,14099622q,
person,541,freebase,/m/02vpbrs,
person,541,gnd,1130281906,
person,541,imdb,nm0300800,https://www.imdb.com/title/nm0300800/
person,541,loc,nb2009000194,
person,541,official_website,https://christosgage.com/,https://christosgage.com/
person,541,tmdb_person,73701,https://www.themoviedb.org/person/73701
person,541,twitter,Christosgage,
person,541,viaf,32204478,
person,541,wikidata,Q5113550,https://www.wikidata.org/wiki/Q5113550
person,542,wikidata,Q111722517,https://www.wikidata.org/wiki/Q111722517
person,546,freebase,/m/09thdlv,
person,546,imdb,nm0155259,https://www.imdb.com/title/nm0155259/
person,546,tmdb_person,42261,https://www.themoviedb.org/person/42261
person,546,wikidata,Q16203762,https://www.wikidata.org/wiki/Q16203762
person,549,bnf,13177945b,
person,549,discogs,205109,
person,549,freebase,/m/01z77z,
person,549,gnd,128432594,
person,549,loc,n87116912,
person,549,musicbrainz_artist,1aaa3731-820f-4535-a43e-4e139675833d,https://musicbrainz.org/artist/1aaa3731-820f-4535-a43e-4e139675833d
person,549,official_website,http://www.editions75.com/,http://www.editions75.com/
person,549,viaf,115979597,
person,549,wikidata,Q1364087,https://www.wikidata.org/wiki/Q1364087
person,55,allmovie,p34866,
person,55,allocine,14454,
person,55,bnf,13999677d,
person,55,discogs,252791,
person,55,freebase,/m/0f5xn,
person,55,gnd,124198511,
person,55,imdb,nm0000168,https://www.imdb.com/title/nm0000168/
person,55,instagram,samuelljackson,
person,55,kinopoisk,7164,
person,55,loc,no96025567,
person,55,musicbrainz_artist,a1c82f09-cc3a-4c94-a518-cba50d9bfab1,https://musicbrainz.org/artist/a1c82f09-cc3a-4c94-a518-cba50d9bfab1
person,55,official_website,http://www.samuelljackson.com/,http://www.samuelljackson.com/
person,55,quora,Samuel-L-Jackson-actor,
person,55,svensk_film,92993,
person,55,tmdb_person,2231,https://www.themoviedb.org/person/2231
person,55,twitter,SamuelLJackson,
person,55,viaf,84357496,
person,55,wikitree,Jackson-11302,
person,55,wikidata,Q172678,https://www.wikidata.org/wiki/Q172678
person,550,bnf,165184781,
person,550,freebase,/m/0bbx07m,
person,550,imdb,nm2095224,https://www.imdb.com/title/nm2095224/
person,550,loc,no2013084198,
person,550,musicbrainz_artist,83f808aa-a106-413e-8469-9f63bc1b9dba,https://musicbrainz.org/artist/83f808aa-a106-413e-8469-9f63bc1b9dba
person,550,tmdb_person,1159663,https://www.themoviedb.org/person/1159663
person,550,viaf,305130185,
person,550,wikidata,Q6270460,https://www.wikidata.org/wiki/Q6270460
person,558,bnf,13072539x,
person,558,freebase,/m/02y8th,
person,558,gnd,1041769091,
person,558,imdb,nm1598146,https://www.imdb.com/title/nm1598146/
person,558,loc,n88630603,
person,558,official_website,http://www.Busiek.com,http://www.Busiek.com
person,558,tmdb_person,1381997,https://www.themoviedb.org/person/1381997
person,558,twitter,kurtbusiek,
person,558,viaf,2607471,
person,558,wikidata,Q971041,https://www.wikidata.org/wiki/Q971041
person,56,allmovie,p353998,
person,56,allocine,104769,
person,56,bnf,15722741g,
person,56,discogs,3917476,
person,56,freebase,/m/08j5l5,
person,56,gnd,140568107,
person,56,imdb,nm1130627,https://www.imdb.com/title/nm1130627/
person,56,instagram,cobiesmulders,
person,56,kinopoisk,554916,
person,56,loc,no2010092739,
person,56,musicbrainz_artist,f16e156c-25b4-4793-a61f-8b76e7c42123,https://musicbrainz.org/artist/f16e156c-25b4-4793-a61f-8b76e7c42123
person,56,quora,Cobie-Smulders-actor,
person,56,svensk_film,441856,
person,56,tmdb_person,71189,https://www.themoviedb.org/person/71189
person,56,twitter,CobieSmulders,
person,56,viaf,107250250,
person,56,wikidata,Q200566,https://www.wikidata.org/wiki/Q200566
person,560,wikidata,Q125688208,https://www.wikidata.org/wiki/Q125688208
person,563,wikidata,Q92927551,https://www.wikidata.org/wiki/Q92927551
person,57,gnd,1328707075,
person,57,imdb,nm8188622,https://www.imdb.com/title/nm8188622/
person,57,instagram,lifeisaloha,
person,57,loc,no2017135395,
person,57,svensk_film,543663,
person,57,tmdb_person,1649152,https://www.themoviedb.org/person/1649152
person,57,viaf,19150868179822070293,
person,57,wikidata,Q26213909,https://www.wikidata.org/wiki/Q26213909
person,570,bnf,16655855r,
person,570,discogs,2749858,
person,570,freebase,/m/0dstf48,
person,570,gnd,105846616X,
person,570,imdb,nm1373352,https://www.imdb.com/title/nm1373352/
person,570,loc,no2012134273,
person,570,musicbrainz_artist,60ad66db-1726-4e6f-8d38-e403d4d29790,https://musicbrainz.org/artist/60ad66db-1726-4e6f-8d38-e403d4d29790
person,570,official_website,http://www.johnpaesano.com/,http://www.johnpaesano.com/
person,570,tmdb_person,77949,https://www.themoviedb.org/person/77949
person,570,twitter,johnpaesano,
person,570,viaf,252692661,
person,570,wikidata,Q16734003,https://www.wikidata.org/wiki/Q16734003
person,574,wikidata,Q86078755,https://www.wikidata.org/wiki/Q86078755
person,58,allocine,111573,
person,58,bnf,17054984g,
person,58,freebase,/m/06sj3p,
person,58,gnd,1315546825,
person,58,imdb,nm0771414,https://www.imdb.com/title/nm0771414/
person,58,instagram,martinstarr,
person,58,loc,no2007120157,
person,58,musicbrainz_artist,6000cdd4-c688-45a1-9d81-ef76dc8fb7c7,https://musicbrainz.org/artist/6000cdd4-c688-45a1-9d81-ef76dc8fb7c7
person,58,svensk_film,311841,
person,58,tmdb_person,41089,https://www.themoviedb.org/person/41089
person,58,twitter,martinstarr,
person,58,viaf,117149066341465600064,
person,58,wikidata,Q716343,https://www.wikidata.org/wiki/Q716343
person,580,find_a_grave,157488159,
person,580,freebase,/m/0d7nqg,
person,580,wikidata,Q7964090,https://www.wikidata.org/wiki/Q7964090
person,581,allmovie,p461129,
person,581,allocine,118948,
person,581,bnf,14554605z,
person,581,freebase,/m/08r1g7,
person,581,imdb,nm0523180,https://www.imdb.com/title/nm0523180/
person,581,instagram,yurilowenthal,
person,581,kinopoisk,1571675,
person,581,loc,no2009110748,
person,581,musicbrainz_artist,d3ddd23c-e94f-4a90-8851-977875dbf22e,https://musicbrainz.org/artist/d3ddd23c-e94f-4a90-8851-977875dbf22e
person,581,official_website,http://www.yurilowenthal.com/,http://www.yurilowenthal.com/
person,581,svensk_film,415677,
person,581,tmdb_person,127387,https://www.themoviedb.org/person/127387
person,581,twitter,yurilowenthal,
person,581,viaf,253601665,
person,581,wikitree,Lowenthal-53,
person,581,wikidata,Q579804,https://www.wikidata.org/wiki/Q579804
person,59,allmovie,p235678,
person,59,allocine,79484,
person,59,freebase,/m/03cvzms,
person,59,imdb,nm1356578,https://www.imdb.com/title/nm1356578/
person,59,instagram,ohsnapjbsmoove,
person,59,kinopoisk,3138,
person,59,loc,no2010198798,
person,59,official_website,https://www.jbsmoove.com/,https://www.jbsmoove.com/
person,59,svensk_film,301260,
person,59,tmdb_person,65920,https://www.themoviedb.org/person/65920
person,59,twitter,ohsnapjbsmoove,
person,59,viaf,160555560,
person,59,wikitree,Brooks-27295,
person,59,wikidata,Q3778264,https://www.wikidata.org/wiki/Q3778264
person,6,allmovie,p12317,
person,6,allocine,21120,
person,6,freebase,/m/01lsq_,
person,6,gnd,106165169X,
person,6,imdb,nm0001034,https://www.imdb.com/title/nm0001034/
person,6,instagram,chao_time,
person,6,kinopoisk,29931,
person,6,loc,no94040831,
person,6,musicbrainz_artist,4705ec34-ee09-4d16-ba4a-8327a358efff,https://musicbrainz.org/artist/4705ec34-ee09-4d16-ba4a-8327a358efff
person,6,svensk_film,95208,
person,6,tmdb_person,74073,https://www.themoviedb.org/person/74073
person,6,twitter,rosalindchao,
person,6,viaf,4510313,
person,6,wikidata,Q253578,https://www.wikidata.org/wiki/Q253578
person,60,allmovie,p356879,
person,60,allocine,81223,
person,60,freebase,/m/0f0spt,
person,60,gnd,1163638153,
person,60,imdb,nm0938950,https://www.imdb.com/title/nm0938950/
person,60,instagram,wongrel,
person,60,kinopoisk,40398,
person,60,loc,no2005018149,
person,60,svensk_film,276730,
person,60,tmdb_person,30082,https://www.themoviedb.org/person/30082
person,60,twitter,wongrel,
person,60,viaf,44025555,
person,60,wikidata,Q3329808,https://www.wikidata.org/wiki/Q3329808
person,61,allmovie,p483975,
person,61,allocine,147909,
person,61,bnf,16763456w,
person,61,discogs,2208102,
person,61,freebase,/m/0czv3f,
person,61,gnd,142423777,
person,61,imdb,nm1209966,https://www.imdb.com/title/nm1209966/
person,61,instagram,oscarisaac,
person,61,kinopoisk,43284,
person,61,loc,no2007028872,
person,61,musicbrainz_artist,f5f3305f-22ea-45d5-a15e-0fbfedc08ccd,https://musicbrainz.org/artist/f5f3305f-22ea-45d5-a15e-0fbfedc08ccd
person,61,quora,Oscar-Isaac-actor,
person,61,svensk_film,347616,
person,61,tmdb_person,25072,https://www.themoviedb.org/person/25072
person,61,viaf,58853436,
person,61,wikitree,Hernández_Estrada-1,
person,61,wikidata,Q336788,https://www.wikidata.org/wiki/Q336788
person,62,allmovie,p263441,
person,62,allocine,30279,
person,62,bnf,14514396f,
person,62,discogs,381774,
person,62,freebase,/m/02qfhb,
person,62,gnd,129801712,
person,62,imdb,nm0005403,https://www.imdb.com/title/nm0005403/
person,62,kinopoisk,36037,
person,62,loc,no2003014112,
person,62,musicbrainz_artist,197c5ea8-1fee-4692-9282-bd093852292e,https://musicbrainz.org/artist/197c5ea8-1fee-4692-9282-bd093852292e
person,62,svensk_film,306394,
person,62,tmdb_person,17881,https://www.themoviedb.org/person/17881
person,62,viaf,85825801,
person,62,wikitree,Schwartzman-17,
person,62,wikidata,Q313705,https://www.wikidata.org/wiki/Q313705
person,63,allmovie,p598195,
person,63,allocine,208088,
person,63,bnf,171568349,
person,63,freebase,/m/0287jdx,
person,63,gnd,1013318609,
person,63,imdb,nm2257207,https://www.imdb.com/title/nm2257207/
person,63,kinopoisk,1113516,
person,63,loc,no2016039049,
person,63,musicbrainz_artist,6959ebc6-75a3-48d4-b903-61edad15a750,https://musicbrainz.org/artist/6959ebc6-75a3-48d4-b903-61edad15a750
person,63,svensk_film,427039,
person,63,tmdb_person,206919,https://www.themoviedb.org/person/206919
person,63,viaf,173442627,
person,63,wikidata,Q510970,https://www.wikidata.org/wiki/Q510970
person,64,allmovie,p707743,
person,64,allocine,567504,
person,64,gnd,1190135264,
person,64,imdb,nm4175221,https://www.imdb.com/title/nm4175221/
person,64,instagram,itskaransoni,
person,64,loc,no2018112119,
person,64,svensk_film,466420,
person,64,tmdb_person,1109702,https://www.themoviedb.org/person/1109702
person,64,twitter,itskaransoni,
person,64,viaf,9254153532488148820002,
person,64,wikidata,Q22815258,https://www.wikidata.org/wiki/Q22815258
person,65,allmovie,p198203,
person,65,allocine,18597,
person,65,freebase,/m/025rtth,
person,65,gnd,1207118567,
person,65,imdb,nm0904967,https://www.imdb.com/title/nm0904967/
person,65,instagram,lalunavelez,
person,65,kinopoisk,55431,
person,65,loc,no00067096,
person,65,svensk_film,212918,
person,65,tmdb_person,141610,https://www.themoviedb.org/person/141610
person,65,viaf,11853327,
person,65,wikidata,Q235359,https://www.wikidata.org/wiki/Q235359
person,66,allmovie,p279162,
person,66,allocine,61593,
person,66,bnf,166949292,
person,66,freebase,/m/03yj_0n,
person,66,gnd,1234427621,
person,66,imdb,nm0924154,https://www.imdb.com/title/nm0924154/
person,66,kinopoisk,34780,
person,66,loc,no2007111050,
person,66,musicbrainz_artist,4bf71eee-4057-4700-a65b-096f984d661f,https://musicbrainz.org/artist/4bf71eee-4057-4700-a65b-096f984d661f
person,66,svensk_film,286808,
person,66,tmdb_person,74242,https://www.themoviedb.org/person/74242
person,66,viaf,71179173,
person,66,wikidata,Q3959303,https://www.wikidata.org/wiki/Q3959303
person,67,allmovie,p791133,
person,67,allocine,104746,
person,67,freebase,/m/06wgc5,
person,67,gnd,1123102945,
person,67,imdb,nm0991810,https://www.imdb.com/title/nm0991810/
person,67,instagram,mahershalaali,
person,67,kinopoisk,542248,
person,67,loc,no2009114724,
person,67,musicbrainz_artist,2cb749e6-e9f9-4d17-b038-e7fad6205bb2,https://musicbrainz.org/artist/2cb749e6-e9f9-4d17-b038-e7fad6205bb2
person,67,svensk_film,381352,
person,67,tmdb_person,932967,https://www.themoviedb.org/person/932967
person,67,viaf,91193350,
person,67,wikitree,Gilmore-1955,
person,67,wikidata,Q360531,https://www.wikidata.org/wiki/Q360531
person,68,allocine,781537,
person,68,gnd,1137215186,
person,68,imdb,nm7851611,https://www.imdb.com/title/nm7851611/
person,68,instagram,jharreljerome,
person,68,kinopoisk,4297272,
person,68,loc,no2017027863,
person,68,svensk_film,471677,
person,68,tmdb_person,1664716,https://www.themoviedb.org/person/1664716
person,68,twitter,JharrelJerome,
person,68,viaf,4503148997687459870000,
person,68,wikidata,Q27442165,https://www.wikidata.org/wiki/Q27442165
person,69,allmovie,p301932,
person,69,allocine,69924,
person,69,bnf,15025410w,
person,69,discogs,16909,
person,69,freebase,/m/05xf75,
person,69,gnd,140606610,
person,69,imdb,nm0362766,https://www.imdb.com/title/nm0362766/
person,69,instagram,tomhardy,
person,69,kinopoisk,39984,
person,69,loc,no2006037732,
person,69,musicbrainz_artist,fd6347c2-f724-4d51-875d-693cfdb63399,https://musicbrainz.org/artist/fd6347c2-f724-4d51-875d-693cfdb63399
person,69,omni,59bd0e12-3a66-4556-9f7b-2dc6de8b8bde,
person,69,quora,Tom-Hardy-actor,
person,69,svensk_film,311209,
person,69,tmdb_person,2524,https://www.themoviedb.org/person/2524
person,69,viaf,4680980,
person,69,wikitree,Hardy-2625,
person,69,wikidata,Q208026,https://www.wikidata.org/wiki/Q208026
person,7,allmovie,p89065,
person,7,allocine,7681,
person,7,bnf,141753549,
person,7,find_a_grave,197596299,
person,7,freebase,/m/02qhd0b,
person,7,gnd,1061641619,
person,7,imdb,nm0258757,https://www.imdb.com/title/nm0258757/
person,7,kinopoisk,3628,
person,7,loc,no92015231,
person,7,svensk_film,145331,
person,7,tmdb_person,9110,https://www.themoviedb.org/person/9110
person,7,viaf,74061557,
person,7,wikitree,Erdman-697,
person,7,wikidata,Q2149430,https://www.wikidata.org/wiki/Q2149430
person,70,allmovie,p198320,
person,70,allocine,28642,
person,70,bnf,142393805,
person,70,discogs,3311907,
person,70,freebase,/m/03mp9s,
person,70,gnd,135732018,
person,70,imdb,nm0931329,https://www.imdb.com/title/nm0931329/
person,70,kinopoisk,1433,
person,70,loc,no99045574,
person,70,musicbrainz_artist,aa440de8-500e-43a1-b601-a9733fd1bcb5,https://musicbrainz.org/artist/aa440de8-500e-43a1-b601-a9733fd1bcb5
person,70,quora,Michelle-Williams-actor,
person,70,svensk_film,216213,
person,70,tmdb_person,1812,https://www.themoviedb.org/person/1812
person,70,twitter,fiery01red,
person,70,viaf,119911757,
person,70,wikitree,Williams-26696,
person,70,wikidata,Q156796,https://www.wikidata.org/wiki/Q156796
person,71,allocine,141668,
person,71,bnf,165189025,
person,71,discogs,1277572,
person,71,freebase,/m/0dmrvt,
person,71,gnd,1141606062,
person,71,imdb,nm1981893,https://www.imdb.com/title/nm1981893/
person,71,instagram,rizwanahmed,
person,71,kinopoisk,1079081,
person,71,loc,no2010177531,
person,71,musicbrainz_artist,c3483823-d932-4208-91cf-70735316e70f,https://musicbrainz.org/artist/c3483823-d932-4208-91cf-70735316e70f
person,71,official_website,http://www.rizmc.com,http://www.rizmc.com
person,71,quora,Riz-Ahmed-5,
person,71,svensk_film,350637,
person,71,tmdb_person,53240,https://www.themoviedb.org/person/53240
person,71,twitter,rizmc,
person,71,viaf,160318125,
person,71,wikidata,Q1861917,https://www.wikidata.org/wiki/Q1861917
person,72,allocine,478153,
person,72,freebase,/m/0j46bkk,
person,72,gnd,1063074533,
person,72,imdb,nm2020278,https://www.imdb.com/title/nm2020278/
person,72,loc,no2014107334,
person,72,tmdb_person,87954,https://www.themoviedb.org/person/87954
person,72,viaf,311736738,
person,72,wikidata,Q7436480,https://www.wikidata.org/wiki/Q7436480
person,73,allmovie,p636838,
person,73,allocine,415801,
person,73,discogs,3566947,
person,73,freebase,/m/07kgl_1,
person,73,gnd,1148801898,
person,73,imdb,nm2809577,https://www.imdb.com/title/nm2809577/
person,73,instagram,jennyslate,
person,73,kinopoisk,1657748,
person,73,loc,no2011165654,
person,73,musicbrainz_artist,9a40203e-1c26-42e0-8dfa-9f9abdc49411,https://musicbrainz.org/artist/9a40203e-1c26-42e0-8dfa-9f9abdc49411
person,73,svensk_film,439713,
person,73,tmdb_person,213001,https://www.themoviedb.org/person/213001
person,73,twitter,jennyslate,
person,73,viaf,265146385,
person,73,wikitree,Slate-159,
person,73,wikidata,Q744166,https://www.wikidata.org/wiki/Q744166
person,74,allmovie,p30548,
person,74,allocine,4062,
person,74,bnf,14010171q,
person,74,discogs,1432631,
person,74,freebase,/m/0170s4,
person,74,gnd,129592552,
person,74,imdb,nm0000437,https://www.imdb.com/title/nm0000437/
person,74,instagram,woodyharrelson,
person,74,kinopoisk,9839,
person,74,loc,no95035820,
person,74,musicbrainz_artist,19857f51-ef8b-4455-9e67-a066ae340034,https://musicbrainz.org/artist/19857f51-ef8b-4455-9e67-a066ae340034
person,74,omni,f4d26bdb-9cb8-4d9d-917e-ccabc26a37f5,
person,74,quora,Woody-Harrelson,
person,74,svensk_film,109615,
person,74,tmdb_person,57755,https://www.themoviedb.org/person/57755
person,74,twitter,WoodyHarrelson,
person,74,viaf,14970042,
person,74,wikitree,Harrelson-214,
person,74,wikidata,Q201279,https://www.wikidata.org/wiki/Q201279
person,75,freebase,/m/0gbxw84,
person,75,imdb,nm0523742,https://www.imdb.com/title/nm0523742/
person,75,tmdb_person,2141479,https://www.themoviedb.org/person/2141479
person,75,wikidata,Q109986660,https://www.wikidata.org/wiki/Q109986660
person,76,allmovie,p74521,
person,76,allocine,69401,
person,76,bnf,15030165b,
person,76,freebase,/m/084sz6,
person,76,gnd,140909184,
person,76,imdb,nm0001828,https://www.imdb.com/title/nm0001828/
person,76,kinopoisk,23371,
person,76,svensk_film,182241,
person,76,tmdb_person,4766,https://www.themoviedb.org/person/4766
person,76,viaf,230361744,
person,76,wikidata,Q242763,https://www.wikidata.org/wiki/Q242763
person,77,allmovie,p334461,
person,77,allocine,92692,
person,77,bnf,14628503h,
person,77,freebase,/m/020c55,
person,77,gnd,141099879,
person,77,imdb,nm0365140,https://www.imdb.com/title/nm0365140/
person,77,instagram,naomieharris,
person,77,kinopoisk,41821,
person,77,loc,no2004015610,
person,77,svensk_film,308202,
person,77,tmdb_person,2038,https://www.themoviedb.org/person/2038
person,77,twitter,Naomieharris,
person,77,viaf,120345192,
person,77,wikitree,Harris-22103,
person,77,wikidata,Q156586,https://www.wikidata.org/wiki/Q156586
person,78,allocine,104736,
person,78,freebase,/m/05c28s0,
person,78,gnd,1263613187,
person,78,imdb,nm1169428,https://www.imdb.com/title/nm1169428/
person,78,instagram,reidscott_,
person,78,loc,no2011095341,
person,78,tmdb_person,81316,https://www.themoviedb.org/person/81316
person,78,twitter,reidscott,
person,78,viaf,171346901,
person,78,wikidata,Q2139900,https://www.wikidata.org/wiki/Q2139900
person,79,allmovie,p487115,
person,79,allocine,224013,
person,79,bnf,16660452m,
person,79,discogs,2141423,
person,79,freebase,/m/04qbht5,
person,79,gnd,1012584550,
person,79,imdb,nm1741002,https://www.imdb.com/title/nm1741002/
person,79,kinopoisk,607007,
person,79,loc,no2010182099,
person,79,musicbrainz_artist,fdf8f183-d295-4dcd-b1cc-c932240befcf,https://musicbrainz.org/artist/fdf8f183-d295-4dcd-b1cc-c932240befcf
person,79,quora,Matt-Smith-actor,
person,79,tmdb_person,136532,https://www.themoviedb.org/person/136532
person,79,viaf,266007488,
person,79,wikitree,Smith-71793,
person,79,wikidata,Q312385,https://www.wikidata.org/wiki/Q312385
person,8,freebase,/m/010dpr0j,
person,8,imdb,nm0443226,https://www.imdb.com/title/nm0443226/
person,8,tmdb_person,1621846,https://www.themoviedb.org/person/1621846
person,8,wikidata,Q11623715,https://www.wikidata.org/wiki/Q11623715
person,80,allmovie,an301755,
person,80,allocine,694710,
person,80,freebase,/m/0pcpb81,
person,80,gnd,1164387855,
person,80,imdb,nm5245722,https://www.imdb.com/title/nm5245722/
person,80,instagram,adriaarjona,
person,80,kinopoisk,2956939,
person,80,loc,no2017108572,
person,80,tmdb_person,1371297,https://www.themoviedb.org/person/1371297
person,80,twitter,adriaarjona,
person,80,viaf,8706150382269013500004,
person,80,wikidata,Q18684239,https://www.wikidata.org/wiki/Q18684239
person,81,allmovie,p30630,
person,81,allocine,20950,
person,81,bnf,141855364,
person,81,discogs,560110,
person,81,freebase,/m/044lyq,
person,81,gnd,1012585247,
person,81,imdb,nm0364813,https://www.imdb.com/title/nm0364813/
person,81,instagram,jaredharris,
person,81,kinopoisk,1402,
person,81,loc,nr98036142,
person,81,musicbrainz_artist,90f4fcaa-f823-4967-89e5-5369b5298e31,https://musicbrainz.org/artist/90f4fcaa-f823-4967-89e5-5369b5298e31
person,81,svensk_film,179826,
person,81,tmdb_person,15440,https://www.themoviedb.org/person/15440
person,81,twitter,JaredHarris,
person,81,viaf,56820060,
person,81,wikidata,Q362500,https://www.wikidata.org/wiki/Q362500
person,82,allmovie,p290116,
person,82,allocine,41609,
person,82,bnf,14066472c,
person,82,discogs,78349,
person,82,freebase,/m/01l1b90,
person,82,gnd,135102405,
person,82,imdb,nm0879085,https://www.imdb.com/title/nm0879085/
person,82,instagram,tyrese,
person,82,kinopoisk,30027,
person,82,loc,no2003062031,
person,82,musicbrainz_artist,975d94b4-7ca8-4eec-ae48-1aa4660995d3,https://musicbrainz.org/artist/975d94b4-7ca8-4eec-ae48-1aa4660995d3
person,82,official_website,http://www.tyrese.com/,http://www.tyrese.com/
person,82,quora,Tyrese-Gibson,
person,82,svensk_film,355355,
person,82,tmdb_person,8169,https://www.themoviedb.org/person/8169
person,82,twitter,Tyrese,
person,82,viaf,34662659,
person,82,wikidata,Q311232,https://www.wikidata.org/wiki/Q311232
person,83,freebase,/m/04g16xs,
person,83,imdb,nm1371339,https://www.imdb.com/title/nm1371339/
person,83,instagram,almadrigal,
person,83,loc,n2012050418,
person,83,musicbrainz_artist,1fd2a3aa-79e3-4653-bf26-4fb4900e5d2e,https://musicbrainz.org/artist/1fd2a3aa-79e3-4653-bf26-4fb4900e5d2e
person,83,official_website,http://www.almadrigal.com/,http://www.almadrigal.com/
person,83,tmdb_person,90534,https://www.themoviedb.org/person/90534
person,83,twitter,almadrigal,
person,83,viaf,260995315,
person,83,wikidata,Q4704337,https://www.wikidata.org/wiki/Q4704337
person,84,allmovie,p671649,
person,84,allocine,412699,
person,84,bnf,16980282x,
person,84,freebase,/m/0g_p9q,
person,84,gnd,1073227340,
person,84,imdb,nm0424848,https://www.imdb.com/title/nm0424848/
person,84,instagram,dakotajohnson,
person,84,kinopoisk,24468,
person,84,loc,no2011124621,
person,84,musicbrainz_artist,e3e7525d-8112-40db-805e-8febc0c6cff6,https://musicbrainz.org/artist/e3e7525d-8112-40db-805e-8febc0c6cff6
person,84,quora,Dakota-Johnson-11,
person,84,svensk_film,409610,
person,84,tmdb_person,118545,https://www.themoviedb.org/person/118545
person,84,viaf,180546099,
person,84,wikitree,Johnson-34550,
person,84,wikidata,Q2315802,https://www.wikidata.org/wiki/Q2315802
person,85,allmovie,p625979,
person,85,allocine,171899,
person,85,bnf,16218999v,
person,85,freebase,/m/080bm89,
person,85,gnd,1025347684,
person,85,imdb,nm2588665,https://www.imdb.com/title/nm2588665/
person,85,instagram,taharrahimofficiel,
person,85,kinopoisk,1207951,
person,85,loc,no2010126072,
person,85,svensk_film,404284,
person,85,tmdb_person,81051,https://www.themoviedb.org/person/81051
person,85,viaf,151834640,
person,85,wikidata,Q981690,https://www.wikidata.org/wiki/Q981690
person,86,allmovie,p284723,
person,86,allocine,134053,
person,86,bnf,155465680,
person,86,discogs,314905,
person,86,freebase,/m/0517bc,
person,86,gnd,141167203,
person,86,imdb,nm0731075,https://www.imdb.com/title/nm0731075/
person,86,instagram,emmaroberts,
person,86,kinopoisk,50626,
person,86,loc,no2005021393,
person,86,musicbrainz_artist,9e6fe694-b4be-4f2b-85dd-98d33ccb283e,https://musicbrainz.org/artist/9e6fe694-b4be-4f2b-85dd-98d33ccb283e
person,86,quora,Emma-Roberts-actor,
person,86,svensk_film,221720,
person,86,tmdb_person,34847,https://www.themoviedb.org/person/34847
person,86,twitter,RobertsEmma,
person,86,viaf,85925873,
person,86,wikitree,Roberts-10558,
person,86,wikidata,Q228598,https://www.wikidata.org/wiki/Q228598
person,87,allmovie,p639969,
person,87,allocine,216573,
person,87,freebase,/m/09gbdyh,
person,87,gnd,1289536910,
person,87,imdb,nm2628935,https://www.imdb.com/title/nm2628935/
person,87,instagram,kerrybishe,
person,87,kinopoisk,1268094,
person,87,loc,no2012071291,
person,87,svensk_film,451833,
person,87,tmdb_person,58356,https://www.themoviedb.org/person/58356
person,87,viaf,250286874,
person,87,wikidata,Q465200,https://www.wikidata.org/wiki/Q465200
person,88,allmovie,p223103,
person,88,allocine,93689,
person,88,bnf,141753111,
person,88,discogs,586079,
person,88,freebase,/m/06l9n8,
person,88,gnd,1074485742,
person,88,imdb,nm0258402,https://www.imdb.com/title/nm0258402/
person,88,instagram,therealmikeepps,
person,88,kinopoisk,1931,
person,88,loc,no00040585,
person,88,musicbrainz_artist,7a38eea1-ee60-4dc4-8b11-4a26a811cf5a,https://musicbrainz.org/artist/7a38eea1-ee60-4dc4-8b11-4a26a811cf5a
person,88,official_website,https://mikeepps.com/,https://mikeepps.com/
person,88,quora,Mike-Epps-4,
person,88,svensk_film,289552,
person,88,tmdb_person,51944,https://www.themoviedb.org/person/51944
person,88,twitter,TheRealMikeEpps,
person,88,viaf,37126154,
person,88,wikidata,Q311962,https://www.wikidata.org/wiki/Q311962
person,89,freebase,/m/04ns84d,
person,89,imdb,nm0946962,https://www.imdb.com/title/nm0946962/
person,89,tmdb_person,72128,https://www.themoviedb.org/person/72128
person,89,twitter,jmyazpiik,
person,89,wikidata,Q5943686,https://www.wikidata.org/wiki/Q5943686
person,9,imdb,nm0620407,https://www.imdb.com/title/nm0620407/
person,9,loc,no2015103684,
person,9,tmdb_person,140106,https://www.themoviedb.org/person/140106
person,9,viaf,317284998,
person,9,wikitree,仲谷-1,
person,9,wikidata,Q11378599,https://www.wikidata.org/wiki/Q11378599
person,90,allmovie,p394426,
person,90,allocine,259286,
person,90,freebase,/m/0cfyl27,
person,90,gnd,106027695X,
person,90,imdb,nm0541082,https://www.imdb.com/title/nm0541082/
person,90,instagram,zosiamamet,
person,90,kinopoisk,539579,
person,90,loc,no2012134213,
person,90,musicbrainz_artist,a1f46a97-e446-4e37-815c-05a4dccf6d28,https://musicbrainz.org/artist/a1f46a97-e446-4e37-815c-05a4dccf6d28
person,90,official_website,http://www.zosiamamet.com,http://www.zosiamamet.com
person,90,svensk_film,409739,
person,90,tmdb_person,206966,https://www.themoviedb.org/person/206966
person,90,twitter,ZosiaMametcom,
person,90,viaf,269478473,
person,90,wikidata,Q4965286,https://www.wikidata.org/wiki/Q4965286
person,91,allmovie,p352881,
person,91,allocine,82306,
person,91,bnf,16520325f,
person,91,freebase,/m/02rb9_g,
person,91,gnd,1033847526,
person,91,imdb,nm1093951,https://www.imdb.com/title/nm1093951/
person,91,instagram,aarontaylorjohnson,
person,91,kinopoisk,29859,
person,91,loc,no2010120523,
person,91,musicbrainz_artist,2d8930ee-ed52-4ed4-965b-aadfa8c537cc,https://musicbrainz.org/artist/2d8930ee-ed52-4ed4-965b-aadfa8c537cc
person,91,svensk_film,311525,
person,91,tmdb_person,27428,https://www.themoviedb.org/person/27428
person,91,viaf,126269841,
person,91,wikidata,Q45923,https://www.wikidata.org/wiki/Q45923
person,92,allmovie,p880445,
person,92,allocine,859646,
person,92,imdb,nm9538520,https://www.imdb.com/title/nm9538520/
person,92,instagram,fred.hechinger,
person,92,loc,no2019164950,
person,92,tmdb_person,2099497,https://www.themoviedb.org/person/2099497
person,92,viaf,2400157470196722640009,
person,92,wikidata,Q104902570,https://www.wikidata.org/wiki/Q104902570
person,93,allmovie,p228583,
person,93,allocine,19036,
person,93,bnf,140217458,
person,93,discogs,2426584,
person,93,freebase,/m/09_2tp,
person,93,gnd,140506004,
person,93,imdb,nm0005273,https://www.imdb.com/title/nm0005273/
person,93,kinopoisk,11658,
person,93,loc,no00012903,
person,93,musicbrainz_artist,0338765f-1f81-4fc5-b90a-684ceeebe194,https://musicbrainz.org/artist/0338765f-1f81-4fc5-b90a-684ceeebe194
person,93,svensk_film,243414,
person,93,tmdb_person,4941,https://www.themoviedb.org/person/4941
person,93,viaf,66664204,
person,93,wikitree,Nivola-1,
person,93,wikidata,Q350424,https://www.wikidata.org/wiki/Q350424
person,94,allocine,797771,
person,94,gnd,1256854700,
person,94,imdb,nm3663196,https://www.imdb.com/title/nm3663196/
person,94,instagram,arianadebose,
person,94,loc,no2017082955,
person,94,musicbrainz_artist,fb2aa269-009e-43b5-9423-03617ea300aa,https://musicbrainz.org/artist/fb2aa269-009e-43b5-9423-03617ea300aa
person,94,tmdb_person,1437491,https://www.themoviedb.org/person/1437491
person,94,twitter,ArianaDeBose,
person,94,viaf,31149912451906211528,
person,94,wikidata,Q27733932,https://www.wikidata.org/wiki/Q27733932
person,95,allmovie,p658039,
person,95,allocine,540394,
person,95,bnf,17733186h,
person,95,freebase,/m/0g40n7d,
person,95,gnd,1076744486,
person,95,imdb,nm3571592,https://www.imdb.com/title/nm3571592/
person,95,kinopoisk,1833008,
person,95,loc,no2016043864,
person,95,quora,Christopher-Abbott-12,
person,95,tmdb_person,984629,https://www.themoviedb.org/person/984629
person,95,viaf,151144647642182309404,
person,95,wikidata,Q5111829,https://www.wikidata.org/wiki/Q5111829
person,96,allmovie,p15959,
person,96,allocine,20966,
person,96,bnf,14028218p,
person,96,discogs,441461,
person,96,freebase,/m/06dv3,
person,96,gnd,123343585,
person,96,imdb,nm0000128,https://www.imdb.com/title/nm0000128/
person,96,instagram,russellcrowe,
person,96,kinopoisk,10019,
person,96,loc,no97049663,
person,96,musicbrainz_artist,b7c738aa-cda3-45e2-9d0e-33687ab864e5,https://musicbrainz.org/artist/b7c738aa-cda3-45e2-9d0e-33687ab864e5
person,96,quora,Russell-Crowe-actor,
person,96,svensk_film,184305,
person,96,tmdb_person,934,https://www.themoviedb.org/person/934
person,96,twitter,russellcrowe,
person,96,viaf,32197350,
person,96,wikitree,Crowe-1040,
person,96,wikidata,Q129817,https://www.wikidata.org/wiki/Q129817
person,97,allocine,555759,
person,97,gnd,1062328108,
person,97,imdb,nm2103298,https://www.imdb.com/title/nm2103298/
person,97,kinopoisk,1133199,
person,97,viaf,3074149662179907020002,
person,97,wikidata,Q1953548,https://www.wikidata.org/wiki/Q1953548
person,98,freebase,/m/0gbzghh,
person,98,gnd,1061698378,
person,98,imdb,nm0464305,https://www.imdb.com/title/nm0464305/
person,98,instagram,yurikolokolnikovofficial,
person,98,kinopoisk,230534,
person,98,loc,no2010065870,
person,98,tmdb_person,238130,https://www.themoviedb.org/person/238130
person,98,viaf,120576219,
person,98,wikidata,Q4228271,https://www.wikidata.org/wiki/Q4228271
person,99,allmovie,an1391,
person,99,allocine,55757,
person,99,bnf,145809492,
person,99,discogs,3637988,
person,99,freebase,/m/05vsxz,
person,99,gnd,138457441,
person,99,imdb,nm0252230,https://www.imdb.com/title/nm0252230/
person,99,kinopoisk,33495,
person,99,loc,no00022281,
person,99,musicbrainz_artist,3d9fae2f-9b2b-4de6-8474-9f4c6d3db6a7,https://musicbrainz.org/artist/3d9fae2f-9b2b-4de6-8474-9f4c6d3db6a7
person,99,svensk_film,251652,
person,99,tmdb_person,5294,https://www.themoviedb.org/person/5294
person,99,viaf,165526611,
person,99,wikitree,Ejiofor-1,
person,99,wikidata,Q317343,https://www.wikidata.org/wiki/Q317343
character,1,comic_vine,4005-1780,https://comicvine.gamespot.com/4005-1780/
character,1,commons_category,Aunt May,https://commons.wikimedia.org/wiki/Category:Aunt May
character,1,fandom_article,marvel:Maybelle_Parker_(Earth-616),
character,1,freebase,/m/0127r1,
character,1,wikidata,Q2453332,https://www.wikidata.org/wiki/Q2453332
character,10,comic_vine,4005-1485,https://comicvine.gamespot.com/4005-1485/
character,10,commons_category,Doctor Octopus,https://commons.wikimedia.org/wiki/Category:Doctor Octopus
character,10,fandom_article,marvel:Otto_Octavius_(Earth-616),
character,10,freebase,/m/01ttxw,
character,10,wikidata,Q578094,https://www.wikidata.org/wiki/Q578094
character,100,comic_vine,4005-151182,https://comicvine.gamespot.com/4005-151182/
character,100,wikidata,Q57395910,https://www.wikidata.org/wiki/Q57395910
character,101,comic_vine,4005-108612,https://comicvine.gamespot.com/4005-108612/
character,101,fandom_article,marvel:SP//dr,
character,101,wikidata,Q59483750,https://www.wikidata.org/wiki/Q59483750
character,104,comic_vine,4005-41881,https://comicvine.gamespot.com/4005-41881/
character,104,fandom_article,marvel:Juan-Carlos_Sanchez_(Earth-616),
character,104,wikidata,Q111729691,https://www.wikidata.org/wiki/Q111729691
character,107,comic_vine,4005-17615,https://comicvine.gamespot.com/4005-17615/
character,107,freebase,/m/062cbc,
character,107,wikidata,Q923391,https://www.wikidata.org/wiki/Q923391
character,108,comic_vine,4005-80299,https://comicvine.gamespot.com/4005-80299/
character,108,fandom_article,marvel:Farley_Stillwell_(Earth-616),
character,108,freebase,/m/04zyqkd,
character,108,wikidata,Q5435440,https://www.wikidata.org/wiki/Q5435440
character,109,comic_vine,4005-2101,https://comicvine.gamespot.com/4005-2101/
character,109,fandom_article,marvel:Angelica_Jones_(Earth-616),
character,109,freebase,/m/0btlz,
character,109,wikidata,Q578279,https://www.wikidata.org/wiki/Q578279
character,11,britannica,topic/Dr-Strange,
character,11,comic_vine,4005-1456,https://comicvine.gamespot.com/4005-1456/
character,11,commons_category,Doctor Strange,https://commons.wikimedia.org/wiki/Category:Doctor Strange
character,11,fandom_article,marvel:Stephen_Strange_(Earth-616),
character,11,freebase,/m/0139tx,
character,11,tv_tropes,Franchise/DoctorStrange,
character,11,wikidata,Q907767,https://www.wikidata.org/wiki/Q907767
character,110,comic_vine,4005-1489,https://comicvine.gamespot.com/4005-1489/
character,110,fandom_article,marvel:Eugene_Thompson_(Earth-616),
character,110,freebase,/m/030t_m,
character,110,wikidata,Q552000,https://www.wikidata.org/wiki/Q552000
character,111,comic_vine,4005-2149,https://comicvine.gamespot.com/4005-2149/
character,111,commons_category,Cosplay of Galactus,https://commons.wikimedia.org/wiki/Category:Cosplay of Galactus
character,111,fandom_article,marvel:Galan_(Earth-616),
character,111,freebase,/m/03ff9,
character,111,wikidata,Q1429836,https://www.wikidata.org/wiki/Q1429836
character,112,comic_vine,4005-1499,https://comicvine.gamespot.com/4005-1499/
character,112,commons_category,Gambit (comics),https://commons.wikimedia.org/wiki/Category:Gambit (comics)
character,112,fandom_article,marvel:Remy_LeBeau_(Earth-616),
character,112,freebase,/m/01htk9,
character,112,wikidata,Q2639150,https://www.wikidata.org/wiki/Q2639150
character,115,comic_vine,4005-2479,https://comicvine.gamespot.com/4005-2479/
character,115,fandom_article,marvel:George_Stacy_(Earth-616),
character,115,freebase,/m/06ztwhx,
character,115,wikidata,Q7879740,https://www.wikidata.org/wiki/Q7879740
character,116,comic_vine,4005-6108,https://comicvine.gamespot.com/4005-6108/
character,116,freebase,/m/027h42y,
character,116,wikidata,Q836748,https://www.wikidata.org/wiki/Q836748
character,117,comic_vine,4005-58812,https://comicvine.gamespot.com/4005-58812/
character,117,fandom_article,marvel:Norman_Osborn_(Earth-616),
character,117,freebase,/m/012645,
character,117,wikidata,Q17090877,https://www.wikidata.org/wiki/Q17090877
character,119,comic_vine,4005-6816,https://comicvine.gamespot.com/4005-6816/
character,119,fandom_article,marvel:Paul_Duval_(Earth-616),
character,119,freebase,/m/07yzvh,
character,119,wikidata,Q287489,https://www.wikidata.org/wiki/Q287489
character,12,comic_vine,4005-1486,https://comicvine.gamespot.com/4005-1486/
character,12,commons_category,Venom (character),https://commons.wikimedia.org/wiki/Category:Venom (character)
character,12,freebase,/m/026f6fx,
character,12,wikidata,Q1621261,https://www.wikidata.org/wiki/Q1621261
character,122,comic_vine,4005-6817,https://comicvine.gamespot.com/4005-6817/
character,122,freebase,/m/03d2wt,
character,122,wikidata,Q2719607,https://www.wikidata.org/wiki/Q2719607
character,123,comic_vine,4005-4262,https://comicvine.gamespot.com/4005-4262/
character,123,freebase,/m/0cnfsp,
character,123,wikidata,Q1319498,https://www.wikidata.org/wiki/Q1319498
character,124,comic_vine,4005-1486,https://comicvine.gamespot.com/4005-1486/
character,124,commons_category,Venom (character),https://commons.wikimedia.org/wiki/Category:Venom (character)
character,124,freebase,/m/026f6fx,
character,124,wikidata,Q1621261,https://www.wikidata.org/wiki/Q1621261
character,125,britannica,topic/Hawkeye,
character,125,comic_vine,4005-1475,https://comicvine.gamespot.com/4005-1475/
character,125,commons_category,Hawkeye (comics),https://commons.wikimedia.org/wiki/Category:Hawkeye (comics)
character,125,freebase,/m/034qd2,
character,125,wikidata,Q19095,https://www.wikidata.org/wiki/Q19095
character,126,comic_vine,4005-13346,https://comicvine.gamespot.com/4005-13346/
character,126,fandom_article,marvel:Herbert_Wyndham_(Earth-616),
character,126,freebase,/m/03434h,
character,126,wikidata,Q2568013,https://www.wikidata.org/wiki/Q2568013
character,127,comic_vine,4005-26374,https://comicvine.gamespot.com/4005-26374/
character,127,fandom_article,marvel:Jason_Macendale_Jr._(Earth-616),
character,127,freebase,/m/03by27g,
character,127,wikidata,Q6163022,https://www.wikidata.org/wiki/Q6163022
character,128,comic_vine,4005-6803,https://comicvine.gamespot.com/4005-6803/
character,128,fandom_article,disney:Howard_the_Duck,
character,128,freebase,/m/02ch7k,
character,128,wikidata,Q2708105,https://www.wikidata.org/wiki/Q2708105
character,129,britannica,topic/Human-Torch,
character,129,comic_vine,4005-2120,https://comicvine.gamespot.com/4005-2120/
character,129,fandom_article,marvel:Jonathan_Storm_(Earth-616),
character,129,freebase,/m/01j66t,
character,129,wikidata,Q584585,https://www.wikidata.org/wiki/Q584585
character,13,comic_vine,4005-3228,https://comicvine.gamespot.com/4005-3228/
character,13,commons_category,Electro,https://commons.wikimedia.org/wiki/Category:Electro
character,13,fandom_article,marvel:Maxwell_Dillon_(Earth-616),
character,13,freebase,/m/01n470,
character,13,wikidata,Q2297886,https://www.wikidata.org/wiki/Q2297886
character,131,comic_vine,4005-4457,https://comicvine.gamespot.com/4005-4457/
character,131,fandom_article,marvel:Morris_Bench_(Earth-616),
character,131,freebase,/m/01x0ww,
character,131,wikidata,Q1990090,https://www.wikidata.org/wiki/Q1990090
character,132,comic_vine,4005-1464,https://comicvine.gamespot.com/4005-1464/
character,132,commons_category,Iceman (comics),https://commons.wikimedia.org/wiki/Category:Iceman (comics)
character,132,fandom_article,marvel:Robert_Drake_(Earth-616),
character,132,freebase,/m/03zw5,
character,132,wikidata,Q838088,https://www.wikidata.org/wiki/Q838088
character,135,britannica,topic/Iron-Fist,
character,135,comic_vine,4005-1492,https://comicvine.gamespot.com/4005-1492/
character,135,commons_category,Iron Fist (comics),https://commons.wikimedia.org/wiki/Category:Iron Fist (comics)
character,135,fandom_article,marvel:Daniel_Rand_(Earth-616),
character,135,freebase,/m/02rj2p,
character,135,wikidata,Q1194243,https://www.wikidata.org/wiki/Q1194243
character,136,britannica,topic/Iron-Man-comic-book-character,
character,136,comic_vine,4005-1455,https://comicvine.gamespot.com/4005-1455/
character,136,commons_category,Iron Man,https://commons.wikimedia.org/wiki/Category:Iron Man
character,136,fandom_article,marvel:Anthony_Stark_(Earth-616),
character,136,freebase,/m/0hnws,
character,136,tv_tropes,Franchise/IronMan,
character,136,wikidata,Q180704,https://www.wikidata.org/wiki/Q180704
character,137,comic_vine,4005-1487,https://comicvine.gamespot.com/4005-1487/
character,137,commons_category,J. Jonah Jameson,https://commons.wikimedia.org/wiki/Category:J. Jonah Jameson
character,137,fandom_article,marvel:John_Jonah_Jameson_(Earth-616),
character,137,freebase,/m/011lmc,
character,137,wikidata,Q1992523,https://www.wikidata.org/wiki/Q1992523
character,138,comic_vine,4005-26374,https://comicvine.gamespot.com/4005-26374/
character,138,fandom_article,marvel:Jason_Macendale_Jr._(Earth-616),
character,138,freebase,/m/03by27g,
character,138,wikidata,Q6163022,https://www.wikidata.org/wiki/Q6163022
character,139,comic_vine,4005-6286,https://comicvine.gamespot.com/4005-6286/
character,139,fandom_article,es.doblaje:Ben_Reilly,
character,139,freebase,/m/02jftv,
character,139,wikidata,Q2343504,https://www.wikidata.org/wiki/Q2343504
character,14,comic_vine,4005-1525,https://comicvine.gamespot.com/4005-1525/
character,14,commons_category,Punisher,https://commons.wikimedia.org/wiki/Category:Punisher
character,14,freebase,/m/01t8z1,
character,14,wikidata,Q729150,https://www.wikidata.org/wiki/Q729150
character,140,comic_vine,4005-4825,https://comicvine.gamespot.com/4005-4825/
character,140,commons_category,Shocker (character),https://commons.wikimedia.org/wiki/Category:Shocker (character)
character,140,fandom_article,marvel:Herman_Schultz_(Earth-616),
character,140,freebase,/m/01x05q,
character,140,wikidata,Q2015743,https://www.wikidata.org/wiki/Q2015743
character,142,freebase,/m/0_1jgsh,
character,142,wikidata,Q16203548,https://www.wikidata.org/wiki/Q16203548
character,144,fandom_article,marvel:Jefferson_Davis_(Earth-1610),
character,144,wikidata,Q115534083,https://www.wikidata.org/wiki/Q115534083
character,145,fandom_article,marvel:Jefferson_Davis_(Earth-1610),
character,145,wikidata,Q115534083,https://www.wikidata.org/wiki/Q115534083
character,146,comic_vine,4005-1449,https://comicvine.gamespot.com/4005-1449/
character,146,commons_category,She-Hulk,https://commons.wikimedia.org/wiki/Category:She-Hulk
character,146,freebase,/m/03t6vv,
character,146,wikidata,Q677627,https://www.wikidata.org/wiki/Q677627
character,149,commons_category,Spider-Gwen,https://commons.wikimedia.org/wiki/Category:Spider-Gwen
character,149,fandom_article,marvel:Gwendolyn_Stacy_(Earth-65),
character,149,wikidata,Q20979395,https://www.wikidata.org/wiki/Q20979395
character,15,comic_vine,4005-2478,https://comicvine.gamespot.com/4005-2478/
character,15,fandom_article,marvel:Harold_Osborn_(Earth-616),
character,15,freebase,/m/025xc3,
character,15,wikidata,Q1779361,https://www.wikidata.org/wiki/Q1779361
character,150,comic_vine,4005-4456,https://comicvine.gamespot.com/4005-4456/
character,150,fandom_article,marvel:John_Jonah_Jameson_III_(Earth-616),
character,150,freebase,/m/057r94,
character,150,wikidata,Q2423326,https://www.wikidata.org/wiki/Q2423326
character,151,comic_vine,4005-16197,https://comicvine.gamespot.com/4005-16197/
character,151,fandom_article,marvel:Julia_Carpenter_(Earth-616),
character,151,freebase,/m/08091r,
character,151,wikidata,Q2276597,https://www.wikidata.org/wiki/Q2276597
character,153,fandom_article,marvelcinematicuniverse:Julius_Dell,
character,153,wikidata,Q66198297,https://www.wikidata.org/wiki/Q66198297
character,155,comic_vine,4005-8667,https://comicvine.gamespot.com/4005-8667/
character,155,freebase,/m/054thp,
character,155,wikidata,Q2000166,https://www.wikidata.org/wiki/Q2000166
character,156,comic_vine,4005-21561,https://comicvine.gamespot.com/4005-21561/
character,156,commons_category,Carol Danvers,https://commons.wikimedia.org/wiki/Category:Carol Danvers
character,156,freebase,/m/03xscn,
character,156,wikidata,Q726756,https://www.wikidata.org/wiki/Q726756
character,157,comic_vine,4005-2264,https://comicvine.gamespot.com/4005-2264/
character,157,fandom_article,marvel:Nathaniel_Richards_(Kang)_(Earth-6311),
character,157,freebase,/m/022_9h,
character,157,wikidata,Q1982051,https://www.wikidata.org/wiki/Q1982051
character,16,comic_vine,4005-1480,https://comicvine.gamespot.com/4005-1480/
character,16,commons_category,Cosplay of Gwen Stacy,https://commons.wikimedia.org/wiki/Category:Cosplay of Gwen Stacy
character,16,fandom_article,marvel:Gwendolyne_Stacy_(Earth-616),
character,16,freebase,/m/0127rw,
character,16,wikidata,Q945817,https://www.wikidata.org/wiki/Q945817
character,160,comic_vine,4005-149552,https://comicvine.gamespot.com/4005-149552/
character,160,fandom_article,marvel:Knull_(Earth-616),
character,160,wikidata,Q85774745,https://www.wikidata.org/wiki/Q85774745
character,161,fandom_article,marvel:Lasher_(Symbiote)_(Earth-616),
character,161,freebase,/m/09x9y3,
character,161,wikidata,Q2578146,https://www.wikidata.org/wiki/Q2578146
character,163,comic_vine,4005-15408,https://comicvine.gamespot.com/4005-15408/
character,163,fandom_article,marvel:Elizabeth_Allan_(Earth-616),
character,163,freebase,/m/0468zl,
character,163,wikidata,Q1132203,https://www.wikidata.org/wiki/Q1132203
character,164,comic_vine,4005-4324,https://comicvine.gamespot.com/4005-4324/
character,164,commons_category,Loki (Marvel Comics),https://commons.wikimedia.org/wiki/Category:Loki (Marvel Comics)
character,164,fandom_article,marvel:Loki_Laufeyson_(Earth-616),
character,164,freebase,/m/05pnb1,
character,164,wikidata,Q1147326,https://www.wikidata.org/wiki/Q1147326
character,166,britannica,topic/Luke-Cage,
character,166,comic_vine,4005-1450,https://comicvine.gamespot.com/4005-1450/
character,166,commons_category,Luke Cage and his cast,https://commons.wikimedia.org/wiki/Category:Luke Cage and his cast
character,166,fandom_article,marvel:Luke_Cage_(Earth-616),
character,166,freebase,/m/029n63,
character,166,wikidata,Q2267760,https://www.wikidata.org/wiki/Q2267760
character,167,freebase,/m/02qk1mf,
character,167,wikidata,Q6701876,https://www.wikidata.org/wiki/Q6701876
character,169,freebase,/m/0g_lrq,
character,169,wikidata,Q6723503,https://www.wikidata.org/wiki/Q6723503
character,17,comic_vine,4005-2478,https://comicvine.gamespot.com/4005-2478/
character,17,fandom_article,marvel:Harold_Osborn_(Earth-616),
character,17,freebase,/m/025xc3,
character,17,wikidata,Q1779361,https://www.wikidata.org/wiki/Q1779361
character,171,comic_vine,4005-1441,https://comicvine.gamespot.com/4005-1441/
character,171,commons_category,Magneto (comics),https://commons.wikimedia.org/wiki/Category:Magneto (comics)
character,171,fandom_article,marvel:Max_Eisenhardt_(Earth-616),
character,171,freebase,/m/01_kmm,
character,171,wikidata,Q840291,https://www.wikidata.org/wiki/Q840291
character,172,fandom_article,marvel:Margo_Kess_(Earth-22191),
character,172,wikidata,Q119020176,https://www.wikidata.org/wiki/Q119020176
character,174,comic_vine,4005-40824,https://comicvine.gamespot.com/4005-40824/
character,174,fandom_article,disney:Maria_Hill,
character,174,freebase,/m/0cq261,
character,174,wikidata,Q1319784,https://www.wikidata.org/wiki/Q1319784
character,175,comic_vine,4005-49969,https://comicvine.gamespot.com/4005-49969/
character,175,commons_category,Mister Negative,https://commons.wikimedia.org/wiki/Category:Mister Negative
character,175,fandom_article,marvel:Mister_Negative_(Earth-616),
character,175,freebase,/m/03m6w12,
character,175,wikidata,Q3316968,https://www.wikidata.org/wiki/Q3316968
character,178,comic_vine,4005-13380,https://comicvine.gamespot.com/4005-13380/
character,178,commons_category,Mary Jane Watson,https://commons.wikimedia.org/wiki/Category:Mary Jane Watson
character,178,fandom_article,marvel:Mary_Jane_Watson_(Earth-616),
character,178,freebase,/m/01ppxz,
character,178,wikidata,Q27810,https://www.wikidata.org/wiki/Q27810
character,179,comic_vine,4005-13380,https://comicvine.gamespot.com/4005-13380/
character,179,commons_category,Mary Jane Watson,https://commons.wikimedia.org/wiki/Category:Mary Jane Watson
character,179,fandom_article,marvel:Mary_Jane_Watson_(Earth-616),
character,179,freebase,/m/01ppxz,
character,179,wikidata,Q27810,https://www.wikidata.org/wiki/Q27810
character,18,britannica,topic/Incredible-Hulk,
character,18,comic_vine,4005-2267,https://comicvine.gamespot.com/4005-2267/
character,18,commons_category,Hulk,https://commons.wikimedia.org/wiki/Category:Hulk
character,18,fandom_article,marvel:Bruce_Banner_(Earth-616),
character,18,freebase,/m/07rgn,
character,18,wikidata,Q188760,https://www.wikidata.org/wiki/Q188760
character,181,comic_vine,4005-15262,https://comicvine.gamespot.com/4005-15262/
character,181,fandom_article,marvel:Mary_Fitzpatrick_(Earth-616),
character,181,wikidata,Q102268990,https://www.wikidata.org/wiki/Q102268990
character,182,comic_vine,4005-41988,https://comicvine.gamespot.com/4005-41988/
character,182,freebase,/m/08092f,
character,182,wikidata,Q2095786,https://www.wikidata.org/wiki/Q2095786
character,183,comic_vine,4005-31354,https://comicvine.gamespot.com/4005-31354/
character,183,fandom_article,marvel:Mendel_Stromm_(Earth-616),
character,183,freebase,/m/0frt35,
character,183,wikidata,Q2585537,https://www.wikidata.org/wiki/Q2585537
character,184,comic_vine,4005-40524,https://comicvine.gamespot.com/4005-40524/
character,184,commons_category,Spider-Man 2099,https://commons.wikimedia.org/wiki/Category:Spider-Man 2099
character,184,freebase,/m/062f9y,
character,184,wikidata,Q2092660,https://www.wikidata.org/wiki/Q2092660
character,186,britannica,topic/Spider-Man-comic-book-character,
character,186,comic_vine,4005-1443,https://comicvine.gamespot.com/4005-1443/
character,186,commons_category,Spider-Man,https://commons.wikimedia.org/wiki/Category:Spider-Man
character,186,fandom_article,ru.marvel:Питер_Паркер_(616),
character,186,freebase,/m/06ys2,
character,186,wikidata,Q79037,https://www.wikidata.org/wiki/Q79037
character,187,britannica,topic/Mr-Fantastic,
character,187,comic_vine,4005-2151,https://comicvine.gamespot.com/4005-2151/
character,187,fandom_article,marvel:Reed_Richards_(Earth-616),
character,187,freebase,/m/013m9w,
character,187,wikidata,Q865017,https://www.wikidata.org/wiki/Q865017
character,189,comic_vine,4005-1493,https://comicvine.gamespot.com/4005-1493/
character,189,fandom_article,marvel:Marc_Spector_(Earth-616),
character,189,freebase,/m/03l8d6,
character,189,tv_tropes,ComicBook/MoonKnight,
character,189,wikidata,Q1037532,https://www.wikidata.org/wiki/Q1037532
character,19,britannica,topic/Kingpin,
character,19,comic_vine,4005-1483,https://comicvine.gamespot.com/4005-1483/
character,19,commons_category,Cosplay of Kingpin,https://commons.wikimedia.org/wiki/Category:Cosplay of Kingpin
character,19,fandom_article,marvel:Wilson_Fisk_(Earth-616),
character,19,freebase,/m/022f26,
character,19,wikidata,Q1753322,https://www.wikidata.org/wiki/Q1753322
character,190,comic_vine,4005-17613,https://comicvine.gamespot.com/4005-17613/
character,190,fandom_article,marvel:Morlun_(Earth-001),
character,190,freebase,/m/097xlf,
character,190,wikidata,Q1425172,https://www.wikidata.org/wiki/Q1425172
character,194,britannica,topic/Sub-Mariner,
character,194,comic_vine,4005-1476,https://comicvine.gamespot.com/4005-1476/
character,194,commons_category,Namor,https://commons.wikimedia.org/wiki/Category:Namor
character,194,fandom_article,marvel:Namor_McKenzie_(Earth-616),
character,194,freebase,/m/01p0sx,
character,194,wikidata,Q613067,https://www.wikidata.org/wiki/Q613067
character,196,comic_vine,4005-12354,https://comicvine.gamespot.com/4005-12354/
character,196,fandom_article,marvel:Edward_Leeds_(Earth-616),
character,196,freebase,/m/030vjt,
character,196,wikidata,Q3337686,https://www.wikidata.org/wiki/Q3337686
character,198,comic_vine,4005-3202,https://comicvine.gamespot.com/4005-3202/
character,198,commons_category,Nick Fury,https://commons.wikimedia.org/wiki/Category:Nick Fury
character,198,fandom_article,marvel:Nicholas_Fury_(Earth-616),
character,198,freebase,/m/02lw8w,
character,198,wikidata,Q975100,https://www.wikidata.org/wiki/Q975100
character,199,freebase,/m/06kt13,
character,199,wikidata,Q9049926,https://www.wikidata.org/wiki/Q9049926
character,2,comic_vine,4005-6286,https://comicvine.gamespot.com/4005-6286/
character,2,fandom_article,es.doblaje:Ben_Reilly,
character,2,freebase,/m/02jftv,
character,2,wikidata,Q2343504,https://www.wikidata.org/wiki/Q2343504
character,20,comic_vine,4005-2475,https://comicvine.gamespot.com/4005-2475/
character,20,commons_category,Kraven the Hunter,https://commons.wikimedia.org/wiki/Category:Kraven the Hunter
character,20,fandom_article,marvel:Sergei_Kravinoff_(Earth-616),
character,20,freebase,/m/01ttp0,
character,20,wikidata,Q654588,https://www.wikidata.org/wiki/Q654588
character,200,comic_vine,4005-1461,https://comicvine.gamespot.com/4005-1461/
character,200,commons_category,Nightcrawler,https://commons.wikimedia.org/wiki/Category:Nightcrawler
character,200,fandom_article,marvel:Kurt_Wagner_(Earth-616),
character,200,freebase,/m/01wdm_,
character,200,wikidata,Q5342183,https://www.wikidata.org/wiki/Q5342183
character,202,britannica,topic/Silver-Surfer,
character,202,comic_vine,4005-2502,https://comicvine.gamespot.com/4005-2502/
character,202,commons_category,Silver Surfer,https://commons.wikimedia.org/wiki/Category:Silver Surfer
character,202,fandom_article,marvel:Norrin_Radd_(Earth-616),
character,202,freebase,/m/079qw,
character,202,wikidata,Q95153,https://www.wikidata.org/wiki/Q95153
character,203,comic_vine,4005-82858,https://comicvine.gamespot.com/4005-82858/
character,203,commons_category,Nova (comics),https://commons.wikimedia.org/wiki/Category:Nova (comics)
character,203,fandom_article,marvel:Samuel_Alexander_(Earth-616),
character,203,freebase,/m/0k3gwlv,
character,203,wikidata,Q7063995,https://www.wikidata.org/wiki/Q7063995
character,206,freebase,/m/026npdt,
character,206,wikidata,Q7077466,https://www.wikidata.org/wiki/Q7077466
character,207,comic_vine,4005-6733,https://comicvine.gamespot.com/4005-6733/
character,207,fandom_article,marvel:Edward_Brock_(Earth-616),
character,207,freebase,/m/01_82p,
character,207,wikidata,Q2604715,https://www.wikidata.org/wiki/Q2604715
character,208,comic_vine,4005-72885,https://comicvine.gamespot.com/4005-72885/
character,208,wikidata,Q48732969,https://www.wikidata.org/wiki/Q48732969
character,209,fandom_article,marvel:Virginia_Potts_(Earth-199999),
character,209,wikidata,Q23895000,https://www.wikidata.org/wiki/Q23895000
character,21,comic_vine,4005-1488,https://comicvine.gamespot.com/4005-1488/
character,21,commons_category,Lizard (Marvel Comics),https://commons.wikimedia.org/wiki/Category:Lizard (Marvel Comics)
character,21,fandom_article,marvel:Curtis_Connors_(Earth-616),
character,21,freebase,/m/01x02p,
character,21,wikidata,Q19382,https://www.wikidata.org/wiki/Q19382
character,210,britannica,topic/Spider-Man-comic-book-character,
character,210,comic_vine,4005-1443,https://comicvine.gamespot.com/4005-1443/
character,210,commons_category,Spider-Man,https://commons.wikimedia.org/wiki/Category:Spider-Man
character,210,fandom_article,ru.marvel:Питер_Паркер_(616),
character,210,freebase,/m/06ys2,
character,210,wikidata,Q79037,https://www.wikidata.org/wiki/Q79037
character,211,comic_vine,4005-3548,https://comicvine.gamespot.com/4005-3548/
character,211,commons_category,Kitty Pryde,https://commons.wikimedia.org/wiki/Category:Kitty Pryde
character,211,fandom_article,marvel:Katherine_Pryde_(Earth-616),
character,211,freebase,/m/02321x,
character,211,wikidata,Q547306,https://www.wikidata.org/wiki/Q547306
character,212,britannica,topic/Luke-Cage,
character,212,comic_vine,4005-1450,https://comicvine.gamespot.com/4005-1450/
character,212,commons_category,Luke Cage and his cast,https://commons.wikimedia.org/wiki/Category:Luke Cage and his cast
character,212,fandom_article,marvel:Luke_Cage_(Earth-616),
character,212,freebase,/m/029n63,
character,212,wikidata,Q2267760,https://www.wikidata.org/wiki/Q2267760
character,214,comic_vine,4005-1505,https://comicvine.gamespot.com/4005-1505/
character,214,commons_category,Professor X,https://commons.wikimedia.org/wiki/Category:Professor X
character,214,fandom_article,marvel:Charles_Xavier_(Earth-616),
character,214,freebase,/m/025fh,
character,214,wikidata,Q838076,https://www.wikidata.org/wiki/Q838076
character,215,freebase,/m/08zx6c,
character,215,wikidata,Q2274942,https://www.wikidata.org/wiki/Q2274942
character,22,comic_vine,4005-16197,https://comicvine.gamespot.com/4005-16197/
character,22,fandom_article,marvel:Julia_Carpenter_(Earth-616),
character,22,freebase,/m/08091r,
character,22,wikidata,Q2276597,https://www.wikidata.org/wiki/Q2276597
character,222,comic_vine,4005-15261,https://comicvine.gamespot.com/4005-15261/
character,222,fandom_article,marvel:Richard_Parker_(Earth-616),
character,222,wikidata,Q102268961,https://www.wikidata.org/wiki/Q102268961
character,224,comic_vine,4005-3803,https://comicvine.gamespot.com/4005-3803/
character,224,fandom_article,marvel:Maynard_Tiboldt_(Earth-616),
character,224,freebase,/m/0b9fng,
character,224,wikidata,Q7334931,https://www.wikidata.org/wiki/Q7334931
character,225,wikidata,Q60825677,https://www.wikidata.org/wiki/Q60825677
character,227,comic_vine,4005-1782,https://comicvine.gamespot.com/4005-1782/
character,227,fandom_article,marvel:Joseph_Robertson_(Earth-616),
character,227,freebase,/m/05tyg5,
character,227,wikidata,Q944573,https://www.wikidata.org/wiki/Q944573
character,228,fandom_article,marvel:Roger_Harrington_(Earth-199999),
character,228,wikidata,Q66192435,https://www.wikidata.org/wiki/Q66192435
character,229,comic_vine,4005-1446,https://comicvine.gamespot.com/4005-1446/
character,229,commons_category,Rogue (comics),https://commons.wikimedia.org/wiki/Category:Rogue (comics)
character,229,fandom_article,marvel:Anna_Marie_LeBeau_(Earth-616),
character,229,freebase,/m/015jby,
character,229,wikidata,Q838097,https://www.wikidata.org/wiki/Q838097
character,23,comic_vine,4005-6722,https://comicvine.gamespot.com/4005-6722/
character,23,commons_category,"Morbius, the Living Vampire","https://commons.wikimedia.org/wiki/Category:Morbius, the Living Vampire"
character,23,fandom_article,marvel:Michael_Morbius_(Earth-616),
character,23,freebase,/m/05yp12,
character,23,wikidata,Q1087722,https://www.wikidata.org/wiki/Q1087722
character,231,wikidata,Q56244178,https://www.wikidata.org/wiki/Q56244178
character,234,fandom_article,marvel:Screwball_(Earth-616),
character,234,wikidata,Q55643365,https://www.wikidata.org/wiki/Q55643365
character,236,fandom_article,marvel:Simon_Krieger_(Earth-616),
character,236,wikidata,Q110852301,https://www.wikidata.org/wiki/Q110852301
character,237,wikidata,Q86941895,https://www.wikidata.org/wiki/Q86941895
character,239,fandom_article,marvel:Soren_(Earth-199999),
character,239,wikidata,Q66189494,https://www.wikidata.org/wiki/Q66189494
character,24,fandom_article,marvel:Michelle_Jones_(Earth-199999),
character,24,wikidata,Q23894605,https://www.wikidata.org/wiki/Q23894605
character,240,freebase,/m/036smt,
character,240,wikidata,Q2276949,https://www.wikidata.org/wiki/Q2276949
character,241,comic_vine,4005-17632,https://comicvine.gamespot.com/4005-17632/
character,241,fandom_article,marvel:Spencer_Smythe_(Earth-616),
character,241,freebase,/m/0b11b2,
character,241,wikidata,Q3080800,https://www.wikidata.org/wiki/Q3080800
character,243,comic_vine,4005-1444,https://comicvine.gamespot.com/4005-1444/
character,243,fandom_article,marvel:Ororo_Munroe_(Earth-616),
character,243,freebase,/m/01htfz,
character,243,wikidata,Q632212,https://www.wikidata.org/wiki/Q632212
character,244,fandom_article,marvel:Talos_(Earth-199999),
character,244,wikidata,Q66189316,https://www.wikidata.org/wiki/Q66189316
character,245,comic_vine,4005-4578,https://comicvine.gamespot.com/4005-4578/
character,245,fandom_article,marvel:Anthony_Masters_(Earth-616),
character,245,freebase,/m/03ktd7,
character,245,wikidata,Q2532044,https://www.wikidata.org/wiki/Q2532044
character,246,comic_vine,4005-7607,https://comicvine.gamespot.com/4005-7607/
character,246,commons_category,Thanos,https://commons.wikimedia.org/wiki/Category:Thanos
character,246,fandom_article,marvel:Thanos_(Earth-616),
character,246,freebase,/m/033_fk,
character,246,wikidata,Q2276627,https://www.wikidata.org/wiki/Q2276627
character,247,comic_vine,4005-13381,https://comicvine.gamespot.com/4005-13381/
character,247,freebase,/m/09jv7h,
character,247,wikidata,Q3545603,https://www.wikidata.org/wiki/Q3545603
character,249,comic_vine,4005-2268,https://comicvine.gamespot.com/4005-2268/
character,249,commons_category,Thor (Marvel Comics),https://commons.wikimedia.org/wiki/Category:Thor (Marvel Comics)
character,249,fandom_article,marvel:Thor_Odinson_(Earth-616),
character,249,freebase,/m/0fl9gg,
character,249,wikidata,Q717588,https://www.wikidata.org/wiki/Q717588
character,25,comic_vine,4005-79420,https://comicvine.gamespot.com/4005-79420/
character,25,commons_category,Spider-Man and his cast,https://commons.wikimedia.org/wiki/Category:Spider-Man and his cast
character,25,freebase,/m/0h1gcrk,
character,25,wikidata,Q59826,https://www.wikidata.org/wiki/Q59826
character,251,comic_vine,4005-1536,https://comicvine.gamespot.com/4005-1536/
character,251,commons_category,Cosplay of Typhoid Mary (comics),https://commons.wikimedia.org/wiki/Category:Cosplay of Typhoid Mary (comics)
character,251,fandom_article,marvel:Mary_Walker_(Earth-616),
character,251,freebase,/m/05gfwz,
character,251,wikidata,Q2625935,https://www.wikidata.org/wiki/Q2625935
character,252,comic_vine,4005-6756,https://comicvine.gamespot.com/4005-6756/
character,252,freebase,/m/07ywfd,
character,252,wikidata,Q1168830,https://www.wikidata.org/wiki/Q1168830
character,253,comic_vine,4005-6818,https://comicvine.gamespot.com/4005-6818/
character,253,freebase,/m/06ftnk,
character,253,wikidata,Q4010081,https://www.wikidata.org/wiki/Q4010081
character,256,comic_vine,4005-34187,https://comicvine.gamespot.com/4005-34187/
character,256,freebase,/m/0dpjfy,
character,256,wikidata,Q7965074,https://www.wikidata.org/wiki/Q7965074
character,258,comic_vine,4005-1925,https://comicvine.gamespot.com/4005-1925/
character,258,fandom_article,marvel:Angela_Del_Toro_(Earth-616),
character,258,freebase,/m/02pnk4d,
character,258,wikidata,Q7995468,https://www.wikidata.org/wiki/Q7995468
character,26,comic_vine,4005-4333,https://comicvine.gamespot.com/4005-4333/
character,26,commons_category,Mysterio,https://commons.wikimedia.org/wiki/Category:Mysterio
character,26,fandom_article,marvel:Mysterio,
character,26,freebase,/m/01tv2_,
character,26,tv_tropes,ComicBook/Mysterio,
character,26,wikidata,Q2283843,https://www.wikidata.org/wiki/Q2283843
character,260,fandom_article,marvel:William_Ginter_Riva_(Earth-199999),
character,260,wikidata,Q23750514,https://www.wikidata.org/wiki/Q23750514
character,261,fandom_article,marvel:Wong_(Earth-199999),
character,261,wikidata,Q24045752,https://www.wikidata.org/wiki/Q24045752
character,262,comic_vine,4005-7242,https://comicvine.gamespot.com/4005-7242/
character,262,freebase,/m/06pzbq,
character,262,wikidata,Q2601925,https://www.wikidata.org/wiki/Q2601925
character,263,comic_vine,4005-2494,https://comicvine.gamespot.com/4005-2494/
character,263,wikidata,Q368056,https://www.wikidata.org/wiki/Q368056
character,27,britannica,topic/Spider-Man-comic-book-character,
character,27,comic_vine,4005-1443,https://comicvine.gamespot.com/4005-1443/
character,27,commons_category,Spider-Man,https://commons.wikimedia.org/wiki/Category:Spider-Man
character,27,fandom_article,ru.marvel:Питер_Паркер_(616),
character,27,freebase,/m/06ys2,
character,27,wikidata,Q79037,https://www.wikidata.org/wiki/Q79037
character,28,comic_vine,4005-2126,https://comicvine.gamespot.com/4005-2126/
character,28,commons_category,Rhino (character),https://commons.wikimedia.org/wiki/Category:Rhino (character)
character,28,fandom_article,marvel:Aleksei_Sytsevich_(Earth-616),
character,28,freebase,/m/01ttzc,
character,28,wikidata,Q572626,https://www.wikidata.org/wiki/Q572626
character,29,comic_vine,4005-3544,https://comicvine.gamespot.com/4005-3544/
character,29,commons_category,Sandman (character),https://commons.wikimedia.org/wiki/Category:Sandman (character)
character,29,fandom_article,marvel:William_Baker_(Earth-616),
character,29,freebase,/m/0253r3,
character,29,wikidata,Q1049890,https://www.wikidata.org/wiki/Q1049890
character,3,comic_vine,4005-1479,https://comicvine.gamespot.com/4005-1479/
character,3,commons_category,Black Cat,https://commons.wikimedia.org/wiki/Category:Black Cat
character,3,fandom_article,marvel:Felicia_Hardy_(Earth-616),
character,3,freebase,/m/030vb0,
character,3,wikidata,Q912640,https://www.wikidata.org/wiki/Q912640
character,30,comic_vine,4005-4484,https://comicvine.gamespot.com/4005-4484/
character,30,fandom_article,marvel:MacDonald_Gargan_(Earth-616),
character,30,freebase,/m/01tv3w,
character,30,wikidata,Q2917078,https://www.wikidata.org/wiki/Q2917078
character,31,comic_vine,4005-4825,https://comicvine.gamespot.com/4005-4825/
character,31,commons_category,Shocker (character),https://commons.wikimedia.org/wiki/Category:Shocker (character)
character,31,fandom_article,marvel:Herman_Schultz_(Earth-616),
character,31,freebase,/m/01x05q,
character,31,wikidata,Q2015743,https://www.wikidata.org/wiki/Q2015743
character,32,fandom_article,marvel:Shriek,
character,32,freebase,/m/06bs52,
character,32,wikidata,Q2087326,https://www.wikidata.org/wiki/Q2087326
character,33,comic_vine,4005-101483,https://comicvine.gamespot.com/4005-101483/
character,33,commons_category,Cosplay of Silk,https://commons.wikimedia.org/wiki/Category:Cosplay of Silk
character,33,fandom_article,marvel:Cindy_Moon_(Earth-616),
character,33,freebase,/m/012lzypm,
character,33,wikidata,Q18754954,https://www.wikidata.org/wiki/Q18754954
character,34,comic_vine,4005-7608,https://comicvine.gamespot.com/4005-7608/
character,34,freebase,/m/05s1b5,
character,34,wikidata,Q1877130,https://www.wikidata.org/wiki/Q1877130
character,35,comic_vine,4005-3365,https://comicvine.gamespot.com/4005-3365/
character,35,commons_category,Spider-Girl,https://commons.wikimedia.org/wiki/Category:Spider-Girl
character,35,freebase,/m/02j47c,
character,35,wikidata,Q2186500,https://www.wikidata.org/wiki/Q2186500
character,36,comic_vine,4005-8682,https://comicvine.gamespot.com/4005-8682/
character,36,commons_category,Spider-Ham,https://commons.wikimedia.org/wiki/Category:Spider-Ham
character,36,fandom_article,marvel:Spider-Ham,
character,36,freebase,/m/072wch,
character,36,wikidata,Q3966700,https://www.wikidata.org/wiki/Q3966700
character,37,comic_vine,4005-162256,https://comicvine.gamespot.com/4005-162256/
character,37,fandom_article,marvel:Peter_Parker_(Earth-90214),
character,37,wikidata,Q3966701,https://www.wikidata.org/wiki/Q3966701
character,38,comic_vine,4005-150279,https://comicvine.gamespot.com/4005-150279/
character,38,fandom_article,marvel:Spider-Punk,
character,38,wikidata,Q63975143,https://www.wikidata.org/wiki/Q63975143
character,4,comic_vine,4005-15494,https://comicvine.gamespot.com/4005-15494/
character,4,fandom_article,marvel:Calypso_Ezili_(Earth-616),
character,4,freebase,/m/07h3nk,
character,4,wikidata,Q2934584,https://www.wikidata.org/wiki/Q2934584
character,40,britannica,topic/Spider-Man-comic-book-character,
character,40,comic_vine,4005-1443,https://comicvine.gamespot.com/4005-1443/
character,40,commons_category,Spider-Man,https://commons.wikimedia.org/wiki/Category:Spider-Man
character,40,fandom_article,ru.marvel:Питер_Паркер_(616),
character,40,freebase,/m/06ys2,
character,40,wikidata,Q79037,https://www.wikidata.org/wiki/Q79037
character,42,comic_vine,4005-3144,https://comicvine.gamespot.com/4005-3144/
character,42,fandom_article,marvel:Phineas_Mason_(Earth-616),
character,42,freebase,/m/07p9fs,
character,42,wikidata,Q2623764,https://www.wikidata.org/wiki/Q2623764
character,43,comic_vine,4005-3161,https://comicvine.gamespot.com/4005-3161/
character,43,freebase,/m/06jcbn,
character,43,wikidata,Q59643,https://www.wikidata.org/wiki/Q59643
character,44,comic_vine,4005-3114,https://comicvine.gamespot.com/4005-3114/
character,44,fandom_article,marvel:Benjamin_Parker_(Earth-616),
character,44,freebase,/m/0129mg,
character,44,wikidata,Q2299139,https://www.wikidata.org/wiki/Q2299139
character,45,comic_vine,4005-4459,https://comicvine.gamespot.com/4005-4459/
character,45,commons_category,Vulture (Marvel Comics),https://commons.wikimedia.org/wiki/Category:Vulture (Marvel Comics)
character,45,fandom_article,marvel:Adrian_Toomes_(Earth-616),
character,45,freebase,/m/01tj6m,
character,45,wikidata,Q2296291,https://www.wikidata.org/wiki/Q2296291
character,46,britannica,topic/Wolverine-fictional-character,
character,46,comic_vine,4005-1440,https://comicvine.gamespot.com/4005-1440/
character,46,commons_category,Wolverine and his cast,https://commons.wikimedia.org/wiki/Category:Wolverine and his cast
character,46,fandom_article,marvel:James_Howlett_(Earth-616),
character,46,freebase,/m/01s283,
character,46,tv_tropes,Franchise/Wolverine,
character,46,wikidata,Q186422,https://www.wikidata.org/wiki/Q186422
character,47,wikidata,Q104842695,https://www.wikidata.org/wiki/Q104842695
character,48,freebase,/m/08zx6c,
character,48,wikidata,Q2274942,https://www.wikidata.org/wiki/Q2274942
character,49,comic_vine,4005-4459,https://comicvine.gamespot.com/4005-4459/
character,49,commons_category,Vulture (Marvel Comics),https://commons.wikimedia.org/wiki/Category:Vulture (Marvel Comics)
character,49,fandom_article,marvel:Adrian_Toomes_(Earth-616),
character,49,freebase,/m/01tj6m,
character,49,wikidata,Q2296291,https://www.wikidata.org/wiki/Q2296291
character,5,britannica,topic/Captain-America,
character,5,comic_vine,4005-1442,https://comicvine.gamespot.com/4005-1442/
character,5,fandom_article,marvel:Steven_Rogers_(Earth-616),
character,5,freebase,/m/025dp,
character,5,wikidata,Q190679,https://www.wikidata.org/wiki/Q190679
character,53,comic_vine,4005-6292,https://comicvine.gamespot.com/4005-6292/
character,53,fandom_article,marvel:Alistaire_Smythe_(Earth-616),
character,53,freebase,/m/06m38h,
character,53,wikidata,Q2837209,https://www.wikidata.org/wiki/Q2837209
character,56,freebase,/m/0gyll0l,
character,56,wikidata,Q33100684,https://www.wikidata.org/wiki/Q33100684
character,57,comic_vine,4005-17636,https://comicvine.gamespot.com/4005-17636/
character,57,freebase,/m/07ykj1,
character,57,wikidata,Q14475812,https://www.wikidata.org/wiki/Q14475812
character,58,comic_vine,4005-40598,https://comicvine.gamespot.com/4005-40598/
character,58,commons_category,Araña (Anya Corazon),https://commons.wikimedia.org/wiki/Category:Araña (Anya Corazon)
character,58,freebase,/m/04cz00,
character,58,wikidata,Q2604744,https://www.wikidata.org/wiki/Q2604744
character,59,comic_vine,4005-40598,https://comicvine.gamespot.com/4005-40598/
character,59,commons_category,Araña (Anya Corazon),https://commons.wikimedia.org/wiki/Category:Araña (Anya Corazon)
character,59,freebase,/m/04cz00,
character,59,wikidata,Q2604744,https://www.wikidata.org/wiki/Q2604744
character,6,comic_vine,4005-1490,https://comicvine.gamespot.com/4005-1490/
character,6,commons_category,Carnage,https://commons.wikimedia.org/wiki/Category:Carnage
character,6,freebase,/m/01ttpd,
character,6,wikidata,Q1753328,https://www.wikidata.org/wiki/Q1753328
character,60,comic_vine,4005-24143,https://comicvine.gamespot.com/4005-24143/
character,60,freebase,/m/010fc3jp,
character,60,wikidata,Q16385069,https://www.wikidata.org/wiki/Q16385069
character,63,comic_vine,4005-1529,https://comicvine.gamespot.com/4005-1529/
character,63,fandom_article,marvel:Georges_Batroc_(Earth-616),
character,63,freebase,/m/0585yc,
character,63,wikidata,Q2308669,https://www.wikidata.org/wiki/Q2308669
character,64,comic_vine,4005-1462,https://comicvine.gamespot.com/4005-1462/
character,64,commons_category,Beast (comics),https://commons.wikimedia.org/wiki/Category:Beast (comics)
character,64,fandom_article,marvel:Henry_McCoy_(Earth-616),
character,64,freebase,/m/022wf3,
character,64,wikidata,Q302186,https://www.wikidata.org/wiki/Q302186
character,65,freebase,/m/026gmqx,
character,65,wikidata,Q1168065,https://www.wikidata.org/wiki/Q1168065
character,66,comic_vine,4005-162256,https://comicvine.gamespot.com/4005-162256/
character,66,fandom_article,marvel:Peter_Parker_(Earth-90214),
character,66,wikidata,Q3966701,https://www.wikidata.org/wiki/Q3966701
character,67,comic_vine,4005-2484,https://comicvine.gamespot.com/4005-2484/
character,67,fandom_article,marvel:Elizabeth_Brant_(Earth-616),
character,67,freebase,/m/02__12,
character,67,wikidata,Q2628255,https://www.wikidata.org/wiki/Q2628255
character,68,comic_vine,4005-34615,https://comicvine.gamespot.com/4005-34615/
character,68,fandom_article,marvel:Jackson_Weele_(Earth-616),
character,68,freebase,/m/0cdkr0,
character,68,wikidata,Q2902368,https://www.wikidata.org/wiki/Q2902368
character,69,britannica,topic/Black-Panther-comic-book-character,
character,69,comic_vine,4005-1477,https://comicvine.gamespot.com/4005-1477/
character,69,commons_category,Black Panther,https://commons.wikimedia.org/wiki/Category:Black Panther
character,69,fandom_article,marvel:T'Challa_(Earth-616),
character,69,freebase,/m/044l2v,
character,69,wikidata,Q998220,https://www.wikidata.org/wiki/Q998220
character,7,comic_vine,4005-4458,https://comicvine.gamespot.com/4005-4458/
character,7,fandom_article,marvel:Dmitri_Smerdyakov_(Earth-616),
character,7,freebase,/m/01tjb6,
character,7,wikidata,Q521305,https://www.wikidata.org/wiki/Q521305
character,70,comic_vine,4005-3200,https://comicvine.gamespot.com/4005-3200/
character,70,commons_category,Black Widow,https://commons.wikimedia.org/wiki/Category:Black Widow
character,70,fandom_article,marvel:Natalia_Romanova_(Earth-616),
character,70,freebase,/m/034qgf,
character,70,wikidata,Q369197,https://www.wikidata.org/wiki/Q369197
character,71,comic_vine,4005-7570,https://comicvine.gamespot.com/4005-7570/
character,71,commons_category,Blade and his cast,https://commons.wikimedia.org/wiki/Category:Blade and his cast
character,71,fandom_article,cosplay:Blade,
character,71,freebase,/m/02jfzz,
character,71,wikidata,Q881024,https://www.wikidata.org/wiki/Q881024
character,72,comic_vine,4005-15923,https://comicvine.gamespot.com/4005-15923/
character,72,fandom_article,marvel:Bolivar_Trask_(Earth-616),
character,72,freebase,/m/07lfdr,
character,72,wikidata,Q3641739,https://www.wikidata.org/wiki/Q3641739
character,74,fandom_article,marvel:Brad_Davis_(Earth-199999),
character,74,wikidata,Q66192354,https://www.wikidata.org/wiki/Q66192354
character,77,comic_vine,4005-4647,https://comicvine.gamespot.com/4005-4647/
character,77,fandom_article,marvel:Bullseye_(Lester)_(Earth-616),
character,77,freebase,/m/03fm80,
character,77,wikidata,Q388316,https://www.wikidata.org/wiki/Q388316
character,78,comic_vine,4005-15279,https://comicvine.gamespot.com/4005-15279/
character,78,fandom_article,marvel:Burglar_(Earth-616),
character,78,freebase,/m/02r5j77,
character,78,wikidata,Q606569,https://www.wikidata.org/wiki/Q606569
character,79,comic_vine,4005-21561,https://comicvine.gamespot.com/4005-21561/
character,79,commons_category,Carol Danvers,https://commons.wikimedia.org/wiki/Category:Carol Danvers
character,79,freebase,/m/03xscn,
character,79,wikidata,Q726756,https://www.wikidata.org/wiki/Q726756
character,8,britannica,topic/Daredevil-comic-book-superhero,
character,8,comic_vine,4005-24694,https://comicvine.gamespot.com/4005-24694/
character,8,commons_category,Daredevil,https://commons.wikimedia.org/wiki/Category:Daredevil
character,8,fandom_article,marvel:Matthew_Murdock_(Earth-616),
character,8,freebase,/m/02cyt,
character,8,wikidata,Q327553,https://www.wikidata.org/wiki/Q327553
character,80,fandom_article,marvel:Riot_(Symbiote)_(Earth-616),
character,80,freebase,/m/08ph5m,
character,80,wikidata,Q507241,https://www.wikidata.org/wiki/Q507241
character,82,comic_vine,4005-86390,https://comicvine.gamespot.com/4005-86390/
character,82,freebase,/m/07ms1m,
character,82,wikidata,Q2555885,https://www.wikidata.org/wiki/Q2555885
character,84,comic_vine,4005-1490,https://comicvine.gamespot.com/4005-1490/
character,84,commons_category,Carnage,https://commons.wikimedia.org/wiki/Category:Carnage
character,84,freebase,/m/01ttpd,
character,84,wikidata,Q1753328,https://www.wikidata.org/wiki/Q1753328
character,87,comic_vine,4005-1459,https://comicvine.gamespot.com/4005-1459/
character,87,commons_category,Cyclops (comics),https://commons.wikimedia.org/wiki/Category:Cyclops (comics)
character,87,fandom_article,marvel:Scott_Summers_(Earth-616),
character,87,freebase,/m/0kl3p,
character,87,wikidata,Q857921,https://www.wikidata.org/wiki/Q857921
character,9,britannica,topic/Doctor-Doom,
character,9,comic_vine,4005-1468,https://comicvine.gamespot.com/4005-1468/
character,9,commons_category,Doctor Doom,https://commons.wikimedia.org/wiki/Category:Doctor Doom
character,9,fandom_article,marvel:Victor_von_Doom_(Earth-616),
character,9,freebase,/m/0cs4m,
character,9,wikidata,Q430178,https://www.wikidata.org/wiki/Q430178
character,91,comic_vine,4005-7606,https://comicvine.gamespot.com/4005-7606/
character,91,commons_category,Deadpool and his cast,https://commons.wikimedia.org/wiki/Category:Deadpool and his cast
character,91,fandom_article,marvel:Wade_Wilson_(Earth-616),
character,91,freebase,/m/01960s,
character,91,wikidata,Q1631090,https://www.wikidata.org/wiki/Q1631090
character,92,comic_vine,4005-7258,https://comicvine.gamespot.com/4005-7258/
character,92,freebase,/m/02m2jh,
character,92,wikidata,Q2526966,https://www.wikidata.org/wiki/Q2526966
character,94,comic_vine,4005-15272,https://comicvine.gamespot.com/4005-15272/
character,94,fandom_article,marvel:Demogoblin_(Earth-616),
character,94,freebase,/m/04nkyj,
character,94,wikidata,Q1812152,https://www.wikidata.org/wiki/Q1812152
character,95,fandom_article,marvelcinematicuniverse:Dimitri_Smerdyakov,
character,95,wikidata,Q66198367,https://www.wikidata.org/wiki/Q66198367
character,96,comic_vine,4005-1485,https://comicvine.gamespot.com/4005-1485/
character,96,commons_category,Doctor Octopus,https://commons.wikimedia.org/wiki/Category:Doctor Octopus
character,96,fandom_article,marvel:Otto_Octavius_(Earth-616),
character,96,freebase,/m/01ttxw,
character,96,wikidata,Q578094,https://www.wikidata.org/wiki/Q578094
character,97,comic_vine,4005-1485,https://comicvine.gamespot.com/4005-1485/
character,97,commons_category,Doctor Octopus,https://commons.wikimedia.org/wiki/Category:Doctor Octopus
character,97,fandom_article,marvel:Otto_Octavius_(Earth-616),
character,97,freebase,/m/01ttxw,
character,97,wikidata,Q578094,https://www.wikidata.org/wiki/Q578094
