table_name,row_key,action,source_key
external_ids,work:1:wikidata,insert,wikidata
external_ids,work:1:allocine,insert,wikidata
external_ids,work:1:commons_category,insert,wikidata
external_ids,work:1:filmaffinity,insert,wikidata
external_ids,work:1:freebase,insert,wikidata
external_ids,work:1:imdb,insert,wikidata
external_ids,work:1:letterboxd,insert,wikidata
external_ids,work:1:omdb_ofdb,insert,wikidata
external_ids,work:1:rotten_tomatoes,insert,wikidata
external_ids,work:1:tmdb_movie,insert,wikidata
external_ids,work:10:wikidata,insert,wikidata
external_ids,work:10:allocine,insert,wikidata
external_ids,work:10:apple_tv,insert,wikidata
external_ids,work:10:box_office_mojo,insert,wikidata
external_ids,work:10:commons_category,insert,wikidata
external_ids,work:10:douban,insert,wikidata
external_ids,work:10:eidr,insert,wikidata
external_ids,work:10:filmaffinity,insert,wikidata
external_ids,work:10:freebase,insert,wikidata
external_ids,work:10:imdb,insert,wikidata
external_ids,work:10:kinenote,insert,wikidata
external_ids,work:10:kinopoisk,insert,wikidata
external_ids,work:10:letterboxd,insert,wikidata
external_ids,work:10:metacritic,insert,wikidata
external_ids,work:10:movie_meter,insert,wikidata
external_ids,work:10:netflix,insert,wikidata
external_ids,work:10:official_website,insert,wikidata
external_ids,work:10:omdb_ofdb,insert,wikidata
external_ids,work:10:porthu,insert,wikidata
external_ids,work:10:quora,insert,wikidata
external_ids,work:10:rotten_tomatoes,insert,wikidata
external_ids,work:10:swedish_film,insert,wikidata
external_ids,work:10:tmdb_movie,insert,wikidata
external_ids,work:10:tv_tropes,insert,wikidata
external_ids,work:10:vgmdb,insert,wikidata
external_ids,work:10:viaf,insert,wikidata
external_ids,work:10:youtube_trailer,insert,wikidata
external_ids,work:11:wikidata,insert,wikidata
external_ids,work:11:allocine,insert,wikidata
external_ids,work:11:apple_tv,insert,wikidata
external_ids,work:11:box_office_mojo,insert,wikidata
external_ids,work:11:commons_category,insert,wikidata
external_ids,work:11:douban,insert,wikidata
external_ids,work:11:eidr,insert,wikidata
external_ids,work:11:filmaffinity,insert,wikidata
external_ids,work:11:imdb,insert,wikidata
external_ids,work:11:kinenote,insert,wikidata
external_ids,work:11:kinopoisk,insert,wikidata
external_ids,work:11:letterboxd,insert,wikidata
external_ids,work:11:metacritic,insert,wikidata
external_ids,work:11:netflix,insert,wikidata
external_ids,work:11:official_website,insert,wikidata
external_ids,work:11:omdb_ofdb,insert,wikidata
external_ids,work:11:porthu,insert,wikidata
external_ids,work:11:rotten_tomatoes,insert,wikidata
external_ids,work:11:swedish_film,insert,wikidata
external_ids,work:11:the_numbers,insert,wikidata
external_ids,work:11:tmdb_movie,insert,wikidata
external_ids,work:11:tv_tropes,insert,wikidata
external_ids,work:11:vgmdb,insert,wikidata
external_ids,work:11:youtube_trailer,insert,wikidata
external_ids,work:12:wikidata,insert,wikidata
external_ids,work:12:allocine,insert,wikidata
external_ids,work:12:apple_tv,insert,wikidata
external_ids,work:12:box_office_mojo,insert,wikidata
external_ids,work:12:commons_category,insert,wikidata
external_ids,work:12:douban,insert,wikidata
external_ids,work:12:eidr,insert,wikidata
external_ids,work:12:filmaffinity,insert,wikidata
external_ids,work:12:imdb,insert,wikidata
external_ids,work:12:kinenote,insert,wikidata
external_ids,work:12:kinopoisk,insert,wikidata
external_ids,work:12:letterboxd,insert,wikidata
external_ids,work:12:metacritic,insert,wikidata
external_ids,work:12:movie_meter,insert,wikidata
external_ids,work:12:netflix,insert,wikidata
external_ids,work:12:official_website,insert,wikidata
external_ids,work:12:omdb_ofdb,insert,wikidata
external_ids,work:12:porthu,insert,wikidata
external_ids,work:12:rotten_tomatoes,insert,wikidata
external_ids,work:12:swedish_film,insert,wikidata
external_ids,work:12:the_numbers,insert,wikidata
external_ids,work:12:tmdb_movie,insert,wikidata
external_ids,work:12:tv_tropes,insert,wikidata
external_ids,work:12:vgmdb,insert,wikidata
external_ids,work:12:viaf,insert,wikidata
external_ids,work:12:youtube_trailer,insert,wikidata
external_ids,work:13:wikidata,insert,wikidata
external_ids,work:13:allocine,insert,wikidata
external_ids,work:13:apple_tv,insert,wikidata
external_ids,work:13:box_office_mojo,insert,wikidata
external_ids,work:13:commons_category,insert,wikidata
external_ids,work:13:eidr,insert,wikidata
external_ids,work:13:filmaffinity,insert,wikidata
external_ids,work:13:imdb,insert,wikidata
external_ids,work:13:kinenote,insert,wikidata
external_ids,work:13:kinopoisk,insert,wikidata
external_ids,work:13:letterboxd,insert,wikidata
external_ids,work:13:metacritic,insert,wikidata
external_ids,work:13:official_website,insert,wikidata
external_ids,work:13:omdb_ofdb,insert,wikidata
external_ids,work:13:porthu,insert,wikidata
external_ids,work:13:rotten_tomatoes,insert,wikidata
external_ids,work:13:swedish_film,insert,wikidata
external_ids,work:13:the_numbers,insert,wikidata
external_ids,work:13:tmdb_movie,insert,wikidata
external_ids,work:13:tv_tropes,insert,wikidata
external_ids,work:13:youtube_trailer,insert,wikidata
external_ids,work:14:wikidata,insert,wikidata
external_ids,work:14:allocine,insert,wikidata
external_ids,work:14:apple_tv,insert,wikidata
external_ids,work:14:commons_category,insert,wikidata
external_ids,work:14:eidr,insert,wikidata
external_ids,work:14:filmaffinity,insert,wikidata
external_ids,work:14:imdb,insert,wikidata
external_ids,work:14:kinopoisk,insert,wikidata
external_ids,work:14:letterboxd,insert,wikidata
external_ids,work:14:metacritic,insert,wikidata
external_ids,work:14:movie_meter,insert,wikidata
external_ids,work:14:official_website,insert,wikidata
external_ids,work:14:omdb_ofdb,insert,wikidata
external_ids,work:14:rotten_tomatoes,insert,wikidata
external_ids,work:14:swedish_film,insert,wikidata
external_ids,work:14:the_numbers,insert,wikidata
external_ids,work:14:tmdb_movie,insert,wikidata
external_ids,work:14:tv_tropes,insert,wikidata
external_ids,work:14:vgmdb,insert,wikidata
external_ids,work:14:youtube_trailer,insert,wikidata
external_ids,work:15:wikidata,insert,wikidata
external_ids,work:15:imdb,insert,wikidata
external_ids,work:15:kinopoisk,insert,wikidata
external_ids,work:15:letterboxd,insert,wikidata
external_ids,work:15:official_website,insert,wikidata
external_ids,work:15:rotten_tomatoes,insert,wikidata
external_ids,work:15:tmdb_movie,insert,wikidata
external_ids,work:16:wikidata,insert,wikidata
external_ids,work:16:allocine,insert,wikidata
external_ids,work:16:commons_category,insert,wikidata
external_ids,work:16:filmaffinity,insert,wikidata
external_ids,work:16:imdb,insert,wikidata
external_ids,work:16:kinopoisk,insert,wikidata
external_ids,work:16:letterboxd,insert,wikidata
external_ids,work:16:metacritic,insert,wikidata
external_ids,work:16:official_website,insert,wikidata
external_ids,work:16:rotten_tomatoes,insert,wikidata
external_ids,work:16:swedish_film,insert,wikidata
external_ids,work:16:tmdb_movie,insert,wikidata
external_ids,work:16:youtube_trailer,insert,wikidata
external_ids,work:17:wikidata,insert,wikidata
external_ids,work:17:allocine,insert,wikidata
external_ids,work:17:apple_tv,insert,wikidata
external_ids,work:17:box_office_mojo,insert,wikidata
external_ids,work:17:commons_category,insert,wikidata
external_ids,work:17:eidr,insert,wikidata
external_ids,work:17:filmaffinity,insert,wikidata
external_ids,work:17:imdb,insert,wikidata
external_ids,work:17:kinenote,insert,wikidata
external_ids,work:17:kinopoisk,insert,wikidata
external_ids,work:17:letterboxd,insert,wikidata
external_ids,work:17:metacritic,insert,wikidata
external_ids,work:17:netflix,insert,wikidata
external_ids,work:17:official_website,insert,wikidata
external_ids,work:17:omdb_ofdb,insert,wikidata
external_ids,work:17:porthu,insert,wikidata
external_ids,work:17:rotten_tomatoes,insert,wikidata
external_ids,work:17:swedish_film,insert,wikidata
external_ids,work:17:the_numbers,insert,wikidata
external_ids,work:17:tmdb_movie,insert,wikidata
external_ids,work:17:tv_tropes,insert,wikidata
external_ids,work:17:vgmdb,insert,wikidata
external_ids,work:18:wikidata,insert,wikidata
external_ids,work:18:allocine,insert,wikidata
external_ids,work:18:apple_tv,insert,wikidata
external_ids,work:18:commons_category,insert,wikidata
external_ids,work:18:eidr,insert,wikidata
external_ids,work:18:filmaffinity,insert,wikidata
external_ids,work:18:imdb,insert,wikidata
external_ids,work:18:kinenote,insert,wikidata
external_ids,work:18:kinopoisk,insert,wikidata
external_ids,work:18:letterboxd,insert,wikidata
external_ids,work:18:metacritic,insert,wikidata
external_ids,work:18:omdb_ofdb,insert,wikidata
external_ids,work:18:porthu,insert,wikidata
external_ids,work:18:rotten_tomatoes,insert,wikidata
external_ids,work:18:swedish_film,insert,wikidata
external_ids,work:18:the_numbers,insert,wikidata
external_ids,work:18:tmdb_movie,insert,wikidata
external_ids,work:18:tv_tropes,insert,wikidata
external_ids,work:18:vgmdb,insert,wikidata
external_ids,work:18:youtube_trailer,insert,wikidata
external_ids,work:19:wikidata,insert,wikidata
external_ids,work:19:allocine,insert,wikidata
external_ids,work:19:apple_tv,insert,wikidata
external_ids,work:19:commons_category,insert,wikidata
external_ids,work:19:eidr,insert,wikidata
external_ids,work:19:filmaffinity,insert,wikidata
external_ids,work:19:imdb,insert,wikidata
external_ids,work:19:kinenote,insert,wikidata
external_ids,work:19:kinopoisk,insert,wikidata
external_ids,work:19:letterboxd,insert,wikidata
external_ids,work:19:metacritic,insert,wikidata
external_ids,work:19:official_website,insert,wikidata
external_ids,work:19:porthu,insert,wikidata
external_ids,work:19:quora,insert,wikidata
external_ids,work:19:rotten_tomatoes,insert,wikidata
external_ids,work:19:swedish_film,insert,wikidata
external_ids,work:19:tmdb_movie,insert,wikidata
external_ids,work:19:youtube_trailer,insert,wikidata
external_ids,work:2:wikidata,insert,wikidata
external_ids,work:2:allocine,insert,wikidata
external_ids,work:2:eidr,insert,wikidata
external_ids,work:2:filmaffinity,insert,wikidata
external_ids,work:2:imdb,insert,wikidata
external_ids,work:2:kinopoisk,insert,wikidata
external_ids,work:2:letterboxd,insert,wikidata
external_ids,work:2:omdb_ofdb,insert,wikidata
external_ids,work:2:tmdb_movie,insert,wikidata
external_ids,work:2:vgmdb,insert,wikidata
external_ids,work:20:wikidata,insert,wikidata
external_ids,work:20:allocine,insert,wikidata
external_ids,work:20:apple_tv,insert,wikidata
external_ids,work:20:commons_category,insert,wikidata
external_ids,work:20:eidr,insert,wikidata
external_ids,work:20:filmaffinity,insert,wikidata
external_ids,work:20:imdb,insert,wikidata
external_ids,work:20:kinopoisk,insert,wikidata
external_ids,work:20:letterboxd,insert,wikidata
external_ids,work:20:metacritic,insert,wikidata
external_ids,work:20:netflix,insert,wikidata
external_ids,work:20:official_website,insert,wikidata
external_ids,work:20:porthu,insert,wikidata
external_ids,work:20:rotten_tomatoes,insert,wikidata
external_ids,work:20:swedish_film,insert,wikidata
external_ids,work:20:the_numbers,insert,wikidata
external_ids,work:20:tmdb_movie,insert,wikidata
external_ids,work:20:tv_tropes,insert,wikidata
external_ids,work:20:youtube_trailer,insert,wikidata
external_ids,work:21:wikidata,insert,wikidata
external_ids,work:21:allocine,insert,wikidata
external_ids,work:21:apple_tv,insert,wikidata
external_ids,work:21:eidr,insert,wikidata
external_ids,work:21:filmaffinity,insert,wikidata
external_ids,work:21:imdb,insert,wikidata
external_ids,work:21:kinenote,insert,wikidata
external_ids,work:21:kinopoisk,insert,wikidata
external_ids,work:21:letterboxd,insert,wikidata
external_ids,work:21:metacritic,insert,wikidata
external_ids,work:21:official_website,insert,wikidata
external_ids,work:21:porthu,insert,wikidata
external_ids,work:21:rotten_tomatoes,insert,wikidata
external_ids,work:21:swedish_film,insert,wikidata
external_ids,work:21:tmdb_movie,insert,wikidata
external_ids,work:21:youtube_trailer,insert,wikidata
external_ids,work:22:wikidata,insert,wikidata
external_ids,work:22:allocine,insert,wikidata
external_ids,work:22:apple_tv,insert,wikidata
external_ids,work:22:douban,insert,wikidata
external_ids,work:22:eidr,insert,wikidata
external_ids,work:22:filmaffinity,insert,wikidata
external_ids,work:22:imdb,insert,wikidata
external_ids,work:22:kinenote,insert,wikidata
external_ids,work:22:kinopoisk,insert,wikidata
external_ids,work:22:letterboxd,insert,wikidata
external_ids,work:22:metacritic,insert,wikidata
external_ids,work:22:movie_meter,insert,wikidata
external_ids,work:22:official_website,insert,wikidata
external_ids,work:22:omdb_ofdb,insert,wikidata
external_ids,work:22:porthu,insert,wikidata
external_ids,work:22:rotten_tomatoes,insert,wikidata
external_ids,work:22:swedish_film,insert,wikidata
external_ids,work:22:the_numbers,insert,wikidata
external_ids,work:22:tmdb_movie,insert,wikidata
external_ids,work:22:vgmdb,insert,wikidata
external_ids,work:22:youtube_trailer,insert,wikidata
external_ids,work:23:wikidata,insert,wikidata
external_ids,work:23:imdb,insert,wikidata
external_ids,work:24:wikidata,insert,wikidata
external_ids,work:24:freebase,insert,wikidata
external_ids,work:24:imdb,insert,wikidata
external_ids,work:24:tmdb_tv,insert,wikidata
external_ids,work:25:wikidata,insert,wikidata
external_ids,work:25:commons_category,insert,wikidata
external_ids,work:25:filmaffinity,insert,wikidata
external_ids,work:25:freebase,insert,wikidata
external_ids,work:25:imdb,insert,wikidata
external_ids,work:25:kinopoisk,insert,wikidata
external_ids,work:25:metacritic,insert,wikidata
external_ids,work:25:omdb_ofdb,insert,wikidata
external_ids,work:25:tmdb_tv,insert,wikidata
external_ids,work:25:viaf,insert,wikidata
external_ids,work:26:wikidata,insert,wikidata
external_ids,work:26:filmaffinity,insert,wikidata
external_ids,work:26:freebase,insert,wikidata
external_ids,work:26:imdb,insert,wikidata
external_ids,work:26:kinopoisk,insert,wikidata
external_ids,work:26:omdb_ofdb,insert,wikidata
external_ids,work:26:tmdb_tv,insert,wikidata
external_ids,work:27:wikidata,insert,wikidata
external_ids,work:27:imdb,insert,wikidata
external_ids,work:27:kinopoisk,insert,wikidata
external_ids,work:27:metacritic,insert,wikidata
external_ids,work:27:official_website,insert,wikidata
external_ids,work:27:rotten_tomatoes,insert,wikidata
external_ids,work:27:tmdb_tv,insert,wikidata
external_ids,work:27:youtube_trailer,insert,wikidata
external_ids,work:28:wikidata,insert,wikidata
external_ids,work:28:freebase,insert,wikidata
external_ids,work:28:imdb,insert,wikidata
external_ids,work:28:kinopoisk,insert,wikidata
external_ids,work:28:metacritic,insert,wikidata
external_ids,work:28:omdb_ofdb,insert,wikidata
external_ids,work:28:tmdb_tv,insert,wikidata
external_ids,work:29:wikidata,insert,wikidata
external_ids,work:29:freebase,insert,wikidata
external_ids,work:29:imdb,insert,wikidata
external_ids,work:29:kinopoisk,insert,wikidata
external_ids,work:29:metacritic,insert,wikidata
external_ids,work:29:official_website,insert,wikidata
external_ids,work:29:omdb_ofdb,insert,wikidata
external_ids,work:29:tmdb_tv,insert,wikidata
external_ids,work:3:wikidata,insert,wikidata
external_ids,work:3:imdb,insert,wikidata
external_ids,work:3:kinopoisk,insert,wikidata
external_ids,work:3:letterboxd,insert,wikidata
external_ids,work:3:omdb_ofdb,insert,wikidata
external_ids,work:3:tmdb_movie,insert,wikidata
external_ids,work:30:wikidata,insert,wikidata
external_ids,work:30:freebase,insert,wikidata
external_ids,work:30:imdb,insert,wikidata
external_ids,work:30:kinopoisk,insert,wikidata
external_ids,work:30:metacritic,insert,wikidata
external_ids,work:30:omdb_ofdb,insert,wikidata
external_ids,work:30:rotten_tomatoes,insert,wikidata
external_ids,work:30:tmdb_tv,insert,wikidata
external_ids,work:31:wikidata,insert,wikidata
external_ids,work:31:douban,insert,wikidata
external_ids,work:31:freebase,insert,wikidata
external_ids,work:31:imdb,insert,wikidata
external_ids,work:31:kinopoisk,insert,wikidata
external_ids,work:31:metacritic,insert,wikidata
external_ids,work:31:omdb_ofdb,insert,wikidata
external_ids,work:31:porthu,insert,wikidata
external_ids,work:31:tmdb_tv,insert,wikidata
external_ids,work:32:wikidata,insert,wikidata
external_ids,work:32:freebase,insert,wikidata
external_ids,work:32:imdb,insert,wikidata
external_ids,work:32:kinopoisk,insert,wikidata
external_ids,work:32:metacritic,insert,wikidata
external_ids,work:32:omdb_ofdb,insert,wikidata
external_ids,work:32:tmdb_tv,insert,wikidata
external_ids,work:33:wikidata,insert,wikidata
external_ids,work:33:freebase,insert,wikidata
external_ids,work:33:imdb,insert,wikidata
external_ids,work:33:kinopoisk,insert,wikidata
external_ids,work:33:metacritic,insert,wikidata
external_ids,work:33:official_website,insert,wikidata
external_ids,work:33:omdb_ofdb,insert,wikidata
external_ids,work:33:porthu,insert,wikidata
external_ids,work:33:rotten_tomatoes,insert,wikidata
external_ids,work:33:tmdb_tv,insert,wikidata
external_ids,work:34:wikidata,insert,wikidata
external_ids,work:34:freebase,insert,wikidata
external_ids,work:34:imdb,insert,wikidata
external_ids,work:34:kinopoisk,insert,wikidata
external_ids,work:34:metacritic,insert,wikidata
external_ids,work:34:netflix,insert,wikidata
external_ids,work:34:official_website,insert,wikidata
external_ids,work:34:omdb_ofdb,insert,wikidata
external_ids,work:34:porthu,insert,wikidata
external_ids,work:34:rotten_tomatoes,insert,wikidata
external_ids,work:34:tmdb_tv,insert,wikidata
external_ids,work:34:viaf,insert,wikidata
external_ids,work:35:wikidata,insert,wikidata
external_ids,work:35:commons_category,insert,wikidata
external_ids,work:35:douban,insert,wikidata
external_ids,work:35:freebase,insert,wikidata
external_ids,work:35:imdb,insert,wikidata
external_ids,work:35:kinopoisk,insert,wikidata
external_ids,work:35:netflix,insert,wikidata
external_ids,work:35:official_website,insert,wikidata
external_ids,work:35:omdb_ofdb,insert,wikidata
external_ids,work:35:porthu,insert,wikidata
external_ids,work:35:rotten_tomatoes,insert,wikidata
external_ids,work:35:tmdb_tv,insert,wikidata
external_ids,work:36:wikidata,insert,wikidata
external_ids,work:36:imdb,insert,wikidata
external_ids,work:36:kinopoisk,insert,wikidata
external_ids,work:36:rotten_tomatoes,insert,wikidata
external_ids,work:36:tmdb_tv,insert,wikidata
external_ids,work:37:wikidata,insert,wikidata
external_ids,work:37:filmaffinity,insert,wikidata
external_ids,work:37:imdb,insert,wikidata
external_ids,work:37:kinopoisk,insert,wikidata
external_ids,work:37:rotten_tomatoes,insert,wikidata
external_ids,work:37:tmdb_tv,insert,wikidata
external_ids,work:38:wikidata,insert,wikidata
external_ids,work:38:imdb,insert,wikidata
external_ids,work:38:kinopoisk,insert,wikidata
external_ids,work:38:official_website,insert,wikidata
external_ids,work:38:tmdb_tv,insert,wikidata
external_ids,work:38:youtube_trailer,insert,wikidata
external_ids,work:39:wikidata,insert,wikidata
external_ids,work:39:freebase,insert,wikidata
external_ids,work:4:wikidata,insert,wikidata
external_ids,work:4:imdb,insert,wikidata
external_ids,work:4:kinopoisk,insert,wikidata
external_ids,work:4:tmdb_movie,insert,wikidata
external_ids,work:40:wikidata,insert,wikidata
external_ids,work:40:freebase,insert,wikidata
external_ids,work:40:imdb,insert,wikidata
external_ids,work:41:wikidata,insert,wikidata
external_ids,work:41:freebase,insert,wikidata
external_ids,work:42:wikidata,insert,wikidata
external_ids,work:42:freebase,insert,wikidata
external_ids,work:43:wikidata,insert,wikidata
external_ids,work:43:freebase,insert,wikidata
external_ids,work:44:wikidata,insert,wikidata
external_ids,work:44:freebase,insert,wikidata
external_ids,work:45:wikidata,insert,wikidata
external_ids,work:45:freebase,insert,wikidata
external_ids,work:45:tv_tropes,insert,wikidata
external_ids,work:46:wikidata,insert,wikidata
external_ids,work:46:freebase,insert,wikidata
external_ids,work:47:wikidata,insert,wikidata
external_ids,work:47:freebase,insert,wikidata
external_ids,work:48:wikidata,insert,wikidata
external_ids,work:48:freebase,insert,wikidata
external_ids,work:49:wikidata,insert,wikidata
external_ids,work:49:freebase,insert,wikidata
external_ids,work:49:imdb,insert,wikidata
external_ids,work:5:wikidata,insert,wikidata
external_ids,work:5:allocine,insert,wikidata
external_ids,work:5:apple_tv,insert,wikidata
external_ids,work:5:box_office_mojo,insert,wikidata
external_ids,work:5:commons_category,insert,wikidata
external_ids,work:5:douban,insert,wikidata
external_ids,work:5:eidr,insert,wikidata
external_ids,work:5:filmaffinity,insert,wikidata
external_ids,work:5:freebase,insert,wikidata
external_ids,work:5:giphy,insert,wikidata
external_ids,work:5:hulu,insert,wikidata
external_ids,work:5:imdb,insert,wikidata
external_ids,work:5:kinenote,insert,wikidata
external_ids,work:5:kinopoisk,insert,wikidata
external_ids,work:5:letterboxd,insert,wikidata
external_ids,work:5:metacritic,insert,wikidata
external_ids,work:5:movie_meter,insert,wikidata
external_ids,work:5:netflix,insert,wikidata
external_ids,work:5:official_website,insert,wikidata
external_ids,work:5:omdb_ofdb,insert,wikidata
external_ids,work:5:porthu,insert,wikidata
external_ids,work:5:quora,insert,wikidata
external_ids,work:5:rotten_tomatoes,insert,wikidata
external_ids,work:5:swedish_film,insert,wikidata
external_ids,work:5:the_numbers,insert,wikidata
external_ids,work:5:tmdb_movie,insert,wikidata
external_ids,work:5:tv_tropes,insert,wikidata
external_ids,work:5:vgmdb,insert,wikidata
external_ids,work:5:viaf,insert,wikidata
external_ids,work:5:youtube_trailer,insert,wikidata
external_ids,work:50:wikidata,insert,wikidata
external_ids,work:50:freebase,insert,wikidata
external_ids,work:51:wikidata,insert,wikidata
external_ids,work:51:freebase,insert,wikidata
external_ids,work:51:imdb,insert,wikidata
external_ids,work:52:wikidata,insert,wikidata
external_ids,work:52:freebase,insert,wikidata
external_ids,work:53:wikidata,insert,wikidata
external_ids,work:53:freebase,insert,wikidata
external_ids,work:53:imdb,insert,wikidata
external_ids,work:54:wikidata,insert,wikidata
external_ids,work:54:freebase,insert,wikidata
external_ids,work:55:wikidata,insert,wikidata
external_ids,work:55:freebase,insert,wikidata
external_ids,work:55:imdb,insert,wikidata
external_ids,work:56:wikidata,insert,wikidata
external_ids,work:57:wikidata,insert,wikidata
external_ids,work:57:freebase,insert,wikidata
external_ids,work:57:imdb,insert,wikidata
external_ids,work:58:wikidata,insert,wikidata
external_ids,work:58:freebase,insert,wikidata
external_ids,work:58:tv_tropes,insert,wikidata
external_ids,work:59:wikidata,insert,wikidata
external_ids,work:59:freebase,insert,wikidata
external_ids,work:59:imdb,insert,wikidata
external_ids,work:6:wikidata,insert,wikidata
external_ids,work:6:allocine,insert,wikidata
external_ids,work:6:apple_tv,insert,wikidata
external_ids,work:6:box_office_mojo,insert,wikidata
external_ids,work:6:commons_category,insert,wikidata
external_ids,work:6:douban,insert,wikidata
external_ids,work:6:eidr,insert,wikidata
external_ids,work:6:filmaffinity,insert,wikidata
external_ids,work:6:freebase,insert,wikidata
external_ids,work:6:giphy,insert,wikidata
external_ids,work:6:imdb,insert,wikidata
external_ids,work:6:kinenote,insert,wikidata
external_ids,work:6:kinopoisk,insert,wikidata
external_ids,work:6:letterboxd,insert,wikidata
external_ids,work:6:metacritic,insert,wikidata
external_ids,work:6:movie_meter,insert,wikidata
external_ids,work:6:netflix,insert,wikidata
external_ids,work:6:official_website,insert,wikidata
external_ids,work:6:omdb_ofdb,insert,wikidata
external_ids,work:6:porthu,insert,wikidata
external_ids,work:6:quora,insert,wikidata
external_ids,work:6:rotten_tomatoes,insert,wikidata
external_ids,work:6:swedish_film,insert,wikidata
external_ids,work:6:the_numbers,insert,wikidata
external_ids,work:6:tmdb_movie,insert,wikidata
external_ids,work:6:tv_tropes,insert,wikidata
external_ids,work:6:vgmdb,insert,wikidata
external_ids,work:6:viaf,insert,wikidata
external_ids,work:6:youtube_trailer,insert,wikidata
external_ids,work:60:wikidata,insert,wikidata
external_ids,work:60:freebase,insert,wikidata
external_ids,work:60:imdb,insert,wikidata
external_ids,work:60:tv_tropes,insert,wikidata
external_ids,work:61:wikidata,insert,wikidata
external_ids,work:61:freebase,insert,wikidata
external_ids,work:61:imdb,insert,wikidata
external_ids,work:61:quora,insert,wikidata
external_ids,work:62:wikidata,insert,wikidata
external_ids,work:62:freebase,insert,wikidata
external_ids,work:62:imdb,insert,wikidata
external_ids,work:63:wikidata,insert,wikidata
external_ids,work:63:freebase,insert,wikidata
external_ids,work:63:imdb,insert,wikidata
external_ids,work:64:wikidata,insert,wikidata
external_ids,work:64:freebase,insert,wikidata
external_ids,work:64:imdb,insert,wikidata
external_ids,work:64:official_website,insert,wikidata
external_ids,work:65:wikidata,insert,wikidata
external_ids,work:65:freebase,insert,wikidata
external_ids,work:65:giphy,insert,wikidata
external_ids,work:65:imdb,insert,wikidata
external_ids,work:65:tv_tropes,insert,wikidata
external_ids,work:66:wikidata,insert,wikidata
external_ids,work:66:freebase,insert,wikidata
external_ids,work:66:imdb,insert,wikidata
external_ids,work:66:tv_tropes,insert,wikidata
external_ids,work:67:wikidata,insert,wikidata
external_ids,work:67:freebase,insert,wikidata
external_ids,work:67:imdb,insert,wikidata
external_ids,work:67:tv_tropes,insert,wikidata
external_ids,work:67:viaf,insert,wikidata
external_ids,work:68:wikidata,insert,wikidata
external_ids,work:68:freebase,insert,wikidata
external_ids,work:69:wikidata,insert,wikidata
external_ids,work:69:freebase,insert,wikidata
external_ids,work:69:imdb,insert,wikidata
external_ids,work:69:official_website,insert,wikidata
external_ids,work:69:steam,insert,wikidata
external_ids,work:69:tv_tropes,insert,wikidata
external_ids,work:69:youtube_trailer,insert,wikidata
external_ids,work:7:wikidata,insert,wikidata
external_ids,work:7:allocine,insert,wikidata
external_ids,work:7:apple_tv,insert,wikidata
external_ids,work:7:box_office_mojo,insert,wikidata
external_ids,work:7:commons_category,insert,wikidata
external_ids,work:7:douban,insert,wikidata
external_ids,work:7:eidr,insert,wikidata
external_ids,work:7:filmaffinity,insert,wikidata
external_ids,work:7:freebase,insert,wikidata
external_ids,work:7:giphy,insert,wikidata
external_ids,work:7:imdb,insert,wikidata
external_ids,work:7:kinenote,insert,wikidata
external_ids,work:7:kinopoisk,insert,wikidata
external_ids,work:7:letterboxd,insert,wikidata
external_ids,work:7:metacritic,insert,wikidata
external_ids,work:7:movie_meter,insert,wikidata
external_ids,work:7:netflix,insert,wikidata
external_ids,work:7:official_website,insert,wikidata
external_ids,work:7:omdb_ofdb,insert,wikidata
external_ids,work:7:porthu,insert,wikidata
external_ids,work:7:quora,insert,wikidata
external_ids,work:7:rotten_tomatoes,insert,wikidata
external_ids,work:7:swedish_film,insert,wikidata
external_ids,work:7:the_numbers,insert,wikidata
external_ids,work:7:tmdb_movie,insert,wikidata
external_ids,work:7:tv_tropes,insert,wikidata
external_ids,work:7:vgmdb,insert,wikidata
external_ids,work:7:viaf,insert,wikidata
external_ids,work:7:youtube_trailer,insert,wikidata
external_ids,work:70:wikidata,insert,wikidata
external_ids,work:70:freebase,insert,wikidata
external_ids,work:70:imdb,insert,wikidata
external_ids,work:70:official_website,insert,wikidata
external_ids,work:70:youtube_trailer,insert,wikidata
external_ids,work:71:wikidata,insert,wikidata
external_ids,work:71:freebase,insert,wikidata
external_ids,work:71:imdb,insert,wikidata
external_ids,work:71:official_website,insert,wikidata
external_ids,work:71:steam,insert,wikidata
external_ids,work:72:wikidata,insert,wikidata
external_ids,work:72:freebase,insert,wikidata
external_ids,work:72:giant_bomb,insert,wikidata
external_ids,work:72:imdb,insert,wikidata
external_ids,work:72:official_website,insert,wikidata
external_ids,work:72:steam,insert,wikidata
external_ids,work:73:wikidata,insert,wikidata
external_ids,work:73:freebase,insert,wikidata
external_ids,work:73:imdb,insert,wikidata
external_ids,work:74:wikidata,insert,wikidata
external_ids,work:74:freebase,insert,wikidata
external_ids,work:74:giant_bomb,insert,wikidata
external_ids,work:74:imdb,insert,wikidata
external_ids,work:74:official_website,insert,wikidata
external_ids,work:74:steam,insert,wikidata
external_ids,work:74:tv_tropes,insert,wikidata
external_ids,work:75:wikidata,insert,wikidata
external_ids,work:75:giant_bomb,insert,wikidata
external_ids,work:75:imdb,insert,wikidata
external_ids,work:75:steam,insert,wikidata
external_ids,work:75:tv_tropes,insert,wikidata
external_ids,work:76:wikidata,insert,wikidata
external_ids,work:76:commons_category,insert,wikidata
external_ids,work:76:giant_bomb,insert,wikidata
external_ids,work:76:imdb,insert,wikidata
external_ids,work:76:official_website,insert,wikidata
external_ids,work:76:tv_tropes,insert,wikidata
external_ids,work:77:wikidata,insert,wikidata
external_ids,work:77:imdb,insert,wikidata
external_ids,work:78:wikidata,insert,wikidata
external_ids,work:78:steam,insert,wikidata
external_ids,work:78:youtube_trailer,insert,wikidata
external_ids,work:79:wikidata,insert,wikidata
external_ids,work:79:giant_bomb,insert,wikidata
external_ids,work:79:imdb,insert,wikidata
external_ids,work:79:official_website,insert,wikidata
external_ids,work:79:steam,insert,wikidata
external_ids,work:79:youtube_trailer,insert,wikidata
external_ids,work:8:wikidata,insert,wikidata
external_ids,work:8:allocine,insert,wikidata
external_ids,work:8:apple_tv,insert,wikidata
external_ids,work:8:box_office_mojo,insert,wikidata
external_ids,work:8:commons_category,insert,wikidata
external_ids,work:8:douban,insert,wikidata
external_ids,work:8:eidr,insert,wikidata
external_ids,work:8:filmaffinity,insert,wikidata
external_ids,work:8:freebase,insert,wikidata
external_ids,work:8:imdb,insert,wikidata
external_ids,work:8:kinenote,insert,wikidata
external_ids,work:8:kinopoisk,insert,wikidata
external_ids,work:8:letterboxd,insert,wikidata
external_ids,work:8:metacritic,insert,wikidata
external_ids,work:8:movie_meter,insert,wikidata
external_ids,work:8:netflix,insert,wikidata
external_ids,work:8:official_website,insert,wikidata
external_ids,work:8:omdb_ofdb,insert,wikidata
external_ids,work:8:porthu,insert,wikidata
external_ids,work:8:rotten_tomatoes,insert,wikidata
external_ids,work:8:swedish_film,insert,wikidata
external_ids,work:8:the_numbers,insert,wikidata
external_ids,work:8:tmdb_movie,insert,wikidata
external_ids,work:8:tv_tropes,insert,wikidata
external_ids,work:8:vgmdb,insert,wikidata
external_ids,work:8:viaf,insert,wikidata
external_ids,work:8:youtube_trailer,insert,wikidata
external_ids,work:80:wikidata,insert,wikidata
external_ids,work:80:imdb,insert,wikidata
external_ids,work:80:official_website,insert,wikidata
external_ids,work:80:steam,insert,wikidata
external_ids,work:80:youtube_trailer,insert,wikidata
external_ids,work:9:wikidata,insert,wikidata
external_ids,work:9:allocine,insert,wikidata
external_ids,work:9:apple_tv,insert,wikidata
external_ids,work:9:box_office_mojo,insert,wikidata
external_ids,work:9:commons_category,insert,wikidata
external_ids,work:9:douban,insert,wikidata
external_ids,work:9:eidr,insert,wikidata
external_ids,work:9:filmaffinity,insert,wikidata
external_ids,work:9:freebase,insert,wikidata
external_ids,work:9:imdb,insert,wikidata
external_ids,work:9:kinenote,insert,wikidata
external_ids,work:9:kinopoisk,insert,wikidata
external_ids,work:9:letterboxd,insert,wikidata
external_ids,work:9:metacritic,insert,wikidata
external_ids,work:9:netflix,insert,wikidata
external_ids,work:9:official_website,insert,wikidata
external_ids,work:9:omdb_ofdb,insert,wikidata
external_ids,work:9:porthu,insert,wikidata
external_ids,work:9:quora,insert,wikidata
external_ids,work:9:rotten_tomatoes,insert,wikidata
external_ids,work:9:swedish_film,insert,wikidata
external_ids,work:9:tmdb_movie,insert,wikidata
external_ids,work:9:tv_tropes,insert,wikidata
external_ids,work:9:vgmdb,insert,wikidata
external_ids,work:9:viaf,insert,wikidata
external_ids,work:9:youtube_trailer,insert,wikidata
work_summaries,work:1,insert,wikipedia
work_summaries,work:10,insert,wikipedia
work_summaries,work:11,insert,wikipedia
work_summaries,work:12,insert,wikipedia
work_summaries,work:13,insert,wikipedia
work_summaries,work:14,insert,wikipedia
work_summaries,work:15,insert,wikipedia
work_summaries,work:16,insert,wikipedia
work_summaries,work:17,insert,wikipedia
work_summaries,work:18,insert,wikipedia
work_summaries,work:19,insert,wikipedia
work_summaries,work:2,insert,wikipedia
work_summaries,work:20,insert,wikipedia
work_summaries,work:21,insert,wikipedia
work_summaries,work:22,insert,wikipedia
work_summaries,work:23,insert,wikipedia
work_summaries,work:24,insert,wikipedia
work_summaries,work:25,insert,wikipedia
work_summaries,work:26,insert,wikipedia
work_summaries,work:27,insert,wikipedia
work_summaries,work:28,insert,wikipedia
work_summaries,work:29,insert,wikipedia
work_summaries,work:3,insert,wikipedia
work_summaries,work:30,insert,wikipedia
work_summaries,work:31,insert,wikipedia
work_summaries,work:32,insert,wikipedia
work_summaries,work:33,insert,wikipedia
work_summaries,work:34,insert,wikipedia
work_summaries,work:35,insert,wikipedia
work_summaries,work:36,insert,wikipedia
work_summaries,work:37,insert,wikipedia
work_summaries,work:38,insert,wikipedia
work_summaries,work:39,insert,wikipedia
work_summaries,work:4,insert,wikipedia
work_summaries,work:40,insert,wikipedia
work_summaries,work:41,insert,wikipedia
work_summaries,work:42,insert,wikipedia
work_summaries,work:43,insert,wikipedia
work_summaries,work:44,insert,wikipedia
work_summaries,work:45,insert,wikipedia
work_summaries,work:46,insert,wikipedia
work_summaries,work:47,insert,wikipedia
work_summaries,work:48,insert,wikipedia
work_summaries,work:49,insert,wikipedia
work_summaries,work:5,insert,wikipedia
work_summaries,work:50,insert,wikipedia
work_summaries,work:51,insert,wikipedia
work_summaries,work:52,insert,wikipedia
work_summaries,work:53,insert,wikipedia
work_summaries,work:54,insert,wikipedia
work_summaries,work:55,insert,wikipedia
work_summaries,work:57,insert,wikipedia
work_summaries,work:58,insert,wikipedia
work_summaries,work:59,insert,wikipedia
work_summaries,work:6,insert,wikipedia
work_summaries,work:60,insert,wikipedia
work_summaries,work:61,insert,wikipedia
work_summaries,work:62,insert,wikipedia
work_summaries,work:63,insert,wikipedia
work_summaries,work:64,insert,wikipedia
work_summaries,work:65,insert,wikipedia
work_summaries,work:66,insert,wikipedia
work_summaries,work:67,insert,wikipedia
work_summaries,work:68,insert,wikipedia
work_summaries,work:69,insert,wikipedia
work_summaries,work:7,insert,wikipedia
work_summaries,work:70,insert,wikipedia
work_summaries,work:71,insert,wikipedia
work_summaries,work:72,insert,wikipedia
work_summaries,work:73,insert,wikipedia
work_summaries,work:74,insert,wikipedia
work_summaries,work:75,insert,wikipedia
work_summaries,work:76,insert,wikipedia
work_summaries,work:77,insert,wikipedia
work_summaries,work:78,insert,wikipedia
work_summaries,work:79,insert,wikipedia
work_summaries,work:8,insert,wikipedia
work_summaries,work:80,insert,wikipedia
work_summaries,work:9,insert,wikipedia
work_genres,1:action film,insert,wikidata
work_countries,1:United States,insert,wikidata
work_languages,1:English,insert,wikidata
work_places,1:New York City:narrative,insert,wikidata
work_places,1:Los Angeles:filming,insert,wikidata
work_release_dates,1:1977-09-14:Q30,insert,wikidata
work_release_dates,1:1978-03-15:Q142,insert,wikidata
work_release_dates,1:1978-04-21:Q490,insert,wikidata
work_release_dates,1:1978-06-16:Q96,insert,wikidata
work_release_dates,1:1978-06-16:Q183,insert,wikidata
work_release_dates,1:1978-08-14:Q29,insert,wikidata
work_release_dates,1:1979-10-12:Q35,insert,wikidata
work_release_dates,1:1980-04-04:Q33,insert,wikidata
work_release_dates,1:1981-05-14:Q1473,insert,wikidata
work_release_dates,1:1981-09-04:Q145,insert,wikidata
work_release_dates,1:1981-10-05:Q43,insert,wikidata
work_genres,10:superhero film,insert,wikidata
work_genres,10:action film,insert,wikidata
work_countries,10:United States,insert,wikidata
work_languages,10:English,insert,wikidata
work_places,10:New York City:narrative,insert,wikidata
work_places,"10:Washington, D.C.:narrative",insert,wikidata
work_places,10:Pinewood Atlanta Studios:filming,insert,wikidata
work_places,10:Midtown High School:filming,insert,wikidata
work_places,10:Downtown:filming,insert,wikidata
work_places,10:New York City:filming,insert,wikidata
work_places,10:Astoria:filming,insert,wikidata
work_places,10:St. George:filming,insert,wikidata
work_places,10:Manhattan:filming,insert,wikidata
work_content_ratings,10:PG-13,insert,wikidata
work_release_dates,10:2017-07-07:Q30,insert,wikidata
work_release_dates,10:2017-06-28:Q65,insert,wikidata
work_release_dates,10:2017-07-05:Q34,insert,wikidata
work_release_dates,10:2017-07-06:Q35,insert,wikidata
work_release_dates,10:2017-07-12:Q142,insert,wikidata
work_release_dates,10:2017-07-13:Q183,insert,wikidata
work_release_dates,10:2017-07-28:Q29,insert,wikidata
work_release_dates,10:2017-09-08:Q148,insert,wikidata
work_genres,11:action film,insert,wikidata
work_genres,11:adventure film,insert,wikidata
work_genres,11:science fiction film,insert,wikidata
work_genres,11:superhero film,insert,wikidata
work_genres,11:drama film,insert,wikidata
work_genres,11:comedy film,insert,wikidata
work_countries,11:United States,insert,wikidata
work_languages,11:English,insert,wikidata
work_places,11:Brooklyn:narrative,insert,wikidata
work_places,11:Brooklyn:filming,insert,wikidata
work_content_ratings,11:PG,insert,wikidata
work_release_dates,11:2018-12-21:Q142,insert,wikidata
work_release_dates,11:2018-12-13:Q213,insert,wikidata
work_release_dates,11:2018-12-14:Q145,insert,wikidata
work_release_dates,11:2018-12-20:Q155,insert,wikidata
work_release_dates,11:2018-12-21:Q29,insert,wikidata
work_release_dates,11:2018-12-25:Q36,insert,wikidata
work_release_dates,11:2018-12-26:Q408,insert,wikidata
work_release_dates,11:2019-01-10:Q414,insert,wikidata
work_release_dates,11:2019-03-08:None,insert,wikidata
work_genres,12:action film,insert,wikidata
work_genres,12:adventure film,insert,wikidata
work_genres,12:science fiction film,insert,wikidata
work_genres,12:superhero film,insert,wikidata
work_genres,12:speculative fiction film,insert,wikidata
work_countries,12:United States,insert,wikidata
work_languages,12:English,insert,wikidata
work_places,12:New York City:narrative,insert,wikidata
work_places,12:Venice:narrative,insert,wikidata
work_places,12:London:narrative,insert,wikidata
work_places,12:Ixtenco:narrative,insert,wikidata
work_places,12:Prague:narrative,insert,wikidata
work_places,12:Berlin:narrative,insert,wikidata
work_places,12:Broek op Langedijk:narrative,insert,wikidata
work_content_ratings,12:PG-13,insert,wikidata
work_release_dates,12:2019-07-02:Q30,insert,wikidata
work_release_dates,12:2019-07-03:Q142,insert,wikidata
work_release_dates,12:2019-06-28:Q148,insert,wikidata
work_release_dates,12:2019-07-04:Q414,insert,wikidata
work_release_dates,12:2019-07-05:Q219,insert,wikidata
work_release_dates,12:2019-07-10:Q38,insert,wikidata
work_genres,13:superhero film,insert,wikidata
work_genres,13:action film,insert,wikidata
work_genres,13:adventure film,insert,wikidata
work_genres,13:science fiction film,insert,wikidata
work_genres,13:technofantasy,insert,wikidata
work_countries,13:United States,insert,wikidata
work_languages,13:English,insert,wikidata
work_places,13:New York City:narrative,insert,wikidata
work_places,13:Sanctum Sanctorum:narrative,insert,wikidata
work_places,13:Happy Hogan's Condominium:narrative,insert,wikidata
work_places,13:Statue of Liberty:narrative,insert,wikidata
work_content_ratings,13:PG-13,insert,wikidata
work_release_dates,13:2021-12-17:Q30,insert,wikidata
work_release_dates,13:2021-12-16:Q183,insert,wikidata
work_release_dates,13:2021-12-15:Q38,insert,wikidata
work_genres,14:action comedy film,insert,wikidata
work_genres,14:superhero film,insert,wikidata
work_genres,14:action film,insert,wikidata
work_genres,14:comedy film,insert,wikidata
work_genres,14:drama fiction,insert,wikidata
work_countries,14:United States,insert,wikidata
work_languages,14:English,insert,wikidata
work_content_ratings,14:PG,insert,wikidata
work_release_dates,14:2023-06-02:Q142,insert,wikidata
work_release_dates,14:2023-06-01:Q30,insert,wikidata
work_release_dates,14:2023-06-03:Q28,insert,wikidata
work_genres,15:action film,insert,wikidata
work_genres,15:adventure film,insert,wikidata
work_genres,15:superhero film,insert,wikidata
work_countries,15:United States,insert,wikidata
work_languages,15:English,insert,wikidata
work_release_dates,15:2027-06-18:Q30,insert,wikidata
work_genres,16:adventure film,insert,wikidata
work_genres,16:fantasy film,insert,wikidata
work_genres,16:action film,insert,wikidata
work_genres,16:science fiction film,insert,wikidata
work_genres,16:superhero film,insert,wikidata
work_countries,16:United States,insert,wikidata
work_countries,16:United Kingdom,insert,wikidata
work_countries,16:Canada,insert,wikidata
work_countries,16:Germany,insert,wikidata
work_languages,16:English,insert,wikidata
work_places,16:New York City:narrative,insert,wikidata
work_content_ratings,16:PG-13,insert,wikidata
work_release_dates,16:2026-07-31:Q30,insert,wikidata
work_release_dates,16:2026-07-29:Q28,insert,wikidata
work_genres,17:superhero film,insert,wikidata
work_genres,17:thriller film,insert,wikidata
work_countries,17:United States,insert,wikidata
work_countries,17:People's Republic of China,insert,wikidata
work_languages,17:English,insert,wikidata
work_languages,17:Standard Chinese,insert,wikidata
work_languages,17:Malay,insert,wikidata
work_places,17:San Francisco:narrative,insert,wikidata
work_places,17:Sarawak:narrative,insert,wikidata
work_places,17:Atlanta:filming,insert,wikidata
work_places,17:New York City:filming,insert,wikidata
work_places,17:San Francisco:filming,insert,wikidata
work_content_ratings,17:PG-13,insert,wikidata
work_release_dates,17:2018-10-04:Q159,insert,wikidata
work_release_dates,17:2018-10-04:Q183,insert,wikidata
work_release_dates,17:2018-10-05:Q145,insert,wikidata
work_release_dates,17:2018-10-04:Q408,insert,wikidata
work_release_dates,17:2018-10-10:Q142,insert,wikidata
work_genres,18:action film,insert,wikidata
work_genres,18:superhero film,insert,wikidata
work_countries,18:United States,insert,wikidata
work_languages,18:English,insert,wikidata
work_places,18:San Francisco:narrative,insert,wikidata
work_places,18:California:narrative,insert,wikidata
work_places,18:San Quentin Rehabilitation Center:narrative,insert,wikidata
work_places,18:Rodeo Beach:narrative,insert,wikidata
work_content_ratings,18:PG-13,insert,wikidata
work_release_dates,18:2021:None,insert,wikidata
work_release_dates,18:2021-10-01:Q30,insert,wikidata
work_release_dates,18:2021-10-21:Q183,insert,wikidata
work_release_dates,18:2021-10-14:Q28,insert,wikidata
work_release_dates,18:2021-10-15:Q219,insert,wikidata
work_release_dates,18:2021-11-04:Q224,insert,wikidata
work_release_dates,18:2021-10-20:Q142,insert,wikidata
work_release_dates,18:2021-10-22:Q189,insert,wikidata
work_release_dates,18:2021-10-28:Q55,insert,wikidata
work_release_dates,18:2021-11-19:Q20,insert,wikidata
work_release_dates,18:2021-10-07:Q414,insert,wikidata
work_release_dates,18:2021-10-08:Q96,insert,wikidata
work_release_dates,18:2021-11-25:Q408,insert,wikidata
work_release_dates,18:2021-10-13:Q8646,insert,wikidata
work_release_dates,18:2021-12-03:Q17,insert,wikidata
work_release_dates,18:2021-09-30:Q159,insert,wikidata
work_genres,19:horror film,insert,wikidata
work_genres,19:science fiction film,insert,wikidata
work_genres,19:action film,insert,wikidata
work_genres,19:superhero film,insert,wikidata
work_genres,19:adventure film,insert,wikidata
work_genres,19:speculative fiction film,insert,wikidata
work_genres,19:drama film,insert,wikidata
work_genres,19:thriller film,insert,wikidata
work_genres,19:vampire film,insert,wikidata
work_countries,19:United States,insert,wikidata
work_languages,19:English,insert,wikidata
work_places,19:Cerro de la Muerte:narrative,insert,wikidata
work_places,19:Greece:narrative,insert,wikidata
work_places,19:New York City:narrative,insert,wikidata
work_places,19:Atlantic Ocean:narrative,insert,wikidata
work_places,19:The Tombs:narrative,insert,wikidata
work_places,19:Atlanta:filming,insert,wikidata
work_places,19:London:filming,insert,wikidata
work_places,19:Manchester:filming,insert,wikidata
work_content_ratings,19:PG-13,insert,wikidata
work_release_dates,19:2022-03-30:Q142,insert,wikidata
work_release_dates,19:2022-03-31:Q183,insert,wikidata
work_release_dates,19:2022-04-01:Q30,insert,wikidata
work_release_dates,19:2022-04-14:Q55,insert,wikidata
work_genres,2:science fiction film,insert,wikidata
work_countries,2:United States,insert,wikidata
work_languages,2:English,insert,wikidata
work_places,2:Los Angeles:filming,insert,wikidata
work_release_dates,2:1978-12-21:Q739,insert,wikidata
work_release_dates,2:1979-02-22:Q490,insert,wikidata
work_release_dates,2:1979-04-04:Q142,insert,wikidata
work_release_dates,2:1979-05-04:Q145,insert,wikidata
work_release_dates,2:1979-06-09:Q183,insert,wikidata
work_release_dates,2:1979-07-13:Q45,insert,wikidata
work_release_dates,2:1979-08-02:Q55,insert,wikidata
work_release_dates,2:1980-03-05:Q77,insert,wikidata
work_release_dates,2:1982-12:Q43,insert,wikidata
work_genres,20:superhero film,insert,wikidata
work_genres,20:action film,insert,wikidata
work_countries,20:United States,insert,wikidata
work_languages,20:English,insert,wikidata
work_content_ratings,20:PG-13,insert,wikidata
work_release_dates,20:2024-02-14:Q30,insert,wikidata
work_release_dates,20:2024-02-15:Q28,insert,wikidata
work_genres,21:science fiction film,insert,wikidata
work_genres,21:action film,insert,wikidata
work_countries,21:United States,insert,wikidata
work_languages,21:English,insert,wikidata
work_content_ratings,21:R,insert,wikidata
work_release_dates,21:2024-12-13:Q191,insert,wikidata
work_release_dates,21:2024-12-12:Q28,insert,wikidata
work_genres,22:superhero film,insert,wikidata
work_genres,22:action film,insert,wikidata
work_genres,22:science fiction film,insert,wikidata
work_genres,22:thriller film,insert,wikidata
work_countries,22:United States,insert,wikidata
work_languages,22:English,insert,wikidata
work_places,22:Cartagena:filming,insert,wikidata
work_places,22:Parque Regional de Calblanque:filming,insert,wikidata
work_content_ratings,22:PG-13,insert,wikidata
work_release_dates,22:2024-10-21:Q60,insert,wikidata
work_release_dates,22:2024-10-25:Q30,insert,wikidata
work_release_dates,22:2024-10-30:None,insert,wikidata
work_release_dates,22:2024-10-24:Q28,insert,wikidata
work_release_dates,22:2024-10-24:Q414,insert,wikidata
work_genres,23:superhero film,insert,wikidata
work_genres,23:action film,insert,wikidata
work_countries,23:United States,insert,wikidata
work_languages,23:English,insert,wikidata
work_countries,24:United States,insert,wikidata
work_languages,24:English,insert,wikidata
work_genres,25:science fiction television series,insert,wikidata
work_genres,25:superhero television program,insert,wikidata
work_countries,25:United States,insert,wikidata
work_languages,25:English,insert,wikidata
work_places,25:New York City:narrative,insert,wikidata
work_genres,26:tokusatsu,insert,wikidata
work_countries,26:Japan,insert,wikidata
work_languages,26:Japanese,insert,wikidata
work_genres,27:superhero television program,insert,wikidata
work_genres,27:adventure television series,insert,wikidata
work_genres,27:crime television series,insert,wikidata
work_genres,27:noir fiction,insert,wikidata
work_genres,27:detective and mystery television program,insert,wikidata
work_countries,27:United States,insert,wikidata
work_languages,27:English,insert,wikidata
work_places,27:New York City:narrative,insert,wikidata
work_genres,28:action television series,insert,wikidata
work_countries,28:Canada,insert,wikidata
work_countries,28:United States,insert,wikidata
work_languages,28:English,insert,wikidata
work_places,28:New York City:narrative,insert,wikidata
work_countries,29:United States,insert,wikidata
work_languages,29:English,insert,wikidata
work_genres,3:action film,insert,wikidata
work_countries,3:United States,insert,wikidata
work_languages,3:English,insert,wikidata
work_places,3:Los Angeles:filming,insert,wikidata
work_release_dates,3:1979-07-06:None,insert,wikidata
work_release_dates,3:1980-12-05:Q490,insert,wikidata
work_release_dates,3:1981-02-02:Q155,insert,wikidata
work_release_dates,3:1981-02-13:Q27,insert,wikidata
work_release_dates,3:1981-04-09:Q45,insert,wikidata
work_release_dates,3:1981-04-13:Q29,insert,wikidata
work_release_dates,3:1981-05-07:Q408,insert,wikidata
work_release_dates,3:1981-06-25:Q183,insert,wikidata
work_genres,30:science fiction television series,insert,wikidata
work_genres,30:superhero television program,insert,wikidata
work_countries,30:United States,insert,wikidata
work_languages,30:English,insert,wikidata
work_places,30:New York City:narrative,insert,wikidata
work_genres,31:fantasy television series,insert,wikidata
work_genres,31:adventure television series,insert,wikidata
work_genres,31:action television series,insert,wikidata
work_genres,31:science fiction television series,insert,wikidata
work_genres,31:superhero television program,insert,wikidata
work_genres,31:children's television series,insert,wikidata
work_countries,31:United States,insert,wikidata
work_languages,31:English,insert,wikidata
work_places,31:New York City:narrative,insert,wikidata
work_genres,32:action television series,insert,wikidata
work_genres,32:superhero television program,insert,wikidata
work_countries,32:United States,insert,wikidata
work_languages,32:English,insert,wikidata
work_genres,33:superhero television program,insert,wikidata
work_genres,33:science fiction,insert,wikidata
work_genres,33:action television series,insert,wikidata
work_genres,33:mystery fiction,insert,wikidata
work_genres,33:action-adventure television series,insert,wikidata
work_countries,33:United States,insert,wikidata
work_languages,33:English,insert,wikidata
work_places,33:New York City:narrative,insert,wikidata
work_places,33:New York:narrative,insert,wikidata
work_genres,34:science fiction television series,insert,wikidata
work_genres,34:comedy television series,insert,wikidata
work_countries,34:United States,insert,wikidata
work_languages,34:English,insert,wikidata
work_places,34:New York City:narrative,insert,wikidata
work_genres,35:fantasy television series,insert,wikidata
work_genres,35:adventure television series,insert,wikidata
work_genres,35:action television series,insert,wikidata
work_genres,35:science fiction television series,insert,wikidata
work_genres,35:comedy television series,insert,wikidata
work_genres,35:children's television series,insert,wikidata
work_genres,35:superhero television program,insert,wikidata
work_countries,35:United States,insert,wikidata
work_languages,35:English,insert,wikidata
work_places,35:New York City:narrative,insert,wikidata
work_genres,36:action television series,insert,wikidata
work_genres,36:adventure television series,insert,wikidata
work_countries,36:United States,insert,wikidata
work_languages,36:English,insert,wikidata
work_genres,37:children's television series,insert,wikidata
work_countries,37:United States,insert,wikidata
work_languages,37:English,insert,wikidata
work_genres,38:superhero television program,insert,wikidata
work_countries,38:United States,insert,wikidata
work_languages,38:English,insert,wikidata
work_release_dates,38:2025-01-29:None,insert,wikidata
work_genres,39:action-adventure game,insert,wikidata
work_countries,39:United States,insert,wikidata
work_places,39:New York City:narrative,insert,wikidata
work_release_dates,39:1982:None,insert,wikidata
work_genres,4:action film,insert,wikidata
work_countries,4:Japan,insert,wikidata
work_languages,4:Japanese,insert,wikidata
work_release_dates,4:1978:None,insert,wikidata
work_release_dates,40:1984-12-31:None,insert,wikidata
work_release_dates,40:1984:None,insert,wikidata
work_genres,41:arcade,insert,wikidata
work_countries,41:United Kingdom,insert,wikidata
work_release_dates,41:1989-01-01:None,insert,wikidata
work_genres,42:platformer,insert,wikidata
work_countries,42:United Kingdom,insert,wikidata
work_release_dates,42:1990-01-01:None,insert,wikidata
work_genres,43:beat 'em up,insert,wikidata
work_genres,43:action game,insert,wikidata
work_countries,43:United Kingdom,insert,wikidata
work_places,43:New York City:narrative,insert,wikidata
work_release_dates,43:1990-07:None,insert,wikidata
work_genres,44:shoot 'em up,insert,wikidata
work_countries,44:Australia,insert,wikidata
work_places,44:New York City:narrative,insert,wikidata
work_genres,45:action-adventure game,insert,wikidata
work_genres,45:action game,insert,wikidata
work_countries,45:United States,insert,wikidata
work_places,45:New York City:narrative,insert,wikidata
work_release_dates,45:1990-01-01:None,insert,wikidata
work_genres,46:fighting game,insert,wikidata
work_countries,46:Japan,insert,wikidata
work_places,46:New York City:narrative,insert,wikidata
work_release_dates,46:1991-01-01:None,insert,wikidata
work_genres,47:platformer,insert,wikidata
work_countries,47:United Kingdom,insert,wikidata
work_release_dates,47:1992-08:None,insert,wikidata
work_genres,48:action-adventure game,insert,wikidata
work_countries,48:United Kingdom,insert,wikidata
work_places,48:New York City:narrative,insert,wikidata
work_release_dates,48:1992-10:Q49,insert,wikidata
work_release_dates,48:1992:Q46,insert,wikidata
work_genres,49:action game,insert,wikidata
work_genres,49:platformer,insert,wikidata
work_genres,49:crossover fiction,insert,wikidata
work_countries,49:United Kingdom,insert,wikidata
work_places,49:New York City:narrative,insert,wikidata
work_release_dates,49:1993-08-19:None,insert,wikidata
work_genres,5:science fiction film,insert,wikidata
work_genres,5:drama film,insert,wikidata
work_genres,5:coming-of-age film,insert,wikidata
work_genres,5:superhero film,insert,wikidata
work_genres,5:action film,insert,wikidata
work_countries,5:United States,insert,wikidata
work_languages,5:English,insert,wikidata
work_places,5:New York City:narrative,insert,wikidata
work_places,5:New York City:filming,insert,wikidata
work_places,5:Los Angeles:filming,insert,wikidata
work_content_ratings,5:PG-13,insert,wikidata
work_release_dates,5:2002-05-03:Q16,insert,wikidata
work_release_dates,5:2002-05-05:Q41,insert,wikidata
work_release_dates,5:2002-05-17:Q77,insert,wikidata
work_release_dates,5:2002-05-16:Q414,insert,wikidata
work_release_dates,5:2002-05-10:Q258,insert,wikidata
work_release_dates,5:2002-06-23:Q34,insert,wikidata
work_release_dates,5:2002-06-06:Q183,insert,wikidata
work_release_dates,5:2002-06-12:Q142,insert,wikidata
work_genres,50:platformer,insert,wikidata
work_countries,50:United Kingdom,insert,wikidata
work_places,50:New York City:narrative,insert,wikidata
work_release_dates,50:1993:None,insert,wikidata
work_genres,51:beat 'em up,insert,wikidata
work_countries,51:United Kingdom,insert,wikidata
work_places,51:San Francisco:narrative,insert,wikidata
work_release_dates,51:1994-11-24:None,insert,wikidata
work_release_dates,51:1994-09-16:Q49,insert,wikidata
work_release_dates,51:1994:Q46,insert,wikidata
work_release_dates,51:1995-05-26:Q17,insert,wikidata
work_genres,52:platformer,insert,wikidata
work_countries,52:Japan,insert,wikidata
work_places,52:New York City:narrative,insert,wikidata
work_release_dates,52:1995-03-17:Q17,insert,wikidata
work_genres,53:beat 'em up,insert,wikidata
work_countries,53:United Kingdom,insert,wikidata
work_places,53:New York City:narrative,insert,wikidata
work_release_dates,53:1995-11:Q49,insert,wikidata
work_release_dates,53:1996-03-22:Q46,insert,wikidata
work_genres,54:platformer,insert,wikidata
work_countries,54:United States,insert,wikidata
work_places,54:New York City:narrative,insert,wikidata
work_release_dates,54:1995-01-01:None,insert,wikidata
work_genres,55:action-adventure game,insert,wikidata
work_countries,55:United States,insert,wikidata
work_places,55:New York City:narrative,insert,wikidata
work_release_dates,55:1996:None,insert,wikidata
work_release_dates,56:1996:Q30,insert,wikidata
work_genres,57:beat 'em up,insert,wikidata
work_countries,57:United States,insert,wikidata
work_places,57:New York City:narrative,insert,wikidata
work_release_dates,57:2000-08-30:None,insert,wikidata
work_genres,58:action game,insert,wikidata
work_countries,58:Australia,insert,wikidata
work_places,58:New York City:narrative,insert,wikidata
work_release_dates,58:2001-05-30:None,insert,wikidata
work_genres,59:beat 'em up,insert,wikidata
work_countries,59:United States,insert,wikidata
work_places,59:New York City:narrative,insert,wikidata
work_release_dates,59:2001-10-19:None,insert,wikidata
work_genres,6:action film,insert,wikidata
work_genres,6:thriller film,insert,wikidata
work_genres,6:superhero film,insert,wikidata
work_genres,6:science fiction film,insert,wikidata
work_genres,6:drama film,insert,wikidata
work_countries,6:United States,insert,wikidata
work_languages,6:English,insert,wikidata
work_places,6:New York City:narrative,insert,wikidata
work_places,6:New York City:filming,insert,wikidata
work_places,6:Los Angeles:filming,insert,wikidata
work_places,6:Chicago:filming,insert,wikidata
work_content_ratings,6:PG-13,insert,wikidata
work_release_dates,6:2004-06-30:Q30,insert,wikidata
work_release_dates,6:2004-07-07:Q34,insert,wikidata
work_release_dates,6:2004-07-08:Q183,insert,wikidata
work_release_dates,6:2004-07-14:Q142,insert,wikidata
work_genres,60:action game,insert,wikidata
work_countries,60:United States,insert,wikidata
work_places,60:New York City:narrative,insert,wikidata
work_release_dates,60:2001-02-07:None,insert,wikidata
work_genres,61:action-adventure game,insert,wikidata
work_countries,61:United States,insert,wikidata
work_places,61:New York City:narrative,insert,wikidata
work_release_dates,61:2002-04-14:None,insert,wikidata
work_genres,62:action-adventure game,insert,wikidata
work_genres,62:action game,insert,wikidata
work_countries,62:United States,insert,wikidata
work_places,62:New York City:narrative,insert,wikidata
work_release_dates,62:2004-06-28:None,insert,wikidata
work_genres,63:action-adventure game,insert,wikidata
work_genres,63:beat 'em up,insert,wikidata
work_genres,63:action game,insert,wikidata
work_countries,63:United States,insert,wikidata
work_places,63:New York City:narrative,insert,wikidata
work_release_dates,63:2005-09-19:None,insert,wikidata
work_genres,64:action-adventure game,insert,wikidata
work_genres,64:platformer,insert,wikidata
work_countries,64:Australia,insert,wikidata
work_places,64:New York City:narrative,insert,wikidata
work_release_dates,64:2006-11-14:None,insert,wikidata
work_genres,65:action-adventure game,insert,wikidata
work_countries,65:United States,insert,wikidata
work_places,65:New York City:narrative,insert,wikidata
work_release_dates,65:2007-05-02:None,insert,wikidata
work_release_dates,65:2008-03-19:Q17,insert,wikidata
work_release_dates,65:2007-05-04:Q49,insert,wikidata
work_genres,66:action-adventure game,insert,wikidata
work_genres,66:adventure video game,insert,wikidata
work_genres,66:beat 'em up,insert,wikidata
work_genres,66:platformer,insert,wikidata
work_countries,66:United States,insert,wikidata
work_places,66:Tokyo:narrative,insert,wikidata
work_places,66:Cairo:narrative,insert,wikidata
work_places,66:Nepal:narrative,insert,wikidata
work_places,66:Transylvania:narrative,insert,wikidata
work_release_dates,66:2007-10-02:Q49,insert,wikidata
work_release_dates,66:2007-10-10:Q408,insert,wikidata
work_release_dates,66:2007-10-12:Q46,insert,wikidata
work_genres,67:Metroidvania,insert,wikidata
work_countries,67:United States,insert,wikidata
work_places,67:New York City:narrative,insert,wikidata
work_release_dates,67:2008-10-21:Q49,insert,wikidata
work_release_dates,67:2008-10-28:Q408,insert,wikidata
work_release_dates,67:2008-10-24:Q46,insert,wikidata
work_genres,68:action-adventure game,insert,wikidata
work_countries,68:France,insert,wikidata
work_places,68:New York City:narrative,insert,wikidata
work_release_dates,68:2010-09-01:None,insert,wikidata
work_genres,69:Metroidvania,insert,wikidata
work_genres,69:neo-noir video game,insert,wikidata
work_genres,69:crossover fiction,insert,wikidata
work_genres,69:cyberpunk video game,insert,wikidata
work_countries,69:United States,insert,wikidata
work_places,69:New York City:narrative,insert,wikidata
work_release_dates,69:2010-09-07:Q49,insert,wikidata
work_release_dates,69:2010-09-29:Q408,insert,wikidata
work_release_dates,69:2010-09-10:Q46,insert,wikidata
work_genres,7:action film,insert,wikidata
work_genres,7:thriller film,insert,wikidata
work_genres,7:superhero film,insert,wikidata
work_genres,7:science fiction film,insert,wikidata
work_genres,7:drama film,insert,wikidata
work_countries,7:United States,insert,wikidata
work_languages,7:English,insert,wikidata
work_places,7:New York City:narrative,insert,wikidata
work_places,7:New Jersey:filming,insert,wikidata
work_places,7:Los Angeles:filming,insert,wikidata
work_places,7:28 Liberty Street:filming,insert,wikidata
work_content_ratings,7:PG-13,insert,wikidata
work_release_dates,7:2007-05-04:Q30,insert,wikidata
work_release_dates,7:2007-05-04:Q34,insert,wikidata
work_release_dates,7:2007-05-01:Q183,insert,wikidata
work_genres,70:action-adventure game,insert,wikidata
work_genres,70:crossover fiction,insert,wikidata
work_genres,70:cyberpunk video game,insert,wikidata
work_countries,70:Canada,insert,wikidata
work_places,70:New York City:narrative,insert,wikidata
work_release_dates,70:2011-10-04:Q49,insert,wikidata
work_release_dates,70:2011-10-26:Q408,insert,wikidata
work_release_dates,70:2011-10-14:Q46,insert,wikidata
work_genres,71:action-adventure game,insert,wikidata
work_genres,71:platformer,insert,wikidata
work_places,71:New York City:narrative,insert,wikidata
work_release_dates,71:2012-06-26:Q49,insert,wikidata
work_release_dates,71:2012-06-27:Q408,insert,wikidata
work_release_dates,71:2012-06-29:Q46,insert,wikidata
work_genres,72:action-adventure game,insert,wikidata
work_countries,72:Canada,insert,wikidata
work_places,72:New York City:narrative,insert,wikidata
work_release_dates,72:2014-04-17:None,insert,wikidata
work_genres,73:endless runner game,insert,wikidata
work_countries,73:France,insert,wikidata
work_places,73:New York City:narrative,insert,wikidata
work_release_dates,73:2014-09-10:None,insert,wikidata
work_genres,74:action-adventure game,insert,wikidata
work_genres,74:crossover fiction,insert,wikidata
work_countries,74:United Kingdom,insert,wikidata
work_places,74:New York City:narrative,insert,wikidata
work_release_dates,74:2013-10-22:Q49,insert,wikidata
work_release_dates,74:2013-11-15:Q46,insert,wikidata
work_release_dates,74:2013-11-15:Q49,insert,wikidata
work_release_dates,74:2013-11-22:Q49,insert,wikidata
work_release_dates,74:2014-02-18:Q49,insert,wikidata
work_release_dates,74:2014-02-21:Q46,insert,wikidata
work_release_dates,74:2014-05-08:Q13780930,insert,wikidata
work_release_dates,74:2015-01-22:Q17,insert,wikidata
work_release_dates,74:2021-10-08:Q13780930,insert,wikidata
work_genres,75:action-adventure game,insert,wikidata
work_countries,75:England,insert,wikidata
work_places,75:England:narrative,insert,wikidata
work_release_dates,75:2017-11-15:None,insert,wikidata
work_release_dates,75:2017-11-14:None,insert,wikidata
work_genres,76:action-adventure game,insert,wikidata
work_genres,76:superhero video game,insert,wikidata
work_genres,76:science fiction video game,insert,wikidata
work_countries,76:United States,insert,wikidata
work_places,76:Manhattan:narrative,insert,wikidata
work_release_dates,76:2018-09-07:Q13780930,insert,wikidata
work_release_dates,76:2020-11-12:Q13780930,insert,wikidata
work_release_dates,76:2022-08-12:Q13780930,insert,wikidata
work_genres,77:science fiction video game,insert,wikidata
work_genres,77:action-adventure game,insert,wikidata
work_genres,77:superhero video game,insert,wikidata
work_countries,77:United States,insert,wikidata
work_genres,78:action-adventure game,insert,wikidata
work_genres,78:action game,insert,wikidata
work_countries,78:United States,insert,wikidata
work_places,78:Manhattan:narrative,insert,wikidata
work_release_dates,78:2020-11-12:Q13780930,insert,wikidata
work_release_dates,78:2022:None,insert,wikidata
work_genres,79:action-adventure game,insert,wikidata
work_genres,79:Christmas video game,insert,wikidata
work_countries,79:United States,insert,wikidata
work_places,79:United States:narrative,insert,wikidata
work_places,79:Manhattan:narrative,insert,wikidata
work_release_dates,79:2020-11-12:Q13780930,insert,wikidata
work_release_dates,79:2020-11-12:Q49,insert,wikidata
work_release_dates,79:2020-11-19:Q13780930,insert,wikidata
work_release_dates,79:2022-11-18:Q13780930,insert,wikidata
work_genres,8:action film,insert,wikidata
work_genres,8:thriller film,insert,wikidata
work_genres,8:teen film,insert,wikidata
work_genres,8:superhero film,insert,wikidata
work_genres,8:science fiction film,insert,wikidata
work_genres,8:biopunk,insert,wikidata
work_countries,8:United States,insert,wikidata
work_languages,8:English,insert,wikidata
work_places,8:Drochia:narrative,insert,wikidata
work_places,8:New York City:filming,insert,wikidata
work_places,8:Los Angeles:filming,insert,wikidata
work_content_ratings,8:PG-13,insert,wikidata
work_release_dates,8:2012-06-28:Q183,insert,wikidata
work_release_dates,8:2012-07-03:Q30,insert,wikidata
work_release_dates,8:2012-07-03:Q34,insert,wikidata
work_release_dates,8:2014-05-01:Q28,insert,wikidata
work_release_dates,8:2012-07-04:Q142,insert,wikidata
work_release_dates,8:2012-07-12:Q28,insert,wikidata
work_genres,80:action-adventure game,insert,wikidata
work_countries,80:United States,insert,wikidata
work_places,80:Brooklyn:narrative,insert,wikidata
work_places,80:Queens:narrative,insert,wikidata
work_release_dates,80:2023-10-20:Q13780930,insert,wikidata
work_release_dates,80:2025-01-30:Q13780930,insert,wikidata
work_genres,9:action film,insert,wikidata
work_genres,9:thriller film,insert,wikidata
work_genres,9:teen film,insert,wikidata
work_genres,9:superhero film,insert,wikidata
work_genres,9:science fiction film,insert,wikidata
work_genres,9:biopunk,insert,wikidata
work_countries,9:United States,insert,wikidata
work_languages,9:English,insert,wikidata
work_places,9:New York City:narrative,insert,wikidata
work_places,9:Long Island:filming,insert,wikidata
work_places,9:New York City:filming,insert,wikidata
work_places,9:Rochester:filming,insert,wikidata
work_content_ratings,9:PG-13,insert,wikidata
work_release_dates,9:2014-05-02:Q30,insert,wikidata
work_release_dates,9:2014-04-17:Q183,insert,wikidata
work_release_dates,9:2014-04-18:Q34,insert,wikidata
work_release_dates,9:2014-04-30:Q142,insert,wikidata
work_release_dates,9:2014-05-01:Q28,insert,wikidata
review_scores,10:Rotten Tomatoes (critic),insert,wikidata
review_scores,10:Metacritic (critic),insert,wikidata
review_scores,11:Moviefone.com,insert,wikidata
review_scores,11:eiga.com,insert,wikidata
review_scores,11:Metacritic (critic),insert,wikidata
review_scores,11:Rotten Tomatoes (critic),insert,wikidata
review_scores,12:Rotten Tomatoes (critic),insert,wikidata
review_scores,12:Metacritic (critic),insert,wikidata
review_scores,13:Rotten Tomatoes (critic),insert,wikidata
review_scores,13:Metacritic (critic),insert,wikidata
review_scores,14:Rotten Tomatoes (critic),insert,wikidata
review_scores,14:Metacritic (critic),insert,wikidata
review_scores,16:Rotten Tomatoes (critic),insert,wikidata
review_scores,17:Rotten Tomatoes (critic),insert,wikidata
review_scores,17:Metacritic (critic),insert,wikidata
review_scores,18:Rotten Tomatoes (critic),insert,wikidata
review_scores,18:Metacritic (critic),insert,wikidata
review_scores,19:Rotten Tomatoes (critic),insert,wikidata
review_scores,19:Metacritic (critic),insert,wikidata
review_scores,19:IMDb,insert,wikidata
review_scores,20:Rotten Tomatoes (critic),insert,wikidata
review_scores,20:Metacritic (critic),insert,wikidata
review_scores,21:Rotten Tomatoes (critic),insert,wikidata
review_scores,21:Metacritic (critic),insert,wikidata
review_scores,21:IMDb,insert,wikidata
review_scores,48:Electronic Games (Nintendo Entertainment System),insert,wikidata
review_scores,5:Rotten Tomatoes (critic),insert,wikidata
review_scores,5:Metacritic (critic),insert,wikidata
review_scores,6:Metacritic (critic),insert,wikidata
review_scores,6:Rotten Tomatoes (critic),insert,wikidata
review_scores,7:Rotten Tomatoes (critic),insert,wikidata
review_scores,7:Metacritic (critic),insert,wikidata
review_scores,76:Gameblog.fr (Microsoft Windows),insert,wikidata
review_scores,79:Gameblog.fr (Microsoft Windows),insert,wikidata
review_scores,8:Rotten Tomatoes (critic),insert,wikidata
review_scores,8:Metacritic (critic),insert,wikidata
review_scores,9:Rotten Tomatoes (critic),insert,wikidata
review_scores,9:Metacritic (critic),insert,wikidata
review_scores,16:Metacritic (critic),insert,wikipedia
review_scores,27:Metacritic (critic),insert,wikipedia
review_scores,34:Rotten Tomatoes (critic),insert,wikipedia
review_scores,38:Metacritic (critic),insert,wikipedia
review_scores,43:Electronic Gaming Monthly,insert,wikipedia
review_scores,43:GamePro,insert,wikipedia
review_scores,43:Nintendo Power,insert,wikipedia
review_scores,43:GB Action,insert,wikipedia
review_scores,43:Power Play,insert,wikipedia
review_scores,47:Electronic Gaming Monthly,insert,wikipedia
review_scores,47:GamePro,insert,wikipedia
review_scores,47:Nintendo Power,insert,wikipedia
review_scores,47:GB Action,insert,wikipedia
review_scores,47:Power Play,insert,wikipedia
review_scores,49:Allgame,insert,wikipedia
review_scores,49:Computer and Video Games,insert,wikipedia
review_scores,49:Electronic Gaming Monthly,insert,wikipedia
review_scores,49:GamePro,insert,wikipedia
review_scores,49:Hyper,insert,wikipedia
review_scores,49:Nintendo Power,insert,wikipedia
review_scores,49:Official Nintendo Magazine,insert,wikipedia
review_scores,49:Game Players,insert,wikipedia
review_scores,49:N-Force,insert,wikipedia
review_scores,49:Play Time (magazine),insert,wikipedia
review_scores,49:Sega Magazine,insert,wikipedia
review_scores,50:Electronic Gaming Monthly,insert,wikipedia
review_scores,50:GamePro,insert,wikipedia
review_scores,50:Nintendo Power,insert,wikipedia
review_scores,50:GB Action,insert,wikipedia
review_scores,50:Power Play,insert,wikipedia
review_scores,51:Electronic Gaming Monthly (SNES),insert,wikipedia
review_scores,58:GameRankings,insert,wikipedia
review_scores,58:Allgame,insert,wikipedia
review_scores,58:GamePro,insert,wikipedia
review_scores,58:GameSpot,insert,wikipedia
review_scores,58:IGN,insert,wikipedia
review_scores,59:Allgame,insert,wikipedia
review_scores,59:Official PlayStation Magazine,insert,wikipedia
review_scores,60:Allgame,insert,wikipedia
review_scores,62:Metacritic,insert,wikipedia
review_scores,62:Edge,insert,wikipedia
review_scores,62:Electronic Gaming Monthly,insert,wikipedia
review_scores,62:Eurogamer,insert,wikipedia
review_scores,62:Game Informer,insert,wikipedia
review_scores,62:GamePro,insert,wikipedia
review_scores,62:GameSpot,insert,wikipedia
review_scores,62:IGN,insert,wikipedia
review_scores,62:Nintendo Power,insert,wikipedia
review_scores,62:Official PlayStation Magazine,insert,wikipedia
review_scores,62:Official Xbox Magazine,insert,wikipedia
review_scores,62:PC Gamer US,insert,wikipedia
review_scores,63:Metacritic,insert,wikipedia
review_scores,63:Edge,insert,wikipedia
review_scores,63:Eurogamer,insert,wikipedia
review_scores,63:GamePro,insert,wikipedia
review_scores,63:Nintendo Power,insert,wikipedia
review_scores,63:Official PlayStation Magazine,insert,wikipedia
review_scores,63:Official Xbox Magazine,insert,wikipedia
review_scores,63:PC Gamer US,insert,wikipedia
review_scores,63:CiN Weekly,insert,wikipedia
review_scores,63:The Sydney Morning Herald,insert,wikipedia
review_scores,64:Metacritic,insert,wikipedia
review_scores,64:GameSpot,insert,wikipedia
review_scores,64:IGN,insert,wikipedia
review_scores,64:Nintendo Power,insert,wikipedia
review_scores,64:Nintendo World Report,insert,wikipedia
review_scores,66:GameRankings,insert,wikipedia
review_scores,66:Metacritic,insert,wikipedia
review_scores,66:Eurogamer,insert,wikipedia
review_scores,66:Game Informer,insert,wikipedia
review_scores,66:GamePro,insert,wikipedia
review_scores,66:GameTrailers,insert,wikipedia
review_scores,66:Official Xbox Magazine,insert,wikipedia
review_scores,67:GameRankings,insert,wikipedia
review_scores,67:Metacritic,insert,wikipedia
review_scores,67:Eurogamer,insert,wikipedia
review_scores,67:GamePro,insert,wikipedia
review_scores,67:GameSpot,insert,wikipedia
review_scores,67:GameTrailers,insert,wikipedia
review_scores,67:IGN,insert,wikipedia
review_scores,67:Nintendo Power,insert,wikipedia
review_scores,67:Official Nintendo Magazine,insert,wikipedia
review_scores,67:Official Xbox Magazine,insert,wikipedia
review_scores,67:PC Gamer US,insert,wikipedia
review_scores,67:Common Sense Media,insert,wikipedia
review_scores,68:Metacritic,insert,wikipedia
review_scores,68:Eurogamer,insert,wikipedia
review_scores,68:IGN,insert,wikipedia
review_scores,68:VideoGamer.com,insert,wikipedia
review_scores,68:Pocket Gamer,insert,wikipedia
review_scores,68:AppSpy,insert,wikipedia
review_scores,69:Metacritic,insert,wikipedia
review_scores,69:Nintendo Power,insert,wikipedia
review_scores,69:Official Xbox Magazine,insert,wikipedia
review_scores,69:PC Gamer US,insert,wikipedia
review_scores,69:The Escapist,insert,wikipedia
review_scores,70:Metacritic,insert,wikipedia
review_scores,70:Nintendo World Report (3DS),insert,wikipedia
review_scores,70:Nintendo World Report (DS),insert,wikipedia
review_scores,72:Metacritic,insert,wikipedia
review_scores,72:IGN,insert,wikipedia
review_scores,72:Official Xbox Magazine,insert,wikipedia
review_scores,72:PC Gamer UK,insert,wikipedia
review_scores,72:TouchArcade,insert,wikipedia
review_scores,73:Metacritic,insert,wikipedia
review_scores,74:Metacritic,insert,wikipedia
review_scores,74:Allgame,insert,wikipedia
review_scores,74:Computer and Video Games,insert,wikipedia
review_scores,74:The Escapist,insert,wikipedia
review_scores,75:Metacritic,insert,wikipedia
review_scores,76:Metacritic,insert,wikipedia
review_scores,76:OpenCritic (Remaster),insert,wikipedia
review_scores,76:Electronic Gaming Monthly,insert,wikipedia
review_scores,76:GamesRadar+,insert,wikipedia
review_scores,76:PC Gamer US,insert,wikipedia
review_scores,76:VideoGamer.com,insert,wikipedia
review_scores,78:Metacritic,insert,wikipedia
review_scores,78:OpenCritic (Remaster),insert,wikipedia
review_scores,78:Destructoid,insert,wikipedia
review_scores,78:Electronic Gaming Monthly,insert,wikipedia
review_scores,78:Game Informer,insert,wikipedia
review_scores,78:GameSpot,insert,wikipedia
review_scores,78:GamesRadar+,insert,wikipedia
review_scores,78:IGN,insert,wikipedia
review_scores,78:PC Gamer US,insert,wikipedia
review_scores,78:VideoGamer.com,insert,wikipedia
review_scores,79:Metacritic,insert,wikipedia
review_scores,79:Edge,insert,wikipedia
review_scores,79:VideoGamer.com,insert,wikipedia
review_scores,79:PC Gamer US,insert,wikipedia
review_scores,80:Metacritic,insert,wikipedia
review_scores,80:OpenCritic,insert,wikipedia
review_scores,80:Eurogamer,insert,wikipedia
review_scores,80:Famitsu,insert,wikipedia
review_scores,80:GamesRadar+,insert,wikipedia
review_scores,80:VideoGamer.com,insert,wikipedia
box_office,10:domestic_usd,fill,wikidata
box_office,11:domestic_usd,fill,wikidata
box_office_regions,12:People's Republic of China,insert,wikidata
box_office,12:domestic_usd,fill,wikidata
box_office,13:domestic_usd,fill,wikidata
budgets,16:production:225000000,insert,wikidata
budgets,17:production:140000000,insert,wikidata
box_office_regions,18:Russia,insert,wikidata
box_office_regions,18:United Kingdom,insert,wikidata
box_office_regions,18:Mexico,insert,wikidata
box_office_regions,18:South Korea,insert,wikidata
box_office_regions,18:France,insert,wikidata
box_office_regions,18:Germany,insert,wikidata
box_office_regions,18:Spain,insert,wikidata
box_office_regions,18:Japan,insert,wikidata
box_office,18:domestic_usd,fill,wikidata
budgets,19:production:83000000,insert,wikidata
box_office,21:domestic_usd,fill,wikidata
budgets,22:production:120000000,insert,wikidata
box_office,6:domestic_usd,fill,wikidata
box_office,7:domestic_usd,fill,wikidata
budgets,8:production:230000000,insert,wikidata
awards,10:Kids' Choice Awards:2018:Favorite Movie:nominated,insert,wikidata
awards,"11:Hugo Awards:2019:Best Dramatic Presentation, Long Form:won",insert,wikidata
awards,11:BAFTA's Children & Young People Awards:2019:Feature Film:won,insert,wikidata
awards,11:Kids' Choice Awards:2019:Favorite Animated Movie:nominated,insert,wikidata
awards,12:Kids' Choice Awards:2020:Favorite Movie:nominated,insert,wikidata
awards,14:Kids' Choice Awards:2024:Favorite Animated Movie:won,insert,wikidata
awards,6:Academy Awards:2005:Best Sound:nominated,insert,wikidata
awards,6:Kids' Choice Awards:2005:Favorite Movie:nominated,insert,wikidata
awards,6:Broadcast Film Critics Association Awards:2004:Best Family Film:nominated,insert,wikidata
awards,63:Annie Awards:2005:Best Animated Video Game:won,insert,wikidata
awards,74:British Academy Games Awards:2014:Action and Adventure:nominated,insert,wikidata
awards,74:British Academy Games Awards:2014:British Game:nominated,insert,wikidata
awards,76:The Game Awards − Most Anticipated Game:2017:The Game Awards − Most Anticipated Game:nominated,insert,wikidata
awards,76:The Game Awards − Game of the Year:2018:The Game Awards − Game of the Year:nominated,insert,wikidata
awards,76:The Game Awards − Best Game Direction:2018:The Game Awards − Best Game Direction:nominated,insert,wikidata
awards,76:The Game Awards − Best Narrative:2018:The Game Awards − Best Narrative:nominated,insert,wikidata
awards,76:The Game Awards − Best Score and Music:2018:The Game Awards − Best Score and Music:nominated,insert,wikidata
awards,76:The Game Awards − Best Audio Design:2018:The Game Awards − Best Audio Design:nominated,insert,wikidata
awards,76:The Game Awards − Best Performance:2018:The Game Awards − Best Performance:nominated,insert,wikidata
awards,76:The Game Awards − Best Action/Adventure:2018:The Game Awards − Best Action/Adventure:nominated,insert,wikidata
awards,76:British Academy Games Awards:2019:Artistic Achievement:nominated,insert,wikidata
awards,76:British Academy Games Awards:2019:Audio Achievement:nominated,insert,wikidata
awards,76:British Academy Games Awards:2019:Narrative:nominated,insert,wikidata
awards,78:Steam Awards:2022:Outstanding Story-Rich Game:nominated,insert,wikidata
awards,79:British Academy Games Awards:2021:Music:won,insert,wikidata
awards,79:Steam Awards:2023:Outstanding Visual Style:won,insert,wikidata
awards,79:The Game Awards − Best Action/Adventure:2020:The Game Awards − Best Action/Adventure:nominated,insert,wikidata
awards,79:The Game Awards − Best Performance:2020:The Game Awards − Best Performance:nominated,insert,wikidata
awards,79:The Game Awards − Player's Voice:2020:The Game Awards − Player's Voice:nominated,insert,wikidata
awards,79:British Academy Games Awards:2021:Best Game:nominated,insert,wikidata
awards,79:British Academy Games Awards:2021:Animation:nominated,insert,wikidata
awards,79:British Academy Games Awards:2021:Audio Achievement:nominated,insert,wikidata
awards,79:British Academy Games Awards:2021:Narrative:nominated,insert,wikidata
awards,79:British Academy Games Awards:2021:Performer in a Leading Role:nominated,insert,wikidata
awards,79:British Academy Games Awards:2021:Technical Achievement:nominated,insert,wikidata
awards,8:Kids' Choice Awards:2013:Favorite Movie:nominated,insert,wikidata
awards,80:The Game Awards − Best Action/Adventure:2023:The Game Awards − Best Action/Adventure:nominated,insert,wikidata
awards,80:The Game Awards − Game of the Year:2023:The Game Awards − Game of the Year:nominated,insert,wikidata
awards,80:The Game Awards − Best Game Direction:2023:The Game Awards − Best Game Direction:nominated,insert,wikidata
awards,80:The Game Awards − Best Audio Design:2023:The Game Awards − Best Audio Design:nominated,insert,wikidata
awards,80:The Game Awards − Innovation in Accessibility:2023:The Game Awards − Innovation in Accessibility:nominated,insert,wikidata
awards,80:The Game Awards − Best Narrative:2023:The Game Awards − Best Narrative:nominated,insert,wikidata
awards,80:The Game Awards − Best Performance:2023:The Game Awards − Best Performance:nominated,insert,wikidata
awards,80:The Game Awards − Player's Voice:2023:The Game Awards − Player's Voice:nominated,insert,wikidata
awards,80:Steam Awards:2025:Best Soundtrack:nominated,insert,wikidata
awards,9:Kids' Choice Awards:2015:Favorite Movie:nominated,insert,wikidata
people,1:nationality,fill,wikidata
person_citizenships,1:United States,insert,wikidata
person_occupations,1:actor,insert,wikidata
person_occupations,1:television actor,insert,wikidata
person_occupations,1:screenwriter,insert,wikidata
person_occupations,1:film actor,insert,wikidata
person_occupations,1:stage actor,insert,wikidata
person_details,person:1,insert,wikidata
external_ids,person:1:allmovie,insert,wikidata
external_ids,person:1:allocine,insert,wikidata
external_ids,person:1:discogs,insert,wikidata
external_ids,person:1:freebase,insert,wikidata
external_ids,person:1:imdb,insert,wikidata
external_ids,person:1:kinopoisk,insert,wikidata
external_ids,person:1:loc,insert,wikidata
external_ids,person:1:musicbrainz_artist,insert,wikidata
external_ids,person:1:svensk_film,insert,wikidata
external_ids,person:1:tmdb_person,insert,wikidata
external_ids,person:1:viaf,insert,wikidata
external_ids,person:1:wikidata,insert,wikidata
people,10:nationality,fill,wikidata
person_citizenships,10:United States,insert,wikidata
person_occupations,10:film actor,insert,wikidata
person_occupations,10:actor,insert,wikidata
person_occupations,10:film producer,insert,wikidata
person_occupations,10:television actor,insert,wikidata
person_occupations,10:voice actor,insert,wikidata
person_occupations,10:poker player,insert,wikidata
person_details,person:10,insert,wikidata
external_ids,person:10:allmovie,insert,wikidata
external_ids,person:10:allocine,insert,wikidata
external_ids,person:10:bnf,insert,wikidata
external_ids,person:10:discogs,insert,wikidata
external_ids,person:10:freebase,insert,wikidata
external_ids,person:10:gnd,insert,wikidata
external_ids,person:10:imdb,insert,wikidata
external_ids,person:10:instagram,insert,wikidata
external_ids,person:10:kinopoisk,insert,wikidata
external_ids,person:10:loc,insert,wikidata
external_ids,person:10:musicbrainz_artist,insert,wikidata
external_ids,person:10:svensk_film,insert,wikidata
external_ids,person:10:tmdb_person,insert,wikidata
external_ids,person:10:twitter,insert,wikidata
external_ids,person:10:viaf,insert,wikidata
external_ids,person:10:wikitree,insert,wikidata
external_ids,person:10:wikidata,insert,wikidata
people,100:nationality,fill,wikidata
person_citizenships,100:United Kingdom,insert,wikidata
person_occupations,100:television actor,insert,wikidata
person_occupations,100:film actor,insert,wikidata
person_occupations,100:film director,insert,wikidata
person_occupations,100:actor,insert,wikidata
person_occupations,100:voice actor,insert,wikidata
person_occupations,100:stage actor,insert,wikidata
person_occupations,100:director,insert,wikidata
person_occupations,100:producer,insert,wikidata
person_details,person:100,insert,wikidata
external_ids,person:100:allmovie,insert,wikidata
external_ids,person:100:allocine,insert,wikidata
external_ids,person:100:bnf,insert,wikidata
external_ids,person:100:freebase,insert,wikidata
external_ids,person:100:gnd,insert,wikidata
external_ids,person:100:imdb,insert,wikidata
external_ids,person:100:instagram,insert,wikidata
external_ids,person:100:kinopoisk,insert,wikidata
external_ids,person:100:loc,insert,wikidata
external_ids,person:100:musicbrainz_artist,insert,wikidata
external_ids,person:100:svensk_film,insert,wikidata
external_ids,person:100:tmdb_person,insert,wikidata
external_ids,person:100:twitter,insert,wikidata
external_ids,person:100:viaf,insert,wikidata
external_ids,person:100:wikitree,insert,wikidata
external_ids,person:100:wikidata,insert,wikidata
people,101:nationality,fill,wikidata
person_citizenships,101:United States,insert,wikidata
person_occupations,101:model,insert,wikidata
person_occupations,101:singer,insert,wikidata
person_occupations,101:voice actor,insert,wikidata
person_occupations,101:film actor,insert,wikidata
person_occupations,101:film director,insert,wikidata
person_occupations,101:actor,insert,wikidata
person_details,person:101,insert,wikidata
external_ids,person:101:allmovie,insert,wikidata
external_ids,person:101:allocine,insert,wikidata
external_ids,person:101:freebase,insert,wikidata
external_ids,person:101:gnd,insert,wikidata
external_ids,person:101:imdb,insert,wikidata
external_ids,person:101:instagram,insert,wikidata
external_ids,person:101:kinopoisk,insert,wikidata
external_ids,person:101:loc,insert,wikidata
external_ids,person:101:svensk_film,insert,wikidata
external_ids,person:101:tmdb_person,insert,wikidata
external_ids,person:101:viaf,insert,wikidata
external_ids,person:101:wikidata,insert,wikidata
people,102:nationality,fill,wikidata
person_citizenships,102:United States,insert,wikidata
person_occupations,102:actor,insert,wikidata
person_occupations,102:television actor,insert,wikidata
person_occupations,102:film actor,insert,wikidata
person_occupations,102:stage actor,insert,wikidata
person_details,person:102,insert,wikidata
external_ids,person:102:allmovie,insert,wikidata
external_ids,person:102:allocine,insert,wikidata
external_ids,person:102:bnf,insert,wikidata
external_ids,person:102:freebase,insert,wikidata
external_ids,person:102:gnd,insert,wikidata
external_ids,person:102:imdb,insert,wikidata
external_ids,person:102:instagram,insert,wikidata
external_ids,person:102:kinopoisk,insert,wikidata
external_ids,person:102:loc,insert,wikidata
external_ids,person:102:svensk_film,insert,wikidata
external_ids,person:102:tmdb_person,insert,wikidata
external_ids,person:102:twitter,insert,wikidata
external_ids,person:102:viaf,insert,wikidata
external_ids,person:102:wikitree,insert,wikidata
external_ids,person:102:wikidata,insert,wikidata
people,103:nationality,fill,wikidata
person_citizenships,103:Canada,insert,wikidata
person_occupations,103:actor,insert,wikidata
person_occupations,103:writer,insert,wikidata
person_occupations,103:film actor,insert,wikidata
person_occupations,103:television actor,insert,wikidata
person_details,person:103,insert,wikidata
external_ids,person:103:allocine,insert,wikidata
external_ids,person:103:bnf,insert,wikidata
external_ids,person:103:freebase,insert,wikidata
external_ids,person:103:imdb,insert,wikidata
external_ids,person:103:instagram,insert,wikidata
external_ids,person:103:loc,insert,wikidata
external_ids,person:103:tmdb_person,insert,wikidata
external_ids,person:103:twitter,insert,wikidata
external_ids,person:103:viaf,insert,wikidata
external_ids,person:103:wikidata,insert,wikidata
people,104:nationality,fill,wikidata
person_citizenships,104:United States,insert,wikidata
person_occupations,104:rapper,insert,wikidata
person_occupations,104:actor,insert,wikidata
person_details,person:104,insert,wikidata
external_ids,person:104:discogs,insert,wikidata
external_ids,person:104:imdb,insert,wikidata
external_ids,person:104:instagram,insert,wikidata
external_ids,person:104:musicbrainz_artist,insert,wikidata
external_ids,person:104:tmdb_person,insert,wikidata
external_ids,person:104:twitter,insert,wikidata
external_ids,person:104:wikidata,insert,wikidata
people,105:nationality,fill,wikidata
person_citizenships,105:United States,insert,wikidata
person_occupations,105:film actor,insert,wikidata
person_occupations,105:film director,insert,wikidata
person_occupations,105:film producer,insert,wikidata
person_occupations,105:screenwriter,insert,wikidata
person_occupations,105:writer,insert,wikidata
person_occupations,105:stage actor,insert,wikidata
person_occupations,105:television actor,insert,wikidata
person_occupations,105:actor,insert,wikidata
person_details,person:105,insert,wikidata
person_awards,105:Theatre World Award:won:1997,insert,wikidata
person_awards,105:MTV Movie Award for Best Fight:won:2013,insert,wikidata
person_awards,105:Primetime Emmy Award for Outstanding Television Movie:won:2014,insert,wikidata
person_awards,105:New York Film Critics Circle Award for Best Supporting Actor:won:2010,insert,wikidata
person_awards,105:Primetime Emmy Award for Outstanding Lead Actor in a Miniseries or a Movie:won:2020,insert,wikidata
person_awards,105:star on Hollywood Walk of Fame:won:None,insert,wikidata
person_awards,105:Lucille Lortel Award for Outstanding Lead Actor:won:1999,insert,wikidata
person_awards,105:Rose-Walters Prize:won:2015,insert,wikidata
person_awards,105:Academy Award for Best Supporting Actor:nominated:2011,insert,wikidata
person_awards,105:Academy Award for Best Supporting Actor:nominated:2015,insert,wikidata
person_awards,105:Academy Award for Best Supporting Actor:nominated:2016,insert,wikidata
person_awards,105:Tony Award for Best Featured Actor in a Play:nominated:2006,insert,wikidata
person_awards,105:Satellite Award for Best Actor in a Musical or Comedy:nominated:2008,insert,wikidata
person_awards,105:MTV Movie Award for Best Fight:nominated:2013,insert,wikidata
person_awards,105:Broadcast Film Critics Association Award for Best Supporting Actor:nominated:2010,insert,wikidata
person_awards,105:Broadcast Film Critics Association Award for Best Cast:nominated:2010,insert,wikidata
person_awards,105:MTV Movie Award for Best Hero:nominated:2013,insert,wikidata
person_awards,105:Primetime Emmy Award for Outstanding Lead Actor in a Miniseries or a Movie:nominated:2014,insert,wikidata
person_awards,105:Primetime Emmy Award for Outstanding Television Movie:nominated:2014,insert,wikidata
person_awards,105:BAFTA Award for Best Actor in a Supporting Role:nominated:2011,insert,wikidata
person_awards,105:Screen Actors Guild Award for Outstanding Performance by a Cast in a Motion Picture:nominated:2011,insert,wikidata
person_awards,105:Screen Actors Guild Award for Outstanding Performance by a Male Actor in a Supporting Role:nominated:2011,insert,wikidata
person_awards,105:Satellite Award for Best Actor – Motion Picture:nominated:2008,insert,wikidata
person_awards,105:Teen Choice Award for Choice Hissy Fit:nominated:2012,insert,wikidata
person_awards,105:National Society of Film Critics Award for Best Actor:nominated:2000,insert,wikidata
person_awards,105:Independent Spirit Award for Best Supporting Male:nominated:2011,insert,wikidata
person_awards,105:Independent Spirit Award for Best Male Lead:nominated:2001,insert,wikidata
person_awards,105:MTV Movie Award for Best On-Screen Duo:nominated:2013,insert,wikidata
person_awards,105:Academy Award for Best Supporting Actor:nominated:2024,insert,wikidata
external_ids,person:105:allmovie,insert,wikidata
external_ids,person:105:allocine,insert,wikidata
external_ids,person:105:bnf,insert,wikidata
external_ids,person:105:freebase,insert,wikidata
external_ids,person:105:gnd,insert,wikidata
external_ids,person:105:imdb,insert,wikidata
external_ids,person:105:instagram,insert,wikidata
external_ids,person:105:kinopoisk,insert,wikidata
external_ids,person:105:loc,insert,wikidata
external_ids,person:105:musicbrainz_artist,insert,wikidata
external_ids,person:105:svensk_film,insert,wikidata
external_ids,person:105:tmdb_person,insert,wikidata
external_ids,person:105:twitter,insert,wikidata
external_ids,person:105:viaf,insert,wikidata
external_ids,person:105:wikitree,insert,wikidata
external_ids,person:105:wikidata,insert,wikidata
people,107:death_date,fill,wikidata
people,107:nationality,fill,wikidata
person_citizenships,107:United States,insert,wikidata
person_occupations,107:actor,insert,wikidata
person_occupations,107:dancer,insert,wikidata
person_occupations,107:marionetteist,insert,wikidata
person_occupations,107:puppet maker,insert,wikidata
person_details,person:107,insert,wikidata
external_ids,person:107:imdb,insert,wikidata
external_ids,person:107:tmdb_person,insert,wikidata
external_ids,person:107:wikidata,insert,wikidata
people,108:nationality,fill,wikidata
person_citizenships,108:United States,insert,wikidata
person_occupations,108:actor,insert,wikidata
person_occupations,108:stage actor,insert,wikidata
person_occupations,108:television actor,insert,wikidata
person_occupations,108:film actor,insert,wikidata
person_occupations,108:television director,insert,wikidata
person_details,person:108,insert,wikidata
external_ids,person:108:allmovie,insert,wikidata
external_ids,person:108:allocine,insert,wikidata
external_ids,person:108:freebase,insert,wikidata
external_ids,person:108:imdb,insert,wikidata
external_ids,person:108:kinopoisk,insert,wikidata
external_ids,person:108:loc,insert,wikidata
external_ids,person:108:tmdb_person,insert,wikidata
external_ids,person:108:viaf,insert,wikidata
external_ids,person:108:wikidata,insert,wikidata
people,109:birth_date,fill,wikidata
people,109:death_date,fill,wikidata
people,109:wikidata_id,fill,wikidata
people,109:imdb_id,fill,wikidata
people,109:tmdb_id,fill,wikidata
people,109:birth_place,fill,wikidata
people,109:nationality,fill,wikidata
person_citizenships,109:Japan,insert,wikidata
person_citizenships,109:Empire of Japan,insert,wikidata
person_occupations,109:actor,insert,wikidata
person_details,person:109,insert,wikidata
external_ids,person:109:freebase,insert,wikidata
external_ids,person:109:imdb,insert,wikidata
external_ids,person:109:tmdb_person,insert,wikidata
external_ids,person:109:wikidata,insert,wikidata
people,11:nationality,fill,wikidata
person_citizenships,11:United States,insert,wikidata
person_occupations,11:film actor,insert,wikidata
person_occupations,11:voice actor,insert,wikidata
person_occupations,11:screenwriter,insert,wikidata
person_occupations,11:model,insert,wikidata
person_occupations,11:film producer,insert,wikidata
person_occupations,11:performing artist,insert,wikidata
person_occupations,11:stage actor,insert,wikidata
person_occupations,11:television presenter,insert,wikidata
person_occupations,11:actor,insert,wikidata
person_details,person:11,insert,wikidata
person_awards,11:Saturn Awards:won:None,insert,wikidata
person_awards,11:Donostia Award:won:2005,insert,wikidata
person_awards,11:Film Independent Spirit Awards:won:2001,insert,wikidata
person_awards,11:Satellite Awards:won:None,insert,wikidata
person_awards,11:Honorary Golden Bear:won:2018,insert,wikidata
person_awards,11:Volpi Cup for Best Actor:won:2018,insert,wikidata
person_awards,11:Romics d'Oro:won:2019,insert,wikidata
person_awards,11:Academy Award for Best Supporting Actor:nominated:1987,insert,wikidata
person_awards,11:Academy Award for Best Supporting Actor:nominated:2001,insert,wikidata
person_awards,11:Academy Award for Best Supporting Actor:nominated:2018,insert,wikidata
person_awards,11:Academy Award for Best Actor:nominated:2019,insert,wikidata
external_ids,person:11:allmovie,insert,wikidata
external_ids,person:11:allocine,insert,wikidata
external_ids,person:11:bnf,insert,wikidata
external_ids,person:11:discogs,insert,wikidata
external_ids,person:11:freebase,insert,wikidata
external_ids,person:11:gnd,insert,wikidata
external_ids,person:11:imdb,insert,wikidata
external_ids,person:11:kinopoisk,insert,wikidata
external_ids,person:11:loc,insert,wikidata
external_ids,person:11:musicbrainz_artist,insert,wikidata
external_ids,person:11:omni,insert,wikidata
external_ids,person:11:quora,insert,wikidata
external_ids,person:11:svensk_film,insert,wikidata
external_ids,person:11:tmdb_person,insert,wikidata
external_ids,person:11:viaf,insert,wikidata
external_ids,person:11:wikitree,insert,wikidata
external_ids,person:11:wikidata,insert,wikidata
people,110:nationality,fill,wikidata
person_citizenships,110:Japan,insert,wikidata
person_occupations,110:actor,insert,wikidata
person_occupations,110:singer,insert,wikidata
person_details,person:110,insert,wikidata
external_ids,person:110:discogs,insert,wikidata
external_ids,person:110:freebase,insert,wikidata
external_ids,person:110:imdb,insert,wikidata
external_ids,person:110:musicbrainz_artist,insert,wikidata
external_ids,person:110:tmdb_person,insert,wikidata
external_ids,person:110:wikidata,insert,wikidata
people,111:nationality,fill,wikidata
person_citizenships,111:Canada,insert,wikidata
person_occupations,111:actor,insert,wikidata
person_occupations,111:television actor,insert,wikidata
person_details,person:111,insert,wikidata
external_ids,person:111:allmovie,insert,wikidata
external_ids,person:111:allocine,insert,wikidata
external_ids,person:111:bnf,insert,wikidata
external_ids,person:111:freebase,insert,wikidata
external_ids,person:111:imdb,insert,wikidata
external_ids,person:111:kinopoisk,insert,wikidata
external_ids,person:111:loc,insert,wikidata
external_ids,person:111:musicbrainz_artist,insert,wikidata
external_ids,person:111:svensk_film,insert,wikidata
external_ids,person:111:tmdb_person,insert,wikidata
external_ids,person:111:viaf,insert,wikidata
external_ids,person:111:wikidata,insert,wikidata
people,112:birth_place,fill,wikidata
people,112:nationality,fill,wikidata
person_citizenships,112:Canada,insert,wikidata
person_occupations,112:actor,insert,wikidata
person_occupations,112:television actor,insert,wikidata
person_details,person:112,insert,wikidata
external_ids,person:112:allmovie,insert,wikidata
external_ids,person:112:find_a_grave,insert,wikidata
external_ids,person:112:freebase,insert,wikidata
external_ids,person:112:imdb,insert,wikidata
external_ids,person:112:loc,insert,wikidata
external_ids,person:112:tmdb_person,insert,wikidata
external_ids,person:112:viaf,insert,wikidata
external_ids,person:112:wikidata,insert,wikidata
people,113:nationality,fill,wikidata
person_citizenships,113:United States,insert,wikidata
person_occupations,113:actor,insert,wikidata
person_details,person:113,insert,wikidata
external_ids,person:113:allmovie,insert,wikidata
external_ids,person:113:freebase,insert,wikidata
external_ids,person:113:imdb,insert,wikidata
external_ids,person:113:tmdb_person,insert,wikidata
external_ids,person:113:wikidata,insert,wikidata
people,114:nationality,fill,wikidata
person_citizenships,114:Canada,insert,wikidata
person_occupations,114:voice actor,insert,wikidata
person_occupations,114:actor,insert,wikidata
person_occupations,114:voice director,insert,wikidata
person_occupations,114:baseball player,insert,wikidata
person_details,person:114,insert,wikidata
external_ids,person:114:freebase,insert,wikidata
external_ids,person:114:imdb,insert,wikidata
external_ids,person:114:kinopoisk,insert,wikidata
external_ids,person:114:loc,insert,wikidata
external_ids,person:114:tmdb_person,insert,wikidata
external_ids,person:114:viaf,insert,wikidata
external_ids,person:114:wikitree,insert,wikidata
external_ids,person:114:wikidata,insert,wikidata
people,116:nationality,fill,wikidata
person_citizenships,116:United States,insert,wikidata
person_occupations,116:dub actor,insert,wikidata
person_occupations,116:stage actor,insert,wikidata
person_occupations,116:voice actor,insert,wikidata
person_details,person:116,insert,wikidata
external_ids,person:116:freebase,insert,wikidata
external_ids,person:116:imdb,insert,wikidata
external_ids,person:116:loc,insert,wikidata
external_ids,person:116:tmdb_person,insert,wikidata
external_ids,person:116:viaf,insert,wikidata
external_ids,person:116:wikidata,insert,wikidata
people,118:nationality,fill,wikidata
person_citizenships,118:United States,insert,wikidata
person_occupations,118:actor,insert,wikidata
person_occupations,118:television actor,insert,wikidata
person_occupations,118:voice actor,insert,wikidata
person_details,person:118,insert,wikidata
external_ids,person:118:allocine,insert,wikidata
external_ids,person:118:freebase,insert,wikidata
external_ids,person:118:imdb,insert,wikidata
external_ids,person:118:kinopoisk,insert,wikidata
external_ids,person:118:loc,insert,wikidata
external_ids,person:118:official_website,insert,wikidata
external_ids,person:118:tmdb_person,insert,wikidata
external_ids,person:118:viaf,insert,wikidata
external_ids,person:118:wikidata,insert,wikidata
people,119:nationality,fill,wikidata
person_citizenships,119:United States,insert,wikidata
person_occupations,119:voice actor,insert,wikidata
person_occupations,119:actor,insert,wikidata
person_details,person:119,insert,wikidata
external_ids,person:119:allmovie,insert,wikidata
external_ids,person:119:allocine,insert,wikidata
external_ids,person:119:bnf,insert,wikidata
external_ids,person:119:freebase,insert,wikidata
external_ids,person:119:gnd,insert,wikidata
external_ids,person:119:imdb,insert,wikidata
external_ids,person:119:kinopoisk,insert,wikidata
external_ids,person:119:loc,insert,wikidata
external_ids,person:119:musicbrainz_artist,insert,wikidata
external_ids,person:119:official_website,insert,wikidata
external_ids,person:119:svensk_film,insert,wikidata
external_ids,person:119:tmdb_person,insert,wikidata
external_ids,person:119:viaf,insert,wikidata
external_ids,person:119:wikitree,insert,wikidata
external_ids,person:119:wikidata,insert,wikidata
people,12:nationality,fill,wikidata
person_citizenships,12:United States,insert,wikidata
person_citizenships,12:Germany,insert,wikidata
person_occupations,12:actor,insert,wikidata
person_occupations,12:film actor,insert,wikidata
person_occupations,12:voice actor,insert,wikidata
person_occupations,12:television actor,insert,wikidata
person_details,person:12,insert,wikidata
person_awards,12:Saturn Award for Best Performance by a Younger Actor:won:1995,insert,wikidata
person_awards,12:Empire Award for Best Actress:won:2003,insert,wikidata
person_awards,12:Satellite Award for Best Actress – Television Series Drama:won:2016,insert,wikidata
person_awards,12:Screen Actors Guild Award for Outstanding Performance by a Cast in a Motion Picture:won:2017,insert,wikidata
person_awards,12:Cannes Film Festival Award for Best Actress:won:2011,insert,wikidata
person_awards,12:Critics' Choice Television Award for Best Movie/Miniseries Actress:won:2016,insert,wikidata
person_awards,12:MTV Movie Award for Best Breakthrough Performance:won:1995,insert,wikidata
person_awards,12:MTV Movie Award for Best Performance:won:2003,insert,wikidata
person_awards,12:MTV Movie Award for Best Kiss:won:2003,insert,wikidata
person_awards,12:Robert Award for Best Actress in a Leading Role:won:2011,insert,wikidata
person_awards,12:Satellite Award for Best Cast – Motion Picture:won:2017,insert,wikidata
person_awards,12:Saturn Award for Best Actress:won:2012,insert,wikidata
person_awards,12:star on Hollywood Walk of Fame:won:None,insert,wikidata
person_awards,12:European Film Award for Best Actress:nominated:2011,insert,wikidata
person_awards,12:Academy Award for Best Supporting Actress:nominated:2022,insert,wikidata
external_ids,person:12:allmovie,insert,wikidata
external_ids,person:12:allocine,insert,wikidata
external_ids,person:12:bnf,insert,wikidata
external_ids,person:12:discogs,insert,wikidata
external_ids,person:12:freebase,insert,wikidata
external_ids,person:12:gnd,insert,wikidata
external_ids,person:12:imdb,insert,wikidata
external_ids,person:12:instagram,insert,wikidata
external_ids,person:12:kinopoisk,insert,wikidata
external_ids,person:12:loc,insert,wikidata
external_ids,person:12:musicbrainz_artist,insert,wikidata
external_ids,person:12:svensk_film,insert,wikidata
external_ids,person:12:tmdb_person,insert,wikidata
external_ids,person:12:twitter,insert,wikidata
external_ids,person:12:viaf,insert,wikidata
external_ids,person:12:wikitree,insert,wikidata
external_ids,person:12:wikidata,insert,wikidata
people,120:nationality,fill,wikidata
person_citizenships,120:United States,insert,wikidata
person_occupations,120:actor,insert,wikidata
person_occupations,120:voice actor,insert,wikidata
person_occupations,120:singer,insert,wikidata
person_details,person:120,insert,wikidata
external_ids,person:120:allmovie,insert,wikidata
external_ids,person:120:allocine,insert,wikidata
external_ids,person:120:freebase,insert,wikidata
external_ids,person:120:imdb,insert,wikidata
external_ids,person:120:instagram,insert,wikidata
external_ids,person:120:kinopoisk,insert,wikidata
external_ids,person:120:loc,insert,wikidata
external_ids,person:120:official_website,insert,wikidata
external_ids,person:120:tmdb_person,insert,wikidata
external_ids,person:120:viaf,insert,wikidata
external_ids,person:120:wikidata,insert,wikidata
people,122:nationality,fill,wikidata
person_citizenships,122:United States,insert,wikidata
person_occupations,122:television actor,insert,wikidata
person_occupations,122:stage actor,insert,wikidata
person_occupations,122:film actor,insert,wikidata
person_occupations,122:voice actor,insert,wikidata
person_occupations,122:athletics competitor,insert,wikidata
person_occupations,122:actor,insert,wikidata
person_occupations,122:director,insert,wikidata
person_details,person:122,insert,wikidata
person_awards,122:Emmy Award:won:None,insert,wikidata
person_awards,122:Primetime Emmy Award for Outstanding Guest Actor in a Comedy Series:won:1986,insert,wikidata
person_awards,122:Tony Award for Best Featured Actor in a Play:nominated:1992,insert,wikidata
external_ids,person:122:allmovie,insert,wikidata
external_ids,person:122:allocine,insert,wikidata
external_ids,person:122:bnf,insert,wikidata
external_ids,person:122:discogs,insert,wikidata
external_ids,person:122:find_a_grave,insert,wikidata
external_ids,person:122:freebase,insert,wikidata
external_ids,person:122:gnd,insert,wikidata
external_ids,person:122:imdb,insert,wikidata
external_ids,person:122:kinopoisk,insert,wikidata
external_ids,person:122:loc,insert,wikidata
external_ids,person:122:musicbrainz_artist,insert,wikidata
external_ids,person:122:svensk_film,insert,wikidata
external_ids,person:122:tmdb_person,insert,wikidata
external_ids,person:122:viaf,insert,wikidata
external_ids,person:122:wikitree,insert,wikidata
external_ids,person:122:wikidata,insert,wikidata
people,123:nationality,fill,wikidata
person_citizenships,123:Canada,insert,wikidata
person_occupations,123:actor,insert,wikidata
person_occupations,123:dub actor,insert,wikidata
person_occupations,123:television actor,insert,wikidata
person_details,person:123,insert,wikidata
external_ids,person:123:allmovie,insert,wikidata
external_ids,person:123:allocine,insert,wikidata
external_ids,person:123:bnf,insert,wikidata
external_ids,person:123:freebase,insert,wikidata
external_ids,person:123:imdb,insert,wikidata
external_ids,person:123:kinopoisk,insert,wikidata
external_ids,person:123:loc,insert,wikidata
external_ids,person:123:tmdb_person,insert,wikidata
external_ids,person:123:viaf,insert,wikidata
external_ids,person:123:wikidata,insert,wikidata
people,124:nationality,fill,wikidata
person_citizenships,124:United States,insert,wikidata
person_citizenships,124:Canada,insert,wikidata
person_occupations,124:voice actor,insert,wikidata
person_occupations,124:film actor,insert,wikidata
person_occupations,124:television actor,insert,wikidata
person_occupations,124:assistant director,insert,wikidata
person_details,person:124,insert,wikidata
external_ids,person:124:freebase,insert,wikidata
external_ids,person:124:imdb,insert,wikidata
external_ids,person:124:tmdb_person,insert,wikidata
external_ids,person:124:twitter,insert,wikidata
external_ids,person:124:wikidata,insert,wikidata
people,125:nationality,fill,wikidata
person_citizenships,125:Canada,insert,wikidata
person_occupations,125:actor,insert,wikidata
person_occupations,125:voice actor,insert,wikidata
person_occupations,125:comedian,insert,wikidata
person_occupations,125:television actor,insert,wikidata
person_occupations,125:film actor,insert,wikidata
person_details,person:125,insert,wikidata
external_ids,person:125:allmovie,insert,wikidata
external_ids,person:125:allocine,insert,wikidata
external_ids,person:125:bnf,insert,wikidata
external_ids,person:125:freebase,insert,wikidata
external_ids,person:125:imdb,insert,wikidata
external_ids,person:125:kinopoisk,insert,wikidata
external_ids,person:125:loc,insert,wikidata
external_ids,person:125:tmdb_person,insert,wikidata
external_ids,person:125:twitter,insert,wikidata
external_ids,person:125:viaf,insert,wikidata
external_ids,person:125:wikidata,insert,wikidata
people,126:nationality,fill,wikidata
person_citizenships,126:Canada,insert,wikidata
person_citizenships,126:United States,insert,wikidata
person_occupations,126:voice actor,insert,wikidata
person_occupations,126:casting director,insert,wikidata
person_occupations,126:actor,insert,wikidata
person_occupations,126:dub director,insert,wikidata
person_details,person:126,insert,wikidata
external_ids,person:126:freebase,insert,wikidata
external_ids,person:126:imdb,insert,wikidata
external_ids,person:126:loc,insert,wikidata
external_ids,person:126:tmdb_person,insert,wikidata
external_ids,person:126:viaf,insert,wikidata
external_ids,person:126:wikidata,insert,wikidata
people,127:nationality,fill,wikidata
person_citizenships,127:United States,insert,wikidata
person_occupations,127:television actor,insert,wikidata
person_occupations,127:film actor,insert,wikidata
person_occupations,127:film director,insert,wikidata
person_occupations,127:musician,insert,wikidata
person_occupations,127:autobiographer,insert,wikidata
person_occupations,127:dub actor,insert,wikidata
person_occupations,127:singer,insert,wikidata
person_occupations,127:stage actor,insert,wikidata
person_occupations,127:magician,insert,wikidata
person_occupations,127:dancer,insert,wikidata
person_occupations,127:actor,insert,wikidata
person_occupations,127:voice actor,insert,wikidata
person_occupations,127:theatre director,insert,wikidata
person_occupations,127:television presenter,insert,wikidata
person_occupations,127:film producer,insert,wikidata
person_occupations,127:screenwriter,insert,wikidata
person_occupations,127:television producer,insert,wikidata
person_occupations,127:comedian,insert,wikidata
person_occupations,127:illusionist,insert,wikidata
person_occupations,127:memoirist,insert,wikidata
person_details,person:127,insert,wikidata
person_awards,127:Tony Award for Best Actor in a Musical:won:2014,insert,wikidata
person_awards,127:Drama Desk Award for Outstanding Actor in a Musical:won:None,insert,wikidata
person_awards,127:Primetime Emmy Award for Outstanding Guest Actor in a Comedy Series:won:2010,insert,wikidata
person_awards,127:star on Hollywood Walk of Fame:won:None,insert,wikidata
person_awards,127:Drama League Award:won:None,insert,wikidata
external_ids,person:127:allmovie,insert,wikidata
external_ids,person:127:allocine,insert,wikidata
external_ids,person:127:bnf,insert,wikidata
external_ids,person:127:discogs,insert,wikidata
external_ids,person:127:freebase,insert,wikidata
external_ids,person:127:gnd,insert,wikidata
external_ids,person:127:imdb,insert,wikidata
external_ids,person:127:instagram,insert,wikidata
external_ids,person:127:kinopoisk,insert,wikidata
external_ids,person:127:loc,insert,wikidata
external_ids,person:127:musicbrainz_artist,insert,wikidata
external_ids,person:127:quora,insert,wikidata
external_ids,person:127:svensk_film,insert,wikidata
external_ids,person:127:tmdb_person,insert,wikidata
external_ids,person:127:twitter,insert,wikidata
external_ids,person:127:viaf,insert,wikidata
external_ids,person:127:wikitree,insert,wikidata
external_ids,person:127:wikidata,insert,wikidata
people,128:nationality,fill,wikidata
person_citizenships,128:United States,insert,wikidata
person_occupations,128:actor,insert,wikidata
person_occupations,128:guitarist,insert,wikidata
person_occupations,128:singer-songwriter,insert,wikidata
person_occupations,128:singer,insert,wikidata
person_occupations,128:composer,insert,wikidata
person_occupations,128:disc jockey,insert,wikidata
person_occupations,128:television actor,insert,wikidata
person_occupations,128:women's rights activist,insert,wikidata
person_occupations,128:voice actor,insert,wikidata
person_occupations,128:recording artist,insert,wikidata
person_occupations,128:musician,insert,wikidata
person_details,person:128,insert,wikidata
external_ids,person:128:allmovie,insert,wikidata
external_ids,person:128:allocine,insert,wikidata
external_ids,person:128:bnf,insert,wikidata
external_ids,person:128:discogs,insert,wikidata
external_ids,person:128:freebase,insert,wikidata
external_ids,person:128:gnd,insert,wikidata
external_ids,person:128:imdb,insert,wikidata
external_ids,person:128:instagram,insert,wikidata
external_ids,person:128:kinopoisk,insert,wikidata
external_ids,person:128:loc,insert,wikidata
external_ids,person:128:musicbrainz_artist,insert,wikidata
external_ids,person:128:official_website,insert,wikidata
external_ids,person:128:svensk_film,insert,wikidata
external_ids,person:128:tmdb_person,insert,wikidata
external_ids,person:128:twitter,insert,wikidata
external_ids,person:128:viaf,insert,wikidata
external_ids,person:128:wikidata,insert,wikidata
people,129:nationality,fill,wikidata
person_citizenships,129:United States,insert,wikidata
person_occupations,129:film actor,insert,wikidata
person_occupations,129:comedian,insert,wikidata
person_occupations,129:voice actor,insert,wikidata
person_occupations,129:television actor,insert,wikidata
person_occupations,129:actor,insert,wikidata
person_occupations,129:basketball player,insert,wikidata
person_occupations,129:bodyguard,insert,wikidata
person_details,person:129,insert,wikidata
person_awards,129:Saturn Awards:won:None,insert,wikidata
person_awards,129:Broadcast Film Critics Association Award for Best Supporting Actor:won:None,insert,wikidata
person_awards,129:Academy Award for Best Supporting Actor:nominated:2000,insert,wikidata
external_ids,person:129:allmovie,insert,wikidata
external_ids,person:129:allocine,insert,wikidata
external_ids,person:129:bnf,insert,wikidata
external_ids,person:129:find_a_grave,insert,wikidata
external_ids,person:129:freebase,insert,wikidata
external_ids,person:129:gnd,insert,wikidata
external_ids,person:129:imdb,insert,wikidata
external_ids,person:129:kinopoisk,insert,wikidata
external_ids,person:129:loc,insert,wikidata
external_ids,person:129:musicbrainz_artist,insert,wikidata
external_ids,person:129:svensk_film,insert,wikidata
external_ids,person:129:tmdb_person,insert,wikidata
external_ids,person:129:viaf,insert,wikidata
external_ids,person:129:wikitree,insert,wikidata
external_ids,person:129:wikidata,insert,wikidata
people,13:nationality,fill,wikidata
person_citizenships,13:United States,insert,wikidata
person_occupations,13:actor,insert,wikidata
person_occupations,13:television actor,insert,wikidata
person_occupations,13:film actor,insert,wikidata
person_occupations,13:film director,insert,wikidata
person_occupations,13:film producer,insert,wikidata
person_occupations,13:playwright,insert,wikidata
person_occupations,13:writer,insert,wikidata
person_occupations,13:poet,insert,wikidata
person_occupations,13:film editor,insert,wikidata
person_occupations,13:screenwriter,insert,wikidata
person_occupations,13:teacher,insert,wikidata
person_occupations,13:television presenter,insert,wikidata
person_details,person:13,insert,wikidata
person_awards,13:Indiana Film Journalists Association Award for Best Actor:won:2010,insert,wikidata
person_awards,13:Golden Globe Award for Best Actor – Miniseries or Television Film:won:2002,insert,wikidata
person_awards,13:Golden Shell:won:None,insert,wikidata
person_awards,13:star on Hollywood Walk of Fame:won:None,insert,wikidata
person_awards,13:Academy Award for Best Actor:nominated:2011,insert,wikidata
external_ids,person:13:allmovie,insert,wikidata
external_ids,person:13:allocine,insert,wikidata
external_ids,person:13:bnf,insert,wikidata
external_ids,person:13:discogs,insert,wikidata
external_ids,person:13:freebase,insert,wikidata
external_ids,person:13:gnd,insert,wikidata
external_ids,person:13:imdb,insert,wikidata
external_ids,person:13:instagram,insert,wikidata
external_ids,person:13:kinopoisk,insert,wikidata
external_ids,person:13:loc,insert,wikidata
external_ids,person:13:musicbrainz_artist,insert,wikidata
external_ids,person:13:svensk_film,insert,wikidata
external_ids,person:13:tmdb_person,insert,wikidata
external_ids,person:13:twitter,insert,wikidata
external_ids,person:13:viaf,insert,wikidata
external_ids,person:13:wikitree,insert,wikidata
external_ids,person:13:wikidata,insert,wikidata
people,130:nationality,fill,wikidata
person_citizenships,130:United States,insert,wikidata
person_occupations,130:film actor,insert,wikidata
person_occupations,130:television actor,insert,wikidata
person_occupations,130:voice actor,insert,wikidata
person_occupations,130:record producer,insert,wikidata
person_details,person:130,insert,wikidata
external_ids,person:130:allmovie,insert,wikidata
external_ids,person:130:allocine,insert,wikidata
external_ids,person:130:bnf,insert,wikidata
external_ids,person:130:freebase,insert,wikidata
external_ids,person:130:imdb,insert,wikidata
external_ids,person:130:kinopoisk,insert,wikidata
external_ids,person:130:loc,insert,wikidata
external_ids,person:130:official_website,insert,wikidata
external_ids,person:130:svensk_film,insert,wikidata
external_ids,person:130:tmdb_person,insert,wikidata
external_ids,person:130:twitter,insert,wikidata
external_ids,person:130:viaf,insert,wikidata
external_ids,person:130:wikitree,insert,wikidata
external_ids,person:130:wikidata,insert,wikidata
people,131:nationality,fill,wikidata
person_citizenships,131:United States,insert,wikidata
person_occupations,131:film actor,insert,wikidata
person_occupations,131:television actor,insert,wikidata
person_occupations,131:stage actor,insert,wikidata
person_occupations,131:model,insert,wikidata
person_occupations,131:voice actor,insert,wikidata
person_occupations,131:actor,insert,wikidata
person_details,person:131,insert,wikidata
external_ids,person:131:allmovie,insert,wikidata
external_ids,person:131:allocine,insert,wikidata
external_ids,person:131:bnf,insert,wikidata
external_ids,person:131:discogs,insert,wikidata
external_ids,person:131:freebase,insert,wikidata
external_ids,person:131:gnd,insert,wikidata
external_ids,person:131:imdb,insert,wikidata
external_ids,person:131:instagram,insert,wikidata
external_ids,person:131:kinopoisk,insert,wikidata
external_ids,person:131:loc,insert,wikidata
external_ids,person:131:svensk_film,insert,wikidata
external_ids,person:131:tmdb_person,insert,wikidata
external_ids,person:131:twitter,insert,wikidata
external_ids,person:131:viaf,insert,wikidata
external_ids,person:131:wikitree,insert,wikidata
external_ids,person:131:wikidata,insert,wikidata
people,132:nationality,fill,wikidata
person_citizenships,132:United States,insert,wikidata
person_occupations,132:television actor,insert,wikidata
person_occupations,132:writer,insert,wikidata
person_occupations,132:film actor,insert,wikidata
person_occupations,132:voice actor,insert,wikidata
person_occupations,132:screenwriter,insert,wikidata
person_details,person:132,insert,wikidata
external_ids,person:132:allmovie,insert,wikidata
external_ids,person:132:allocine,insert,wikidata
external_ids,person:132:bnf,insert,wikidata
external_ids,person:132:find_a_grave,insert,wikidata
external_ids,person:132:freebase,insert,wikidata
external_ids,person:132:imdb,insert,wikidata
external_ids,person:132:kinopoisk,insert,wikidata
external_ids,person:132:loc,insert,wikidata
external_ids,person:132:official_website,insert,wikidata
external_ids,person:132:svensk_film,insert,wikidata
external_ids,person:132:tmdb_person,insert,wikidata
external_ids,person:132:viaf,insert,wikidata
external_ids,person:132:wikitree,insert,wikidata
external_ids,person:132:wikidata,insert,wikidata
people,133:nationality,fill,wikidata
person_citizenships,133:United States,insert,wikidata
person_occupations,133:actor,insert,wikidata
person_occupations,133:singer,insert,wikidata
person_occupations,133:film actor,insert,wikidata
person_occupations,133:television actor,insert,wikidata
person_occupations,133:guitarist,insert,wikidata
person_occupations,133:voice actor,insert,wikidata
person_occupations,133:television producer,insert,wikidata
person_occupations,133:composer,insert,wikidata
person_occupations,133:video game actor,insert,wikidata
person_occupations,133:television director,insert,wikidata
person_occupations,133:film producer,insert,wikidata
person_details,person:133,insert,wikidata
external_ids,person:133:allmovie,insert,wikidata
external_ids,person:133:allocine,insert,wikidata
external_ids,person:133:bnf,insert,wikidata
external_ids,person:133:discogs,insert,wikidata
external_ids,person:133:freebase,insert,wikidata
external_ids,person:133:imdb,insert,wikidata
external_ids,person:133:instagram,insert,wikidata
external_ids,person:133:kinopoisk,insert,wikidata
external_ids,person:133:loc,insert,wikidata
external_ids,person:133:musicbrainz_artist,insert,wikidata
external_ids,person:133:official_website,insert,wikidata
external_ids,person:133:svensk_film,insert,wikidata
external_ids,person:133:tmdb_person,insert,wikidata
external_ids,person:133:twitter,insert,wikidata
external_ids,person:133:viaf,insert,wikidata
external_ids,person:133:wikidata,insert,wikidata
people,134:nationality,fill,wikidata
person_citizenships,134:United States,insert,wikidata
person_occupations,134:musician,insert,wikidata
person_occupations,134:actor,insert,wikidata
person_occupations,134:television actor,insert,wikidata
person_occupations,134:film actor,insert,wikidata
person_occupations,134:voice actor,insert,wikidata
person_occupations,134:guitarist,insert,wikidata
person_occupations,134:film editor,insert,wikidata
person_occupations,134:film producer,insert,wikidata
person_occupations,134:television producer,insert,wikidata
person_occupations,134:screenwriter,insert,wikidata
person_occupations,134:director,insert,wikidata
person_details,person:134,insert,wikidata
external_ids,person:134:allmovie,insert,wikidata
external_ids,person:134:allocine,insert,wikidata
external_ids,person:134:freebase,insert,wikidata
external_ids,person:134:gnd,insert,wikidata
external_ids,person:134:imdb,insert,wikidata
external_ids,person:134:instagram,insert,wikidata
external_ids,person:134:kinopoisk,insert,wikidata
external_ids,person:134:loc,insert,wikidata
external_ids,person:134:svensk_film,insert,wikidata
external_ids,person:134:tmdb_person,insert,wikidata
external_ids,person:134:twitter,insert,wikidata
external_ids,person:134:viaf,insert,wikidata
external_ids,person:134:wikidata,insert,wikidata
people,135:nationality,fill,wikidata
person_citizenships,135:United States,insert,wikidata
person_occupations,135:actor,insert,wikidata
person_occupations,135:singer,insert,wikidata
person_occupations,135:television actor,insert,wikidata
person_occupations,135:film actor,insert,wikidata
person_details,person:135,insert,wikidata
external_ids,person:135:freebase,insert,wikidata
external_ids,person:135:imdb,insert,wikidata
external_ids,person:135:official_website,insert,wikidata
external_ids,person:135:tmdb_person,insert,wikidata
external_ids,person:135:twitter,insert,wikidata
external_ids,person:135:wikidata,insert,wikidata
people,136:nationality,fill,wikidata
person_citizenships,136:United States,insert,wikidata
person_occupations,136:singer,insert,wikidata
person_occupations,136:film producer,insert,wikidata
person_occupations,136:composer,insert,wikidata
person_occupations,136:screenwriter,insert,wikidata
person_occupations,136:voice actor,insert,wikidata
person_occupations,136:surfer,insert,wikidata
person_occupations,136:dub actor,insert,wikidata
person_occupations,136:actor,insert,wikidata
person_details,person:136,insert,wikidata
external_ids,person:136:allmovie,insert,wikidata
external_ids,person:136:allocine,insert,wikidata
external_ids,person:136:freebase,insert,wikidata
external_ids,person:136:gnd,insert,wikidata
external_ids,person:136:imdb,insert,wikidata
external_ids,person:136:instagram,insert,wikidata
external_ids,person:136:kinopoisk,insert,wikidata
external_ids,person:136:loc,insert,wikidata
external_ids,person:136:musicbrainz_artist,insert,wikidata
external_ids,person:136:official_website,insert,wikidata
external_ids,person:136:svensk_film,insert,wikidata
external_ids,person:136:tmdb_person,insert,wikidata
external_ids,person:136:twitter,insert,wikidata
external_ids,person:136:viaf,insert,wikidata
external_ids,person:136:wikidata,insert,wikidata
people,137:nationality,fill,wikidata
person_citizenships,137:United States,insert,wikidata
person_occupations,137:actor,insert,wikidata
person_occupations,137:stage actor,insert,wikidata
person_occupations,137:television actor,insert,wikidata
person_occupations,137:voice actor,insert,wikidata
person_details,person:137,insert,wikidata
external_ids,person:137:freebase,insert,wikidata
external_ids,person:137:imdb,insert,wikidata
external_ids,person:137:loc,insert,wikidata
external_ids,person:137:tmdb_person,insert,wikidata
external_ids,person:137:viaf,insert,wikidata
external_ids,person:137:wikidata,insert,wikidata
people,138:nationality,fill,wikidata
person_citizenships,138:United States,insert,wikidata
person_occupations,138:voice actor,insert,wikidata
person_occupations,138:comedian,insert,wikidata
person_occupations,138:screenwriter,insert,wikidata
person_occupations,138:television actor,insert,wikidata
person_occupations,138:singer,insert,wikidata
person_occupations,138:actor,insert,wikidata
person_occupations,138:film actor,insert,wikidata
person_occupations,138:dub actor,insert,wikidata
person_occupations,138:writer,insert,wikidata
person_details,person:138,insert,wikidata
person_awards,138:Outer Critics Circle Award:won:None,insert,wikidata
external_ids,person:138:allmovie,insert,wikidata
external_ids,person:138:allocine,insert,wikidata
external_ids,person:138:bnf,insert,wikidata
external_ids,person:138:discogs,insert,wikidata
external_ids,person:138:freebase,insert,wikidata
external_ids,person:138:gnd,insert,wikidata
external_ids,person:138:imdb,insert,wikidata
external_ids,person:138:kinopoisk,insert,wikidata
external_ids,person:138:loc,insert,wikidata
external_ids,person:138:musicbrainz_artist,insert,wikidata
external_ids,person:138:svensk_film,insert,wikidata
external_ids,person:138:tmdb_person,insert,wikidata
external_ids,person:138:viaf,insert,wikidata
external_ids,person:138:wikidata,insert,wikidata
people,139:nationality,fill,wikidata
person_citizenships,139:United States,insert,wikidata
person_occupations,139:actor,insert,wikidata
person_occupations,139:television actor,insert,wikidata
person_occupations,139:film actor,insert,wikidata
person_details,person:139,insert,wikidata
person_awards,139:The Game Awards − Best Performance:nominated:2020,insert,wikidata
person_awards,139:British Academy Games Award for Performer in a Leading Role:nominated:2021,insert,wikidata
external_ids,person:139:allmovie,insert,wikidata
external_ids,person:139:allocine,insert,wikidata
external_ids,person:139:freebase,insert,wikidata
external_ids,person:139:imdb,insert,wikidata
external_ids,person:139:instagram,insert,wikidata
external_ids,person:139:kinopoisk,insert,wikidata
external_ids,person:139:loc,insert,wikidata
external_ids,person:139:svensk_film,insert,wikidata
external_ids,person:139:tmdb_person,insert,wikidata
external_ids,person:139:twitter,insert,wikidata
external_ids,person:139:viaf,insert,wikidata
external_ids,person:139:wikidata,insert,wikidata
people,14:nationality,fill,wikidata
person_citizenships,14:United States,insert,wikidata
person_occupations,14:film actor,insert,wikidata
person_occupations,14:voice actor,insert,wikidata
person_occupations,14:character actor,insert,wikidata
person_occupations,14:stage actor,insert,wikidata
person_occupations,14:television actor,insert,wikidata
person_occupations,14:actor,insert,wikidata
person_occupations,14:musician,insert,wikidata
person_details,person:14,insert,wikidata
person_awards,14:Academy Award for Best Supporting Actor:won:2015,insert,wikidata
person_awards,14:BAFTA Award for Best Actor in a Supporting Role:won:2015,insert,wikidata
person_awards,14:Academy Award for Best Supporting Actor:nominated:2015,insert,wikidata
person_awards,14:Academy Award for Best Supporting Actor:nominated:2022,insert,wikidata
external_ids,person:14:allmovie,insert,wikidata
external_ids,person:14:allocine,insert,wikidata
external_ids,person:14:bnf,insert,wikidata
external_ids,person:14:freebase,insert,wikidata
external_ids,person:14:gnd,insert,wikidata
external_ids,person:14:imdb,insert,wikidata
external_ids,person:14:kinopoisk,insert,wikidata
external_ids,person:14:loc,insert,wikidata
external_ids,person:14:musicbrainz_artist,insert,wikidata
external_ids,person:14:quora,insert,wikidata
external_ids,person:14:svensk_film,insert,wikidata
external_ids,person:14:tmdb_person,insert,wikidata
external_ids,person:14:viaf,insert,wikidata
external_ids,person:14:wikitree,insert,wikidata
external_ids,person:14:wikidata,insert,wikidata
people,140:nationality,fill,wikidata
person_citizenships,140:United States,insert,wikidata
person_occupations,140:voice actor,insert,wikidata
person_details,person:140,insert,wikidata
person_awards,140:The Game Awards − Best Performance:won:2020,insert,wikidata
person_awards,140:British Academy Games Award for Performer in a Leading Role:won:2021,insert,wikidata
person_awards,140:The Game Awards − Best Performance:nominated:2017,insert,wikidata
person_awards,140:British Academy Games Award for Performer:nominated:2018,insert,wikidata
person_awards,140:The Game Awards − Best Performance:nominated:2019,insert,wikidata
person_awards,140:British Academy Games Award for Performer in a Leading Role:nominated:2020,insert,wikidata
person_awards,140:The Game Awards − Best Performance:nominated:2020,insert,wikidata
person_awards,140:British Academy Games Award for Performer in a Leading Role:nominated:2021,insert,wikidata
external_ids,person:140:allmovie,insert,wikidata
external_ids,person:140:allocine,insert,wikidata
external_ids,person:140:bnf,insert,wikidata
external_ids,person:140:freebase,insert,wikidata
external_ids,person:140:gnd,insert,wikidata
external_ids,person:140:imdb,insert,wikidata
external_ids,person:140:instagram,insert,wikidata
external_ids,person:140:kinopoisk,insert,wikidata
external_ids,person:140:loc,insert,wikidata
external_ids,person:140:musicbrainz_artist,insert,wikidata
external_ids,person:140:official_website,insert,wikidata
external_ids,person:140:tmdb_person,insert,wikidata
external_ids,person:140:twitter,insert,wikidata
external_ids,person:140:viaf,insert,wikidata
external_ids,person:140:wikitree,insert,wikidata
external_ids,person:140:wikidata,insert,wikidata
people,141:nationality,fill,wikidata
person_citizenships,141:United States,insert,wikidata
person_occupations,141:actor,insert,wikidata
person_details,person:141,insert,wikidata
external_ids,person:141:allocine,insert,wikidata
external_ids,person:141:freebase,insert,wikidata
external_ids,person:141:imdb,insert,wikidata
external_ids,person:141:official_website,insert,wikidata
external_ids,person:141:tmdb_person,insert,wikidata
external_ids,person:141:twitter,insert,wikidata
external_ids,person:141:wikidata,insert,wikidata
people,142:nationality,fill,wikidata
person_citizenships,142:United States,insert,wikidata
person_occupations,142:voice actor,insert,wikidata
person_details,person:142,insert,wikidata
external_ids,person:142:imdb,insert,wikidata
external_ids,person:142:kinopoisk,insert,wikidata
external_ids,person:142:loc,insert,wikidata
external_ids,person:142:official_website,insert,wikidata
external_ids,person:142:tmdb_person,insert,wikidata
external_ids,person:142:twitter,insert,wikidata
external_ids,person:142:viaf,insert,wikidata
external_ids,person:142:wikidata,insert,wikidata
people,144:birth_date,fill,wikidata
people,144:wikidata_id,fill,wikidata
people,144:birth_place,fill,wikidata
people,144:nationality,fill,wikidata
person_citizenships,144:United States,insert,wikidata
person_occupations,144:actor,insert,wikidata
person_details,person:144,insert,wikidata
external_ids,person:144:wikidata,insert,wikidata
people,145:birth_date,fill,wikidata
people,145:nationality,fill,wikidata
person_citizenships,145:United States,insert,wikidata
person_occupations,145:actor,insert,wikidata
person_occupations,145:voice actor,insert,wikidata
person_details,person:145,insert,wikidata
external_ids,person:145:imdb,insert,wikidata
external_ids,person:145:tmdb_person,insert,wikidata
external_ids,person:145:wikidata,insert,wikidata
people,147:birth_date,fill,wikidata
people,147:wikidata_id,fill,wikidata
people,147:imdb_id,fill,wikidata
people,147:tmdb_id,fill,wikidata
people,147:birth_place,fill,wikidata
people,147:nationality,fill,wikidata
person_citizenships,147:United States,insert,wikidata
person_occupations,147:voice actor,insert,wikidata
person_occupations,147:television actor,insert,wikidata
person_occupations,147:actor,insert,wikidata
person_occupations,147:film actor,insert,wikidata
person_details,person:147,insert,wikidata
external_ids,person:147:imdb,insert,wikidata
external_ids,person:147:instagram,insert,wikidata
external_ids,person:147:official_website,insert,wikidata
external_ids,person:147:tmdb_person,insert,wikidata
external_ids,person:147:twitter,insert,wikidata
external_ids,person:147:wikidata,insert,wikidata
people,148:nationality,fill,wikidata
person_citizenships,148:United States,insert,wikidata
person_occupations,148:television actor,insert,wikidata
person_occupations,148:film actor,insert,wikidata
person_occupations,148:actor,insert,wikidata
person_occupations,148:voice actor,insert,wikidata
person_occupations,148:child actor,insert,wikidata
person_occupations,148:musician,insert,wikidata
person_details,person:148,insert,wikidata
external_ids,person:148:freebase,insert,wikidata
external_ids,person:148:imdb,insert,wikidata
external_ids,person:148:tmdb_person,insert,wikidata
external_ids,person:148:wikidata,insert,wikidata
people,149:nationality,fill,wikidata
person_citizenships,149:United States,insert,wikidata
person_occupations,149:voice actor,insert,wikidata
person_occupations,149:actor,insert,wikidata
person_occupations,149:television actor,insert,wikidata
person_occupations,149:film actor,insert,wikidata
person_details,person:149,insert,wikidata
external_ids,person:149:allmovie,insert,wikidata
external_ids,person:149:allocine,insert,wikidata
external_ids,person:149:freebase,insert,wikidata
external_ids,person:149:imdb,insert,wikidata
external_ids,person:149:instagram,insert,wikidata
external_ids,person:149:kinopoisk,insert,wikidata
external_ids,person:149:loc,insert,wikidata
external_ids,person:149:official_website,insert,wikidata
external_ids,person:149:tmdb_person,insert,wikidata
external_ids,person:149:twitter,insert,wikidata
external_ids,person:149:viaf,insert,wikidata
external_ids,person:149:wikidata,insert,wikidata
people,15:nationality,fill,wikidata
person_citizenships,15:United States,insert,wikidata
person_citizenships,15:Italy,insert,wikidata
person_occupations,15:television director,insert,wikidata
person_occupations,15:television producer,insert,wikidata
person_occupations,15:stage actor,insert,wikidata
person_occupations,15:film actor,insert,wikidata
person_occupations,15:television actor,insert,wikidata
person_occupations,15:actor,insert,wikidata
person_occupations,15:screenwriter,insert,wikidata
person_occupations,15:film producer,insert,wikidata
person_occupations,15:stunt performer,insert,wikidata
person_occupations,15:professional fitness coach,insert,wikidata
person_details,person:15,insert,wikidata
external_ids,person:15:allmovie,insert,wikidata
external_ids,person:15:allocine,insert,wikidata
external_ids,person:15:bnf,insert,wikidata
external_ids,person:15:freebase,insert,wikidata
external_ids,person:15:gnd,insert,wikidata
external_ids,person:15:imdb,insert,wikidata
external_ids,person:15:instagram,insert,wikidata
external_ids,person:15:kinopoisk,insert,wikidata
external_ids,person:15:loc,insert,wikidata
external_ids,person:15:official_website,insert,wikidata
external_ids,person:15:quora,insert,wikidata
external_ids,person:15:svensk_film,insert,wikidata
external_ids,person:15:tmdb_person,insert,wikidata
external_ids,person:15:twitter,insert,wikidata
external_ids,person:15:viaf,insert,wikidata
external_ids,person:15:wikitree,insert,wikidata
external_ids,person:15:wikidata,insert,wikidata
people,151:nationality,fill,wikidata
person_citizenships,151:United States,insert,wikidata
person_occupations,151:actor,insert,wikidata
person_occupations,151:film producer,insert,wikidata
person_occupations,151:television actor,insert,wikidata
person_occupations,151:film actor,insert,wikidata
person_details,person:151,insert,wikidata
external_ids,person:151:allmovie,insert,wikidata
external_ids,person:151:allocine,insert,wikidata
external_ids,person:151:freebase,insert,wikidata
external_ids,person:151:gnd,insert,wikidata
external_ids,person:151:imdb,insert,wikidata
external_ids,person:151:kinopoisk,insert,wikidata
external_ids,person:151:loc,insert,wikidata
external_ids,person:151:svensk_film,insert,wikidata
external_ids,person:151:tmdb_person,insert,wikidata
external_ids,person:151:twitter,insert,wikidata
external_ids,person:151:viaf,insert,wikidata
external_ids,person:151:wikidata,insert,wikidata
people,152:nationality,fill,wikidata
person_citizenships,152:United States,insert,wikidata
person_occupations,152:singer,insert,wikidata
person_occupations,152:television actor,insert,wikidata
person_occupations,152:stage actor,insert,wikidata
person_occupations,152:writer,insert,wikidata
person_occupations,152:film actor,insert,wikidata
person_occupations,152:television director,insert,wikidata
person_occupations,152:actor,insert,wikidata
person_occupations,152:director,insert,wikidata
person_occupations,152:author,insert,wikidata
person_details,person:152,insert,wikidata
person_awards,152:Out100:won:2023,insert,wikidata
person_awards,152:Time 100:won:2024,insert,wikidata
person_awards,152:Academy Award for Best Actor:nominated:2024,insert,wikidata
person_awards,152:Academy Award for Best Actor:nominated:2025,insert,wikidata
external_ids,person:152:allmovie,insert,wikidata
external_ids,person:152:allocine,insert,wikidata
external_ids,person:152:discogs,insert,wikidata
external_ids,person:152:freebase,insert,wikidata
external_ids,person:152:gnd,insert,wikidata
external_ids,person:152:imdb,insert,wikidata
external_ids,person:152:instagram,insert,wikidata
external_ids,person:152:kinopoisk,insert,wikidata
external_ids,person:152:loc,insert,wikidata
external_ids,person:152:musicbrainz_artist,insert,wikidata
external_ids,person:152:official_website,insert,wikidata
external_ids,person:152:tmdb_person,insert,wikidata
external_ids,person:152:twitter,insert,wikidata
external_ids,person:152:viaf,insert,wikidata
external_ids,person:152:wikidata,insert,wikidata
people,153:nationality,fill,wikidata
person_citizenships,153:United Kingdom,insert,wikidata
person_occupations,153:actor,insert,wikidata
person_occupations,153:fashion model,insert,wikidata
person_occupations,153:stage actor,insert,wikidata
person_occupations,153:film actor,insert,wikidata
person_occupations,153:television actor,insert,wikidata
person_details,person:153,insert,wikidata
person_awards,153:Saturn Award for Best Actor on Television:won:2015,insert,wikidata
external_ids,person:153:allmovie,insert,wikidata
external_ids,person:153:allocine,insert,wikidata
external_ids,person:153:bnf,insert,wikidata
external_ids,person:153:freebase,insert,wikidata
external_ids,person:153:gnd,insert,wikidata
external_ids,person:153:imdb,insert,wikidata
external_ids,person:153:kinopoisk,insert,wikidata
external_ids,person:153:loc,insert,wikidata
external_ids,person:153:quora,insert,wikidata
external_ids,person:153:svensk_film,insert,wikidata
external_ids,person:153:tmdb_person,insert,wikidata
external_ids,person:153:viaf,insert,wikidata
external_ids,person:153:wikitree,insert,wikidata
external_ids,person:153:wikidata,insert,wikidata
people,154:nationality,fill,wikidata
person_citizenships,154:United Kingdom,insert,wikidata
person_citizenships,154:United States,insert,wikidata
person_occupations,154:actor,insert,wikidata
person_occupations,154:film actor,insert,wikidata
person_occupations,154:stage actor,insert,wikidata
person_occupations,154:television actor,insert,wikidata
person_details,person:154,insert,wikidata
person_awards,154:The Game Awards − Best Performance:nominated:2025,insert,wikidata
person_awards,154:British Academy Games Award for Performer in a Supporting Role:nominated:2026,insert,wikidata
external_ids,person:154:allmovie,insert,wikidata
external_ids,person:154:allocine,insert,wikidata
external_ids,person:154:bnf,insert,wikidata
external_ids,person:154:freebase,insert,wikidata
external_ids,person:154:gnd,insert,wikidata
external_ids,person:154:imdb,insert,wikidata
external_ids,person:154:kinopoisk,insert,wikidata
external_ids,person:154:loc,insert,wikidata
external_ids,person:154:official_website,insert,wikidata
external_ids,person:154:quora,insert,wikidata
external_ids,person:154:svensk_film,insert,wikidata
external_ids,person:154:tmdb_person,insert,wikidata
external_ids,person:154:viaf,insert,wikidata
external_ids,person:154:wikitree,insert,wikidata
external_ids,person:154:wikidata,insert,wikidata
people,155:nationality,fill,wikidata
person_citizenships,155:United States,insert,wikidata
person_occupations,155:television actor,insert,wikidata
person_occupations,155:film actor,insert,wikidata
person_occupations,155:voice actor,insert,wikidata
person_occupations,155:film director,insert,wikidata
person_occupations,155:actor,insert,wikidata
person_occupations,155:director,insert,wikidata
person_details,person:155,insert,wikidata
external_ids,person:155:allmovie,insert,wikidata
external_ids,person:155:allocine,insert,wikidata
external_ids,person:155:bnf,insert,wikidata
external_ids,person:155:find_a_grave,insert,wikidata
external_ids,person:155:freebase,insert,wikidata
external_ids,person:155:gnd,insert,wikidata
external_ids,person:155:imdb,insert,wikidata
external_ids,person:155:kinopoisk,insert,wikidata
external_ids,person:155:loc,insert,wikidata
external_ids,person:155:svensk_film,insert,wikidata
external_ids,person:155:tmdb_person,insert,wikidata
external_ids,person:155:viaf,insert,wikidata
external_ids,person:155:wikitree,insert,wikidata
external_ids,person:155:wikidata,insert,wikidata
people,156:nationality,fill,wikidata
person_citizenships,156:United States,insert,wikidata
person_occupations,156:television actor,insert,wikidata
person_occupations,156:film actor,insert,wikidata
person_details,person:156,insert,wikidata
external_ids,person:156:allmovie,insert,wikidata
external_ids,person:156:allocine,insert,wikidata
external_ids,person:156:bnf,insert,wikidata
external_ids,person:156:freebase,insert,wikidata
external_ids,person:156:imdb,insert,wikidata
external_ids,person:156:kinopoisk,insert,wikidata
external_ids,person:156:loc,insert,wikidata
external_ids,person:156:svensk_film,insert,wikidata
external_ids,person:156:tmdb_person,insert,wikidata
external_ids,person:156:viaf,insert,wikidata
external_ids,person:156:wikidata,insert,wikidata
people,157:nationality,fill,wikidata
person_citizenships,157:United States,insert,wikidata
person_occupations,157:actor,insert,wikidata
person_occupations,157:television actor,insert,wikidata
person_occupations,157:film actor,insert,wikidata
person_details,person:157,insert,wikidata
external_ids,person:157:allmovie,insert,wikidata
external_ids,person:157:allocine,insert,wikidata
external_ids,person:157:find_a_grave,insert,wikidata
external_ids,person:157:freebase,insert,wikidata
external_ids,person:157:gnd,insert,wikidata
external_ids,person:157:imdb,insert,wikidata
external_ids,person:157:kinopoisk,insert,wikidata
external_ids,person:157:loc,insert,wikidata
external_ids,person:157:svensk_film,insert,wikidata
external_ids,person:157:tmdb_person,insert,wikidata
external_ids,person:157:viaf,insert,wikidata
external_ids,person:157:wikitree,insert,wikidata
external_ids,person:157:wikidata,insert,wikidata
people,158:nationality,fill,wikidata
person_citizenships,158:United States,insert,wikidata
person_occupations,158:actor,insert,wikidata
person_occupations,158:television actor,insert,wikidata
person_details,person:158,insert,wikidata
external_ids,person:158:freebase,insert,wikidata
external_ids,person:158:imdb,insert,wikidata
external_ids,person:158:loc,insert,wikidata
external_ids,person:158:tmdb_person,insert,wikidata
external_ids,person:158:viaf,insert,wikidata
external_ids,person:158:wikidata,insert,wikidata
people,159:nationality,fill,wikidata
person_citizenships,159:United States,insert,wikidata
person_occupations,159:actor,insert,wikidata
person_occupations,159:stage actor,insert,wikidata
person_occupations,159:television actor,insert,wikidata
person_occupations,159:film actor,insert,wikidata
person_details,person:159,insert,wikidata
external_ids,person:159:allmovie,insert,wikidata
external_ids,person:159:allocine,insert,wikidata
external_ids,person:159:bnf,insert,wikidata
external_ids,person:159:find_a_grave,insert,wikidata
external_ids,person:159:freebase,insert,wikidata
external_ids,person:159:gnd,insert,wikidata
external_ids,person:159:imdb,insert,wikidata
external_ids,person:159:kinopoisk,insert,wikidata
external_ids,person:159:loc,insert,wikidata
external_ids,person:159:svensk_film,insert,wikidata
external_ids,person:159:tmdb_person,insert,wikidata
external_ids,person:159:viaf,insert,wikidata
external_ids,person:159:wikitree,insert,wikidata
external_ids,person:159:wikidata,insert,wikidata
people,16:nationality,fill,wikidata
person_citizenships,16:United States,insert,wikidata
person_occupations,16:stage actor,insert,wikidata
person_occupations,16:film actor,insert,wikidata
person_occupations,16:television actor,insert,wikidata
person_occupations,16:actor,insert,wikidata
person_details,person:16,insert,wikidata
external_ids,person:16:allmovie,insert,wikidata
external_ids,person:16:allocine,insert,wikidata
external_ids,person:16:bnf,insert,wikidata
external_ids,person:16:find_a_grave,insert,wikidata
external_ids,person:16:freebase,insert,wikidata
external_ids,person:16:gnd,insert,wikidata
external_ids,person:16:imdb,insert,wikidata
external_ids,person:16:kinopoisk,insert,wikidata
external_ids,person:16:loc,insert,wikidata
external_ids,person:16:quora,insert,wikidata
external_ids,person:16:svensk_film,insert,wikidata
external_ids,person:16:tmdb_person,insert,wikidata
external_ids,person:16:viaf,insert,wikidata
external_ids,person:16:wikitree,insert,wikidata
external_ids,person:16:wikidata,insert,wikidata
people,161:nationality,fill,wikidata
person_citizenships,161:Canada,insert,wikidata
person_occupations,161:actor,insert,wikidata
person_occupations,161:television actor,insert,wikidata
person_details,person:161,insert,wikidata
external_ids,person:161:allmovie,insert,wikidata
external_ids,person:161:allocine,insert,wikidata
external_ids,person:161:bnf,insert,wikidata
external_ids,person:161:find_a_grave,insert,wikidata
external_ids,person:161:freebase,insert,wikidata
external_ids,person:161:imdb,insert,wikidata
external_ids,person:161:kinopoisk,insert,wikidata
external_ids,person:161:loc,insert,wikidata
external_ids,person:161:svensk_film,insert,wikidata
external_ids,person:161:tmdb_person,insert,wikidata
external_ids,person:161:viaf,insert,wikidata
external_ids,person:161:wikitree,insert,wikidata
external_ids,person:161:wikidata,insert,wikidata
people,162:nationality,fill,wikidata
person_citizenships,162:United States,insert,wikidata
person_occupations,162:film director,insert,wikidata
person_occupations,162:film producer,insert,wikidata
person_details,person:162,insert,wikidata
external_ids,person:162:allmovie,insert,wikidata
external_ids,person:162:allocine,insert,wikidata
external_ids,person:162:bnf,insert,wikidata
external_ids,person:162:freebase,insert,wikidata
external_ids,person:162:gnd,insert,wikidata
external_ids,person:162:imdb,insert,wikidata
external_ids,person:162:kinopoisk,insert,wikidata
external_ids,person:162:loc,insert,wikidata
external_ids,person:162:svensk_film,insert,wikidata
external_ids,person:162:tmdb_person,insert,wikidata
external_ids,person:162:viaf,insert,wikidata
external_ids,person:162:wikidata,insert,wikidata
people,163:birth_date,fill,wikidata
people,163:death_date,fill,wikidata
people,163:birth_place,fill,wikidata
people,163:nationality,fill,wikidata
person_citizenships,163:United States,insert,wikidata
person_occupations,163:screenwriter,insert,wikidata
person_details,person:163,insert,wikidata
external_ids,person:163:allmovie,insert,wikidata
external_ids,person:163:allocine,insert,wikidata
external_ids,person:163:bnf,insert,wikidata
external_ids,person:163:freebase,insert,wikidata
external_ids,person:163:gnd,insert,wikidata
external_ids,person:163:imdb,insert,wikidata
external_ids,person:163:loc,insert,wikidata
external_ids,person:163:svensk_film,insert,wikidata
external_ids,person:163:tmdb_person,insert,wikidata
external_ids,person:163:viaf,insert,wikidata
external_ids,person:163:wikidata,insert,wikidata
people,164:death_date,fill,wikidata
people,164:birth_place,fill,wikidata
people,164:nationality,fill,wikidata
person_citizenships,164:United States,insert,wikidata
person_occupations,164:film producer,insert,wikidata
person_occupations,164:executive producer,insert,wikidata
person_occupations,164:television producer,insert,wikidata
person_details,person:164,insert,wikidata
person_awards,164:star on Hollywood Walk of Fame:won:None,insert,wikidata
external_ids,person:164:freebase,insert,wikidata
external_ids,person:164:imdb,insert,wikidata
external_ids,person:164:loc,insert,wikidata
external_ids,person:164:tmdb_person,insert,wikidata
external_ids,person:164:viaf,insert,wikidata
external_ids,person:164:wikidata,insert,wikidata
people,166:birth_date,fill,wikidata
people,166:death_date,fill,wikidata
people,166:wikidata_id,fill,wikidata
people,166:imdb_id,fill,wikidata
people,166:tmdb_id,fill,wikidata
people,166:birth_place,fill,wikidata
person_occupations,166:screenwriter,insert,wikidata
person_details,person:166,insert,wikidata
external_ids,person:166:imdb,insert,wikidata
external_ids,person:166:tmdb_person,insert,wikidata
external_ids,person:166:wikidata,insert,wikidata
people,167:birth_date,fill,wikidata
people,167:death_date,fill,wikidata
people,167:wikidata_id,fill,wikidata
people,167:imdb_id,fill,wikidata
people,167:nationality,fill,wikidata
person_citizenships,167:United Kingdom,insert,wikidata
person_occupations,167:music arranger,insert,wikidata
person_details,person:167,insert,wikidata
external_ids,person:167:gnd,insert,wikidata
external_ids,person:167:imdb,insert,wikidata
external_ids,person:167:loc,insert,wikidata
external_ids,person:167:musicbrainz_artist,insert,wikidata
external_ids,person:167:viaf,insert,wikidata
external_ids,person:167:wikidata,insert,wikidata
person_occupations,168:television director,insert,wikidata
person_occupations,168:cinematographer,insert,wikidata
person_details,person:168,insert,wikidata
external_ids,person:168:imdb,insert,wikidata
external_ids,person:168:tmdb_person,insert,wikidata
external_ids,person:168:wikidata,insert,wikidata
people,169:nationality,fill,wikidata
person_citizenships,169:United States,insert,wikidata
person_occupations,169:film editor,insert,wikidata
person_occupations,169:screenwriter,insert,wikidata
person_occupations,169:film producer,insert,wikidata
person_occupations,169:film director,insert,wikidata
person_details,person:169,insert,wikidata
external_ids,person:169:allmovie,insert,wikidata
external_ids,person:169:allocine,insert,wikidata
external_ids,person:169:freebase,insert,wikidata
external_ids,person:169:gnd,insert,wikidata
external_ids,person:169:imdb,insert,wikidata
external_ids,person:169:kinopoisk,insert,wikidata
external_ids,person:169:loc,insert,wikidata
external_ids,person:169:svensk_film,insert,wikidata
external_ids,person:169:tmdb_person,insert,wikidata
external_ids,person:169:viaf,insert,wikidata
external_ids,person:169:wikidata,insert,wikidata
people,17:nationality,fill,wikidata
person_citizenships,17:United Kingdom,insert,wikidata
person_citizenships,17:United States,insert,wikidata
person_occupations,17:film actor,insert,wikidata
person_occupations,17:stage actor,insert,wikidata
person_occupations,17:actor,insert,wikidata
person_occupations,17:film producer,insert,wikidata
person_occupations,17:television actor,insert,wikidata
person_details,person:17,insert,wikidata
person_awards,17:Theatre World Award:won:1996,insert,wikidata
person_awards,17:Drama League Award:won:None,insert,wikidata
person_awards,17:Tony Award for Best Actor in a Play:nominated:1998,insert,wikidata
person_awards,17:Tony Award for Best Actor in a Play:nominated:2010,insert,wikidata
person_awards,17:Tony Award for Best Actor in a Musical:nominated:2004,insert,wikidata
external_ids,person:17:allmovie,insert,wikidata
external_ids,person:17:allocine,insert,wikidata
external_ids,person:17:bnf,insert,wikidata
external_ids,person:17:discogs,insert,wikidata
external_ids,person:17:freebase,insert,wikidata
external_ids,person:17:gnd,insert,wikidata
external_ids,person:17:imdb,insert,wikidata
external_ids,person:17:kinopoisk,insert,wikidata
external_ids,person:17:loc,insert,wikidata
external_ids,person:17:musicbrainz_artist,insert,wikidata
external_ids,person:17:quora,insert,wikidata
external_ids,person:17:svensk_film,insert,wikidata
external_ids,person:17:tmdb_person,insert,wikidata
external_ids,person:17:viaf,insert,wikidata
external_ids,person:17:wikitree,insert,wikidata
external_ids,person:17:wikidata,insert,wikidata
people,170:nationality,fill,wikidata
person_citizenships,170:United States,insert,wikidata
person_occupations,170:actor,insert,wikidata
person_occupations,170:model,insert,wikidata
person_occupations,170:television actor,insert,wikidata
person_occupations,170:film actor,insert,wikidata
person_occupations,170:film director,insert,wikidata
person_details,person:170,insert,wikidata
external_ids,person:170:allocine,insert,wikidata
external_ids,person:170:freebase,insert,wikidata
external_ids,person:170:imdb,insert,wikidata
external_ids,person:170:tmdb_person,insert,wikidata
external_ids,person:170:viaf,insert,wikidata
external_ids,person:170:wikitree,insert,wikidata
external_ids,person:170:wikidata,insert,wikidata
people,171:nationality,fill,wikidata
person_citizenships,171:United States,insert,wikidata
person_occupations,171:actor,insert,wikidata
person_occupations,171:television actor,insert,wikidata
person_details,person:171,insert,wikidata
external_ids,person:171:allmovie,insert,wikidata
external_ids,person:171:bnf,insert,wikidata
external_ids,person:171:freebase,insert,wikidata
external_ids,person:171:imdb,insert,wikidata
external_ids,person:171:loc,insert,wikidata
external_ids,person:171:tmdb_person,insert,wikidata
external_ids,person:171:viaf,insert,wikidata
external_ids,person:171:wikidata,insert,wikidata
people,172:nationality,fill,wikidata
person_citizenships,172:United States,insert,wikidata
person_occupations,172:actor,insert,wikidata
person_details,person:172,insert,wikidata
external_ids,person:172:bnf,insert,wikidata
external_ids,person:172:freebase,insert,wikidata
external_ids,person:172:imdb,insert,wikidata
external_ids,person:172:loc,insert,wikidata
external_ids,person:172:tmdb_person,insert,wikidata
external_ids,person:172:viaf,insert,wikidata
external_ids,person:172:wikidata,insert,wikidata
people,173:nationality,fill,wikidata
person_citizenships,173:United States,insert,wikidata
person_occupations,173:actor,insert,wikidata
person_occupations,173:television actor,insert,wikidata
person_details,person:173,insert,wikidata
external_ids,person:173:allmovie,insert,wikidata
external_ids,person:173:allocine,insert,wikidata
external_ids,person:173:bnf,insert,wikidata
external_ids,person:173:freebase,insert,wikidata
external_ids,person:173:imdb,insert,wikidata
external_ids,person:173:kinopoisk,insert,wikidata
external_ids,person:173:svensk_film,insert,wikidata
external_ids,person:173:tmdb_person,insert,wikidata
external_ids,person:173:viaf,insert,wikidata
external_ids,person:173:wikidata,insert,wikidata
people,174:nationality,fill,wikidata
person_citizenships,174:United States,insert,wikidata
person_occupations,174:film director,insert,wikidata
person_details,person:174,insert,wikidata
person_awards,174:Academy Award for Best Live Action Short Film:nominated:1973,insert,wikidata
external_ids,person:174:allmovie,insert,wikidata
external_ids,person:174:allocine,insert,wikidata
external_ids,person:174:bnf,insert,wikidata
external_ids,person:174:freebase,insert,wikidata
external_ids,person:174:imdb,insert,wikidata
external_ids,person:174:kinopoisk,insert,wikidata
external_ids,person:174:loc,insert,wikidata
external_ids,person:174:svensk_film,insert,wikidata
external_ids,person:174:tmdb_person,insert,wikidata
external_ids,person:174:viaf,insert,wikidata
external_ids,person:174:wikidata,insert,wikidata
people,175:wikidata_id,fill,wikidata
person_occupations,175:teacher,insert,wikidata
person_occupations,175:author,insert,wikidata
person_occupations,175:Liedermacher,insert,wikidata
person_details,person:175,insert,wikidata
external_ids,person:175:gnd,insert,wikidata
external_ids,person:175:viaf,insert,wikidata
external_ids,person:175:wikidata,insert,wikidata
people,177:nationality,fill,wikidata
person_citizenships,177:United States,insert,wikidata
person_occupations,177:restaurateur,insert,wikidata
person_occupations,177:actor,insert,wikidata
person_occupations,177:television actor,insert,wikidata
person_details,person:177,insert,wikidata
external_ids,person:177:allmovie,insert,wikidata
external_ids,person:177:allocine,insert,wikidata
external_ids,person:177:find_a_grave,insert,wikidata
external_ids,person:177:freebase,insert,wikidata
external_ids,person:177:imdb,insert,wikidata
external_ids,person:177:kinopoisk,insert,wikidata
external_ids,person:177:loc,insert,wikidata
external_ids,person:177:musicbrainz_artist,insert,wikidata
external_ids,person:177:svensk_film,insert,wikidata
external_ids,person:177:tmdb_person,insert,wikidata
external_ids,person:177:viaf,insert,wikidata
external_ids,person:177:wikidata,insert,wikidata
people,178:nationality,fill,wikidata
person_citizenships,178:United States,insert,wikidata
person_occupations,178:actor,insert,wikidata
person_occupations,178:television actor,insert,wikidata
person_details,person:178,insert,wikidata
external_ids,person:178:allmovie,insert,wikidata
external_ids,person:178:allocine,insert,wikidata
external_ids,person:178:bnf,insert,wikidata
external_ids,person:178:freebase,insert,wikidata
external_ids,person:178:imdb,insert,wikidata
external_ids,person:178:kinopoisk,insert,wikidata
external_ids,person:178:svensk_film,insert,wikidata
external_ids,person:178:tmdb_person,insert,wikidata
external_ids,person:178:viaf,insert,wikidata
external_ids,person:178:wikitree,insert,wikidata
external_ids,person:178:wikidata,insert,wikidata
people,179:nationality,fill,wikidata
person_citizenships,179:Canada,insert,wikidata
person_occupations,179:actor,insert,wikidata
person_occupations,179:set decorator,insert,wikidata
person_occupations,179:television actor,insert,wikidata
person_details,person:179,insert,wikidata
external_ids,person:179:find_a_grave,insert,wikidata
external_ids,person:179:freebase,insert,wikidata
external_ids,person:179:imdb,insert,wikidata
external_ids,person:179:loc,insert,wikidata
external_ids,person:179:tmdb_person,insert,wikidata
external_ids,person:179:viaf,insert,wikidata
external_ids,person:179:wikitree,insert,wikidata
external_ids,person:179:wikidata,insert,wikidata
people,18:nationality,fill,wikidata
person_citizenships,18:United Kingdom,insert,wikidata
person_citizenships,18:United States,insert,wikidata
person_occupations,18:stage actor,insert,wikidata
person_occupations,18:film actor,insert,wikidata
person_occupations,18:actor,insert,wikidata
person_occupations,18:television actor,insert,wikidata
person_details,person:18,insert,wikidata
person_awards,18:Theatre World Award:won:1953,insert,wikidata
person_awards,18:Tony Award for Best Actress in a Play:won:1966,insert,wikidata
person_awards,18:North Carolina Award for Fine Arts:won:None,insert,wikidata
person_awards,18:Drama Desk Award for Outstanding Actress in a Play:won:None,insert,wikidata
person_awards,18:Evening Standard Theatre Award for Best Actress:won:None,insert,wikidata
person_awards,18:Primetime Emmy Award for Outstanding Lead Actress in a Miniseries or a Movie:won:None,insert,wikidata
person_awards,18:Gotham Independent Film Award for Best Ensemble Cast:won:None,insert,wikidata
person_awards,18:National Board of Review Award for Best Supporting Actress:won:None,insert,wikidata
person_awards,18:Academy Award for Best Supporting Actress:nominated:1995,insert,wikidata
person_awards,18:Tony Award for Best Actress in a Play:nominated:1972,insert,wikidata
person_awards,18:Tony Award for Best Actress in a Play:nominated:1976,insert,wikidata
person_awards,18:Tony Award for Best Actress in a Play:nominated:1984,insert,wikidata
person_awards,18:Tony Award for Best Actress in a Play:nominated:1985,insert,wikidata
person_awards,18:Tony Award for Best Actress in a Play:nominated:1986,insert,wikidata
person_awards,18:Tony Award for Best Actress in a Play:nominated:1996,insert,wikidata
person_awards,18:Tony Award for Best Actress in a Play:nominated:2000,insert,wikidata
person_awards,18:Tony Award for Best Featured Actress in a Play:nominated:2010,insert,wikidata
external_ids,person:18:allmovie,insert,wikidata
external_ids,person:18:allocine,insert,wikidata
external_ids,person:18:bnf,insert,wikidata
external_ids,person:18:freebase,insert,wikidata
external_ids,person:18:gnd,insert,wikidata
external_ids,person:18:imdb,insert,wikidata
external_ids,person:18:kinopoisk,insert,wikidata
external_ids,person:18:loc,insert,wikidata
external_ids,person:18:musicbrainz_artist,insert,wikidata
external_ids,person:18:svensk_film,insert,wikidata
external_ids,person:18:tmdb_person,insert,wikidata
external_ids,person:18:viaf,insert,wikidata
external_ids,person:18:wikitree,insert,wikidata
external_ids,person:18:wikidata,insert,wikidata
people,180:nationality,fill,wikidata
person_citizenships,180:United States,insert,wikidata
person_occupations,180:actor,insert,wikidata
person_occupations,180:television actor,insert,wikidata
person_occupations,180:film actor,insert,wikidata
person_occupations,180:television producer,insert,wikidata
person_occupations,180:film producer,insert,wikidata
person_details,person:180,insert,wikidata
person_awards,180:honorary doctor of Carnegie-Mellon University:won:2018,insert,wikidata
person_awards,180:Primetime Emmy Award for Outstanding Lead Actor in a Comedy Series:won:1990,insert,wikidata
person_awards,180:Primetime Emmy Award for Outstanding Lead Actor in a Comedy Series:won:1993,insert,wikidata
person_awards,180:star on Hollywood Walk of Fame:won:None,insert,wikidata
external_ids,person:180:allmovie,insert,wikidata
external_ids,person:180:allocine,insert,wikidata
external_ids,person:180:bnf,insert,wikidata
external_ids,person:180:discogs,insert,wikidata
external_ids,person:180:freebase,insert,wikidata
external_ids,person:180:gnd,insert,wikidata
external_ids,person:180:imdb,insert,wikidata
external_ids,person:180:instagram,insert,wikidata
external_ids,person:180:kinopoisk,insert,wikidata
external_ids,person:180:loc,insert,wikidata
external_ids,person:180:musicbrainz_artist,insert,wikidata
external_ids,person:180:quora,insert,wikidata
external_ids,person:180:svensk_film,insert,wikidata
external_ids,person:180:tmdb_person,insert,wikidata
external_ids,person:180:twitter,insert,wikidata
external_ids,person:180:viaf,insert,wikidata
external_ids,person:180:wikitree,insert,wikidata
external_ids,person:180:wikidata,insert,wikidata
people,181:nationality,fill,wikidata
person_citizenships,181:United States,insert,wikidata
person_occupations,181:television director,insert,wikidata
person_occupations,181:film director,insert,wikidata
person_details,person:181,insert,wikidata
external_ids,person:181:allmovie,insert,wikidata
external_ids,person:181:bnf,insert,wikidata
external_ids,person:181:freebase,insert,wikidata
external_ids,person:181:imdb,insert,wikidata
external_ids,person:181:kinopoisk,insert,wikidata
external_ids,person:181:loc,insert,wikidata
external_ids,person:181:svensk_film,insert,wikidata
external_ids,person:181:tmdb_person,insert,wikidata
external_ids,person:181:viaf,insert,wikidata
external_ids,person:181:wikidata,insert,wikidata
people,182:death_date,fill,wikidata
people,182:birth_place,fill,wikidata
people,182:nationality,fill,wikidata
person_citizenships,182:United States,insert,wikidata
person_occupations,182:screenwriter,insert,wikidata
person_details,person:182,insert,wikidata
external_ids,person:182:imdb,insert,wikidata
external_ids,person:182:tmdb_person,insert,wikidata
external_ids,person:182:wikidata,insert,wikidata
people,183:nationality,fill,wikidata
person_citizenships,183:United States,insert,wikidata
person_occupations,183:composer,insert,wikidata
person_occupations,183:record producer,insert,wikidata
person_occupations,183:film score composer,insert,wikidata
person_occupations,183:musician,insert,wikidata
person_details,person:183,insert,wikidata
external_ids,person:183:bnf,insert,wikidata
external_ids,person:183:discogs,insert,wikidata
external_ids,person:183:freebase,insert,wikidata
external_ids,person:183:gnd,insert,wikidata
external_ids,person:183:imdb,insert,wikidata
external_ids,person:183:loc,insert,wikidata
external_ids,person:183:musicbrainz_artist,insert,wikidata
external_ids,person:183:official_website,insert,wikidata
external_ids,person:183:tmdb_person,insert,wikidata
external_ids,person:183:twitter,insert,wikidata
external_ids,person:183:viaf,insert,wikidata
external_ids,person:183:wikidata,insert,wikidata
people,185:nationality,fill,wikidata
person_citizenships,185:United States,insert,wikidata
person_occupations,185:film editor,insert,wikidata
person_details,person:185,insert,wikidata
external_ids,person:185:allmovie,insert,wikidata
external_ids,person:185:allocine,insert,wikidata
external_ids,person:185:freebase,insert,wikidata
external_ids,person:185:imdb,insert,wikidata
external_ids,person:185:kinopoisk,insert,wikidata
external_ids,person:185:tmdb_person,insert,wikidata
external_ids,person:185:viaf,insert,wikidata
external_ids,person:185:wikidata,insert,wikidata
people,186:birth_date,fill,wikidata
people,186:death_date,fill,wikidata
people,186:wikidata_id,fill,wikidata
people,186:birth_place,fill,wikidata
person_occupations,186:musician,insert,wikidata
person_details,person:186,insert,wikidata
external_ids,person:186:gnd,insert,wikidata
external_ids,person:186:viaf,insert,wikidata
external_ids,person:186:wikidata,insert,wikidata
people,187:nationality,fill,wikidata
person_citizenships,187:Japan,insert,wikidata
person_citizenships,187:Empire of Japan,insert,wikidata
person_occupations,187:film director,insert,wikidata
person_details,person:187,insert,wikidata
external_ids,person:187:imdb,insert,wikidata
external_ids,person:187:tmdb_person,insert,wikidata
external_ids,person:187:wikidata,insert,wikidata
people,188:birth_date,fill,wikidata
people,188:death_date,fill,wikidata
people,188:wikidata_id,fill,wikidata
people,188:imdb_id,fill,wikidata
people,188:tmdb_id,fill,wikidata
people,188:birth_place,fill,wikidata
people,188:nationality,fill,wikidata
person_citizenships,188:Japan,insert,wikidata
person_citizenships,188:Empire of Japan,insert,wikidata
person_occupations,188:screenwriter,insert,wikidata
person_details,person:188,insert,wikidata
external_ids,person:188:bnf,insert,wikidata
external_ids,person:188:freebase,insert,wikidata
external_ids,person:188:imdb,insert,wikidata
external_ids,person:188:loc,insert,wikidata
external_ids,person:188:musicbrainz_artist,insert,wikidata
external_ids,person:188:tmdb_person,insert,wikidata
external_ids,person:188:viaf,insert,wikidata
external_ids,person:188:wikidata,insert,wikidata
person_details,person:189,insert,wikidata
external_ids,person:189:freebase,insert,wikidata
external_ids,person:189:imdb,insert,wikidata
external_ids,person:189:musicbrainz_artist,insert,wikidata
external_ids,person:189:tmdb_person,insert,wikidata
external_ids,person:189:viaf,insert,wikidata
external_ids,person:189:wikidata,insert,wikidata
people,19:nationality,fill,wikidata
person_citizenships,19:United States,insert,wikidata
person_occupations,19:television actor,insert,wikidata
person_occupations,19:film actor,insert,wikidata
person_occupations,19:singer,insert,wikidata
person_occupations,19:voice actor,insert,wikidata
person_occupations,19:stage actor,insert,wikidata
person_occupations,19:actor,insert,wikidata
person_occupations,19:musician,insert,wikidata
person_details,person:19,insert,wikidata
person_awards,19:Tony Award for Best Actress in a Musical:won:1994,insert,wikidata
person_awards,19:Drama Desk Award for Outstanding Actress in a Musical:won:1994,insert,wikidata
person_awards,19:Tony Award for Best Actress in a Musical:won:1996,insert,wikidata
person_awards,19:Drama Desk Award for Outstanding Actress in a Musical:won:2004,insert,wikidata
person_awards,19:Drama Desk Award for Outstanding Actress in a Musical:won:2007,insert,wikidata
person_awards,19:Drama League Award:won:None,insert,wikidata
person_awards,19:Drama Desk Award for Outstanding Actress in a Musical:nominated:1992,insert,wikidata
person_awards,19:Drama Desk Award for Outstanding Featured Actress in a Musical:nominated:1994,insert,wikidata
person_awards,19:Drama Desk Award for Outstanding Actress in a Musical:nominated:1994,insert,wikidata
person_awards,19:Drama Desk Award for Outstanding Featured Actress in a Play:nominated:1996,insert,wikidata
person_awards,19:Drama Desk Award for Outstanding Actress in a Musical:nominated:1996,insert,wikidata
person_awards,19:Tony Award for Best Actress in a Musical:nominated:2004,insert,wikidata
person_awards,19:Drama Desk Award for Outstanding Actress in a Musical:nominated:2004,insert,wikidata
person_awards,19:Tony Award for Best Actress in a Musical:nominated:2007,insert,wikidata
person_awards,19:Drama Desk Award for Outstanding Actress in a Musical:nominated:2007,insert,wikidata
person_awards,19:Tony Award for Best Actress in a Musical:nominated:2011,insert,wikidata
person_awards,19:Drama Desk Award for Outstanding Actress in a Musical:nominated:2011,insert,wikidata
person_awards,19:Drama Desk Award for Outstanding Actress in a Musical:nominated:2013,insert,wikidata
external_ids,person:19:allmovie,insert,wikidata
external_ids,person:19:allocine,insert,wikidata
external_ids,person:19:discogs,insert,wikidata
external_ids,person:19:freebase,insert,wikidata
external_ids,person:19:gnd,insert,wikidata
external_ids,person:19:imdb,insert,wikidata
external_ids,person:19:kinopoisk,insert,wikidata
external_ids,person:19:loc,insert,wikidata
external_ids,person:19:musicbrainz_artist,insert,wikidata
external_ids,person:19:official_website,insert,wikidata
external_ids,person:19:svensk_film,insert,wikidata
external_ids,person:19:tmdb_person,insert,wikidata
external_ids,person:19:viaf,insert,wikidata
external_ids,person:19:wikidata,insert,wikidata
people,190:birth_date,fill,wikidata
people,190:death_date,fill,wikidata
people,190:wikidata_id,fill,wikidata
people,190:imdb_id,fill,wikidata
people,190:tmdb_id,fill,wikidata
people,190:birth_place,fill,wikidata
people,190:nationality,fill,wikidata
person_citizenships,190:Japan,insert,wikidata
person_citizenships,190:Empire of Japan,insert,wikidata
person_occupations,190:television producer,insert,wikidata
person_details,person:190,insert,wikidata
external_ids,person:190:freebase,insert,wikidata
external_ids,person:190:imdb,insert,wikidata
external_ids,person:190:tmdb_person,insert,wikidata
external_ids,person:190:wikidata,insert,wikidata
people,192:nationality,fill,wikidata
person_citizenships,192:United States,insert,wikidata
person_occupations,192:film actor,insert,wikidata
person_occupations,192:actor,insert,wikidata
person_occupations,192:stage actor,insert,wikidata
person_occupations,192:television actor,insert,wikidata
person_occupations,192:screenwriter,insert,wikidata
person_occupations,192:film producer,insert,wikidata
person_occupations,192:aircraft pilot,insert,wikidata
person_occupations,192:film director,insert,wikidata
person_occupations,192:glider pilot,insert,wikidata
person_occupations,192:film screenwriter,insert,wikidata
person_details,person:192,insert,wikidata
person_awards,192:Academy Award for Best Actor:won:1969,insert,wikidata
person_awards,192:Theatre World Award:won:1957,insert,wikidata
person_awards,192:National Aviation Hall of Fame:won:2006,insert,wikidata
person_awards,192:Primetime Emmy Award for Outstanding Lead Actor in a Miniseries or a Movie:won:1966,insert,wikidata
person_awards,192:star on Hollywood Walk of Fame:won:None,insert,wikidata
person_awards,192:Academy Award for Best Actor:nominated:1969,insert,wikidata
external_ids,person:192:allmovie,insert,wikidata
external_ids,person:192:allocine,insert,wikidata
external_ids,person:192:bnf,insert,wikidata
external_ids,person:192:discogs,insert,wikidata
external_ids,person:192:find_a_grave,insert,wikidata
external_ids,person:192:freebase,insert,wikidata
external_ids,person:192:gnd,insert,wikidata
external_ids,person:192:imdb,insert,wikidata
external_ids,person:192:kinopoisk,insert,wikidata
external_ids,person:192:loc,insert,wikidata
external_ids,person:192:official_website,insert,wikidata
external_ids,person:192:svensk_film,insert,wikidata
external_ids,person:192:tmdb_person,insert,wikidata
external_ids,person:192:viaf,insert,wikidata
external_ids,person:192:wikitree,insert,wikidata
external_ids,person:192:wikidata,insert,wikidata
people,193:nationality,fill,wikidata
person_citizenships,193:United States,insert,wikidata
person_occupations,193:actor,insert,wikidata
person_occupations,193:baseball player,insert,wikidata
person_occupations,193:stunt performer,insert,wikidata
person_occupations,193:television actor,insert,wikidata
person_details,person:193,insert,wikidata
external_ids,person:193:allmovie,insert,wikidata
external_ids,person:193:allocine,insert,wikidata
external_ids,person:193:freebase,insert,wikidata
external_ids,person:193:imdb,insert,wikidata
external_ids,person:193:kinopoisk,insert,wikidata
external_ids,person:193:loc,insert,wikidata
external_ids,person:193:official_website,insert,wikidata
external_ids,person:193:svensk_film,insert,wikidata
external_ids,person:193:tmdb_person,insert,wikidata
external_ids,person:193:viaf,insert,wikidata
external_ids,person:193:wikidata,insert,wikidata
people,194:nationality,fill,wikidata
person_citizenships,194:United States,insert,wikidata
person_occupations,194:actor,insert,wikidata
person_occupations,194:screenwriter,insert,wikidata
person_occupations,194:film director,insert,wikidata
person_occupations,194:film producer,insert,wikidata
person_occupations,194:film editor,insert,wikidata
person_occupations,194:film actor,insert,wikidata
person_occupations,194:executive producer,insert,wikidata
person_occupations,194:director,insert,wikidata
person_occupations,194:manufacturer,insert,wikidata
person_occupations,194:author,insert,wikidata
person_details,person:194,insert,wikidata
person_awards,194:Inkpot Award:won:2014,insert,wikidata
person_awards,194:Sitges Film Festival Best Director award:won:1990,insert,wikidata
person_awards,194:Time Machine Award:won:1992,insert,wikidata
person_awards,194:The George Pal Memorial Award:won:None,insert,wikidata
external_ids,person:194:allmovie,insert,wikidata
external_ids,person:194:allocine,insert,wikidata
external_ids,person:194:bnf,insert,wikidata
external_ids,person:194:discogs,insert,wikidata
external_ids,person:194:freebase,insert,wikidata
external_ids,person:194:gnd,insert,wikidata
external_ids,person:194:imdb,insert,wikidata
external_ids,person:194:kinopoisk,insert,wikidata
external_ids,person:194:loc,insert,wikidata
external_ids,person:194:musicbrainz_artist,insert,wikidata
external_ids,person:194:quora,insert,wikidata
external_ids,person:194:svensk_film,insert,wikidata
external_ids,person:194:tmdb_person,insert,wikidata
external_ids,person:194:viaf,insert,wikidata
external_ids,person:194:wikidata,insert,wikidata
people,195:nationality,fill,wikidata
person_citizenships,195:United States,insert,wikidata
person_occupations,195:film director,insert,wikidata
person_occupations,195:film producer,insert,wikidata
person_occupations,195:writer,insert,wikidata
person_occupations,195:film actor,insert,wikidata
person_occupations,195:television actor,insert,wikidata
person_occupations,195:film screenwriter,insert,wikidata
person_occupations,195:screenwriter,insert,wikidata
person_occupations,195:director,insert,wikidata
person_details,person:195,insert,wikidata
person_awards,195:Hugo Award for Best Dramatic Presentation:won:1994,insert,wikidata
external_ids,person:195:allmovie,insert,wikidata
external_ids,person:195:allocine,insert,wikidata
external_ids,person:195:bnf,insert,wikidata
external_ids,person:195:freebase,insert,wikidata
external_ids,person:195:gnd,insert,wikidata
external_ids,person:195:imdb,insert,wikidata
external_ids,person:195:instagram,insert,wikidata
external_ids,person:195:kinopoisk,insert,wikidata
external_ids,person:195:loc,insert,wikidata
external_ids,person:195:musicbrainz_artist,insert,wikidata
external_ids,person:195:svensk_film,insert,wikidata
external_ids,person:195:tmdb_person,insert,wikidata
external_ids,person:195:viaf,insert,wikidata
external_ids,person:195:wikidata,insert,wikidata
people,196:birth_place,fill,wikidata
people,196:nationality,fill,wikidata
person_citizenships,196:United States,insert,wikidata
person_occupations,196:film producer,insert,wikidata
person_occupations,196:television producer,insert,wikidata
person_occupations,196:producer,insert,wikidata
person_occupations,196:screenwriter,insert,wikidata
person_details,person:196,insert,wikidata
person_awards,196:Crystal Award:won:2002,insert,wikidata
external_ids,person:196:allmovie,insert,wikidata
external_ids,person:196:bnf,insert,wikidata
external_ids,person:196:find_a_grave,insert,wikidata
external_ids,person:196:freebase,insert,wikidata
external_ids,person:196:gnd,insert,wikidata
external_ids,person:196:imdb,insert,wikidata
external_ids,person:196:loc,insert,wikidata
external_ids,person:196:tmdb_person,insert,wikidata
external_ids,person:196:viaf,insert,wikidata
external_ids,person:196:wikidata,insert,wikidata
people,197:nationality,fill,wikidata
person_citizenships,197:United Kingdom,insert,wikidata
person_occupations,197:film producer,insert,wikidata
person_occupations,197:production assistant,insert,wikidata
person_occupations,197:producer,insert,wikidata
person_details,person:197,insert,wikidata
person_awards,197:Academy Award for Best Picture:nominated:1999,insert,wikidata
external_ids,person:197:freebase,insert,wikidata
external_ids,person:197:gnd,insert,wikidata
external_ids,person:197:imdb,insert,wikidata
external_ids,person:197:loc,insert,wikidata
external_ids,person:197:tmdb_person,insert,wikidata
external_ids,person:197:viaf,insert,wikidata
external_ids,person:197:wikidata,insert,wikidata
people,198:nationality,fill,wikidata
person_citizenships,198:United States,insert,wikidata
person_occupations,198:singer,insert,wikidata
person_occupations,198:composer,insert,wikidata
person_occupations,198:actor,insert,wikidata
person_occupations,198:record producer,insert,wikidata
person_occupations,198:film score composer,insert,wikidata
person_occupations,198:singer-songwriter,insert,wikidata
person_occupations,198:recording artist,insert,wikidata
person_occupations,198:musician,insert,wikidata
person_details,person:198,insert,wikidata
person_awards,198:Disney Legends:won:2015,insert,wikidata
person_awards,198:Primetime Emmy Award for Outstanding Original Main Title Theme Music:won:2005,insert,wikidata
person_awards,198:Primetime Emmy Award for Outstanding Music Direction:won:2016,insert,wikidata
person_awards,198:Primetime Emmy Award for Outstanding Original Main Title Theme Music:won:2023,insert,wikidata
person_awards,198:Grammy Award for Best Instrumental Composition:won:1990,insert,wikidata
person_awards,198:Academy Award for Best Original Musical or Comedy Score:nominated:1998,insert,wikidata
person_awards,198:Academy Award for Best Original Dramatic Score:nominated:1998,insert,wikidata
person_awards,198:Academy Award for Best Original Score:nominated:2004,insert,wikidata
person_awards,198:Academy Award for Best Original Score:nominated:2009,insert,wikidata
external_ids,person:198:allmovie,insert,wikidata
external_ids,person:198:allocine,insert,wikidata
external_ids,person:198:bnf,insert,wikidata
external_ids,person:198:discogs,insert,wikidata
external_ids,person:198:freebase,insert,wikidata
external_ids,person:198:gnd,insert,wikidata
external_ids,person:198:imdb,insert,wikidata
external_ids,person:198:instagram,insert,wikidata
external_ids,person:198:kinopoisk,insert,wikidata
external_ids,person:198:loc,insert,wikidata
external_ids,person:198:musicbrainz_artist,insert,wikidata
external_ids,person:198:official_website,insert,wikidata
external_ids,person:198:quora,insert,wikidata
external_ids,person:198:svensk_film,insert,wikidata
external_ids,person:198:tmdb_person,insert,wikidata
external_ids,person:198:twitter,insert,wikidata
external_ids,person:198:viaf,insert,wikidata
external_ids,person:198:wikidata,insert,wikidata
people,199:nationality,fill,wikidata
person_citizenships,199:United States,insert,wikidata
person_occupations,199:cinematographer,insert,wikidata
person_details,person:199,insert,wikidata
person_awards,199:Academy Award for Best Cinematography:nominated:1995,insert,wikidata
external_ids,person:199:allmovie,insert,wikidata
external_ids,person:199:allocine,insert,wikidata
external_ids,person:199:bnf,insert,wikidata
external_ids,person:199:freebase,insert,wikidata
external_ids,person:199:gnd,insert,wikidata
external_ids,person:199:imdb,insert,wikidata
external_ids,person:199:kinopoisk,insert,wikidata
external_ids,person:199:loc,insert,wikidata
external_ids,person:199:svensk_film,insert,wikidata
external_ids,person:199:tmdb_person,insert,wikidata
external_ids,person:199:viaf,insert,wikidata
external_ids,person:199:wikidata,insert,wikidata
people,2:nationality,fill,wikidata
person_citizenships,2:United States,insert,wikidata
person_occupations,2:actor,insert,wikidata
person_occupations,2:stage actor,insert,wikidata
person_occupations,2:television actor,insert,wikidata
person_occupations,2:military officer,insert,wikidata
person_occupations,2:film actor,insert,wikidata
person_details,person:2,insert,wikidata
external_ids,person:2:allmovie,insert,wikidata
external_ids,person:2:allocine,insert,wikidata
external_ids,person:2:bnf,insert,wikidata
external_ids,person:2:find_a_grave,insert,wikidata
external_ids,person:2:freebase,insert,wikidata
external_ids,person:2:gnd,insert,wikidata
external_ids,person:2:imdb,insert,wikidata
external_ids,person:2:kinopoisk,insert,wikidata
external_ids,person:2:loc,insert,wikidata
external_ids,person:2:svensk_film,insert,wikidata
external_ids,person:2:tmdb_person,insert,wikidata
external_ids,person:2:viaf,insert,wikidata
external_ids,person:2:wikitree,insert,wikidata
external_ids,person:2:wikidata,insert,wikidata
people,20:nationality,fill,wikidata
person_citizenships,20:New Zealand,insert,wikidata
person_citizenships,20:Canada,insert,wikidata
person_occupations,20:actor,insert,wikidata
person_occupations,20:film actor,insert,wikidata
person_occupations,20:television actor,insert,wikidata
person_occupations,20:film editor,insert,wikidata
person_occupations,20:film director,insert,wikidata
person_occupations,20:television director,insert,wikidata
person_occupations,20:film screenwriter,insert,wikidata
person_occupations,20:cinematographer,insert,wikidata
person_details,person:20,insert,wikidata
person_awards,20:Most Promising Male Newcomer of the Year:won:1999,insert,wikidata
external_ids,person:20:allmovie,insert,wikidata
external_ids,person:20:allocine,insert,wikidata
external_ids,person:20:bnf,insert,wikidata
external_ids,person:20:freebase,insert,wikidata
external_ids,person:20:gnd,insert,wikidata
external_ids,person:20:imdb,insert,wikidata
external_ids,person:20:instagram,insert,wikidata
external_ids,person:20:kinopoisk,insert,wikidata
external_ids,person:20:loc,insert,wikidata
external_ids,person:20:svensk_film,insert,wikidata
external_ids,person:20:tmdb_person,insert,wikidata
external_ids,person:20:twitter,insert,wikidata
external_ids,person:20:viaf,insert,wikidata
external_ids,person:20:wikidata,insert,wikidata
people,200:birth_place,fill,wikidata
people,200:nationality,fill,wikidata
person_citizenships,200:United States,insert,wikidata
person_occupations,200:film editor,insert,wikidata
person_occupations,200:film producer,insert,wikidata
person_details,person:200,insert,wikidata
person_awards,200:Academy Award for Best Film Editing:won:2010,insert,wikidata
person_awards,200:Academy Award for Best Film Editing:nominated:2010,insert,wikidata
external_ids,person:200:allmovie,insert,wikidata
external_ids,person:200:allocine,insert,wikidata
external_ids,person:200:freebase,insert,wikidata
external_ids,person:200:gnd,insert,wikidata
external_ids,person:200:imdb,insert,wikidata
external_ids,person:200:kinopoisk,insert,wikidata
external_ids,person:200:loc,insert,wikidata
external_ids,person:200:svensk_film,insert,wikidata
external_ids,person:200:tmdb_person,insert,wikidata
external_ids,person:200:viaf,insert,wikidata
external_ids,person:200:wikidata,insert,wikidata
people,201:birth_date,fill,wikidata
people,201:birth_place,fill,wikidata
people,201:nationality,fill,wikidata
person_citizenships,201:United States,insert,wikidata
person_occupations,201:film editor,insert,wikidata
person_details,person:201,insert,wikidata
external_ids,person:201:freebase,insert,wikidata
external_ids,person:201:gnd,insert,wikidata
external_ids,person:201:imdb,insert,wikidata
external_ids,person:201:loc,insert,wikidata
external_ids,person:201:tmdb_person,insert,wikidata
external_ids,person:201:viaf,insert,wikidata
external_ids,person:201:wikidata,insert,wikidata
people,202:nationality,fill,wikidata
person_citizenships,202:United States,insert,wikidata
person_occupations,202:television actor,insert,wikidata
person_occupations,202:stage actor,insert,wikidata
person_occupations,202:film actor,insert,wikidata
person_occupations,202:film director,insert,wikidata
person_occupations,202:actor,insert,wikidata
person_details,person:202,insert,wikidata
person_awards,202:Theatre World Award:won:1989,insert,wikidata
person_awards,202:Tony Award for Best Featured Actor in a Play:nominated:1991,insert,wikidata
external_ids,person:202:allmovie,insert,wikidata
external_ids,person:202:allocine,insert,wikidata
external_ids,person:202:bnf,insert,wikidata
external_ids,person:202:freebase,insert,wikidata
external_ids,person:202:gnd,insert,wikidata
external_ids,person:202:imdb,insert,wikidata
external_ids,person:202:kinopoisk,insert,wikidata
external_ids,person:202:loc,insert,wikidata
external_ids,person:202:musicbrainz_artist,insert,wikidata
external_ids,person:202:svensk_film,insert,wikidata
external_ids,person:202:tmdb_person,insert,wikidata
external_ids,person:202:viaf,insert,wikidata
external_ids,person:202:wikidata,insert,wikidata
people,203:nationality,fill,wikidata
person_citizenships,203:United States,insert,wikidata
person_occupations,203:screenwriter,insert,wikidata
person_details,person:203,insert,wikidata
person_awards,203:Writers Guild of America Award:won:None,insert,wikidata
person_awards,"203:Academy Award for Best Writing, Adapted Screenplay:won:1978",insert,wikidata
person_awards,"203:Academy Award for Best Writing, Adapted Screenplay:won:1981",insert,wikidata
person_awards,"203:Academy Award for Best Writing, Adapted Screenplay:nominated:1974",insert,wikidata
person_awards,"203:Academy Award for Best Writing, Adapted Screenplay:nominated:1978",insert,wikidata
person_awards,"203:Academy Award for Best Writing, Adapted Screenplay:nominated:1981",insert,wikidata
external_ids,person:203:allmovie,insert,wikidata
external_ids,person:203:bnf,insert,wikidata
external_ids,person:203:freebase,insert,wikidata
external_ids,person:203:gnd,insert,wikidata
external_ids,person:203:imdb,insert,wikidata
external_ids,person:203:loc,insert,wikidata
external_ids,person:203:svensk_film,insert,wikidata
external_ids,person:203:tmdb_person,insert,wikidata
external_ids,person:203:viaf,insert,wikidata
external_ids,person:203:wikidata,insert,wikidata
people,204:nationality,fill,wikidata
person_citizenships,204:United States,insert,wikidata
person_occupations,204:screenwriter,insert,wikidata
person_occupations,204:film producer,insert,wikidata
person_occupations,204:executive producer,insert,wikidata
person_occupations,204:television producer,insert,wikidata
person_details,person:204,insert,wikidata
external_ids,person:204:allmovie,insert,wikidata
external_ids,person:204:allocine,insert,wikidata
external_ids,person:204:bnf,insert,wikidata
external_ids,person:204:freebase,insert,wikidata
external_ids,person:204:gnd,insert,wikidata
external_ids,person:204:imdb,insert,wikidata
external_ids,person:204:kinopoisk,insert,wikidata
external_ids,person:204:loc,insert,wikidata
external_ids,person:204:svensk_film,insert,wikidata
external_ids,person:204:tmdb_person,insert,wikidata
external_ids,person:204:viaf,insert,wikidata
external_ids,person:204:wikidata,insert,wikidata
people,205:nationality,fill,wikidata
person_citizenships,205:United Kingdom,insert,wikidata
person_occupations,205:screenwriter,insert,wikidata
person_occupations,205:film producer,insert,wikidata
person_occupations,205:television producer,insert,wikidata
person_occupations,205:television writer,insert,wikidata
person_occupations,205:film screenwriter,insert,wikidata
person_occupations,205:film director,insert,wikidata
person_occupations,205:television director,insert,wikidata
person_occupations,205:manufacturer,insert,wikidata
person_details,person:205,insert,wikidata
person_awards,"205:Hugo Award for Best Dramatic Presentation, Short Form:nominated:2004",insert,wikidata
person_awards,"205:Hugo Award for Best Dramatic Presentation, Long Form:nominated:2005",insert,wikidata
external_ids,person:205:bnf,insert,wikidata
external_ids,person:205:freebase,insert,wikidata
external_ids,person:205:gnd,insert,wikidata
external_ids,person:205:imdb,insert,wikidata
external_ids,person:205:loc,insert,wikidata
external_ids,person:205:tmdb_person,insert,wikidata
external_ids,person:205:viaf,insert,wikidata
external_ids,person:205:wikidata,insert,wikidata
people,206:nationality,fill,wikidata
person_citizenships,206:United States,insert,wikidata
person_occupations,206:writer,insert,wikidata
person_occupations,206:essayist,insert,wikidata
person_occupations,206:screenwriter,insert,wikidata
person_occupations,206:novelist,insert,wikidata
person_occupations,206:columnist,insert,wikidata
person_occupations,206:science fiction writer,insert,wikidata
person_occupations,206:children's writer,insert,wikidata
person_occupations,206:television producer,insert,wikidata
person_occupations,206:gay fiction writer,insert,wikidata
person_details,person:206,insert,wikidata
person_awards,206:Pulitzer Prize for Fiction:won:2001,insert,wikidata
person_awards,206:Nebula Award for Best Novel:won:2008,insert,wikidata
person_awards,206:Helmerich Award:won:2008,insert,wikidata
person_awards,206:Hugo Award for Best Novel:won:2008,insert,wikidata
person_awards,206:Locus Award for Best Science Fiction Novel:won:2008,insert,wikidata
person_awards,206:Ignotus Award for Best Foreign Novel:won:2009,insert,wikidata
person_awards,206:Sidewise Award for Alternate History:won:2007,insert,wikidata
person_awards,206:Sophie Brody Medal:won:2017,insert,wikidata
person_awards,206:Fernanda Pivano Award for American Literature:won:2013,insert,wikidata
person_awards,206:Mythopoeic Fantasy Award for Children's Literature:won:2003,insert,wikidata
person_awards,206:PEN/Faulkner Award for Fiction:nominated:2001,insert,wikidata
person_awards,206:Locus Award for Best Short Story:nominated:2002,insert,wikidata
person_awards,"206:Hugo Award for Best Dramatic Presentation, Long Form:nominated:2005",insert,wikidata
person_awards,206:Hammett Prize:nominated:2007,insert,wikidata
person_awards,206:Locus Award for Best Science Fiction Novel:nominated:2008,insert,wikidata
person_awards,206:Grand Prix de l'Imaginaire for Best Foreign Novel:nominated:2004,insert,wikidata
person_awards,206:BSFA Award for Best Novel:nominated:2007,insert,wikidata
person_awards,206:Locus Award for Best Young Adult Book:nominated:2003,insert,wikidata
person_awards,206:Locus Award for Best Anthology:nominated:2004,insert,wikidata
external_ids,person:206:bnf,insert,wikidata
external_ids,person:206:discogs,insert,wikidata
external_ids,person:206:freebase,insert,wikidata
external_ids,person:206:gnd,insert,wikidata
external_ids,person:206:imdb,insert,wikidata
external_ids,person:206:instagram,insert,wikidata
external_ids,person:206:loc,insert,wikidata
external_ids,person:206:musicbrainz_artist,insert,wikidata
external_ids,person:206:official_website,insert,wikidata
external_ids,person:206:tmdb_person,insert,wikidata
external_ids,person:206:viaf,insert,wikidata
external_ids,person:206:wikidata,insert,wikidata
people,207:nationality,fill,wikidata
person_citizenships,207:Israel,insert,wikidata
person_citizenships,207:United States,insert,wikidata
person_occupations,207:film producer,insert,wikidata
person_occupations,207:businessperson,insert,wikidata
person_occupations,207:executive producer,insert,wikidata
person_occupations,207:screenwriter,insert,wikidata
person_details,person:207,insert,wikidata
external_ids,person:207:allmovie,insert,wikidata
external_ids,person:207:allocine,insert,wikidata
external_ids,person:207:bnf,insert,wikidata
external_ids,person:207:freebase,insert,wikidata
external_ids,person:207:gnd,insert,wikidata
external_ids,person:207:imdb,insert,wikidata
external_ids,person:207:kinopoisk,insert,wikidata
external_ids,person:207:loc,insert,wikidata
external_ids,person:207:musicbrainz_artist,insert,wikidata
external_ids,person:207:svensk_film,insert,wikidata
external_ids,person:207:tmdb_person,insert,wikidata
external_ids,person:207:viaf,insert,wikidata
external_ids,person:207:wikidata,insert,wikidata
people,208:nationality,fill,wikidata
person_citizenships,208:United States,insert,wikidata
person_occupations,208:cinematographer,insert,wikidata
person_occupations,208:film actor,insert,wikidata
person_occupations,208:television director,insert,wikidata
person_details,person:208,insert,wikidata
person_awards,208:MTV Video Music Award for Best Cinematography:won:1988,insert,wikidata
person_awards,208:Chlotrudis Award for Best Cinematography:nominated:2000,insert,wikidata
external_ids,person:208:allmovie,insert,wikidata
external_ids,person:208:allocine,insert,wikidata
external_ids,person:208:bnf,insert,wikidata
external_ids,person:208:freebase,insert,wikidata
external_ids,person:208:gnd,insert,wikidata
external_ids,person:208:imdb,insert,wikidata
external_ids,person:208:kinopoisk,insert,wikidata
external_ids,person:208:loc,insert,wikidata
external_ids,person:208:musicbrainz_artist,insert,wikidata
external_ids,person:208:svensk_film,insert,wikidata
external_ids,person:208:tmdb_person,insert,wikidata
external_ids,person:208:viaf,insert,wikidata
external_ids,person:208:wikidata,insert,wikidata
people,209:birth_date,fill,wikidata
people,209:birth_place,fill,wikidata
people,209:nationality,fill,wikidata
person_citizenships,209:United States,insert,wikidata
person_occupations,209:costume designer,insert,wikidata
person_occupations,209:production designer,insert,wikidata
person_details,person:209,insert,wikidata
external_ids,person:209:freebase,insert,wikidata
external_ids,person:209:gnd,insert,wikidata
external_ids,person:209:imdb,insert,wikidata
external_ids,person:209:loc,insert,wikidata
external_ids,person:209:tmdb_person,insert,wikidata
external_ids,person:209:viaf,insert,wikidata
external_ids,person:209:wikidata,insert,wikidata
people,21:nationality,fill,wikidata
person_citizenships,21:United States,insert,wikidata
person_occupations,21:screenwriter,insert,wikidata
person_occupations,21:radio personality,insert,wikidata
person_occupations,21:voice actor,insert,wikidata
person_occupations,21:actor,insert,wikidata
person_occupations,21:manufacturer,insert,wikidata
person_occupations,21:director,insert,wikidata
person_occupations,21:film producer,insert,wikidata
person_occupations,21:film director,insert,wikidata
person_occupations,21:comedian,insert,wikidata
person_occupations,21:film actor,insert,wikidata
person_occupations,21:television actor,insert,wikidata
person_details,person:21,insert,wikidata
person_awards,21:Broadcast Film Critics Association Award for Best Supporting Actor:won:2004,insert,wikidata
person_awards,21:Screen Actors Guild Award for Outstanding Performance by a Cast in a Motion Picture:won:2005,insert,wikidata
person_awards,21:Los Angeles Film Critics Association Award for Best Supporting Actor:won:2004,insert,wikidata
person_awards,21:Independent Spirit Award for Best Supporting Male:won:2005,insert,wikidata
person_awards,21:National Society of Film Critics Award for Best Supporting Actor:won:2004,insert,wikidata
person_awards,21:Broadcast Film Critics Association Award for Best Cast:won:2004,insert,wikidata
person_awards,21:Primetime Emmy Award for Outstanding Supporting Actor in a Miniseries or a Movie:won:2007,insert,wikidata
person_awards,21:Academy Award for Best Supporting Actor:nominated:2005,insert,wikidata
external_ids,person:21:allmovie,insert,wikidata
external_ids,person:21:allocine,insert,wikidata
external_ids,person:21:bnf,insert,wikidata
external_ids,person:21:freebase,insert,wikidata
external_ids,person:21:gnd,insert,wikidata
external_ids,person:21:imdb,insert,wikidata
external_ids,person:21:kinopoisk,insert,wikidata
external_ids,person:21:loc,insert,wikidata
external_ids,person:21:svensk_film,insert,wikidata
external_ids,person:21:tmdb_person,insert,wikidata
external_ids,person:21:viaf,insert,wikidata
external_ids,person:21:wikidata,insert,wikidata
people,210:nationality,fill,wikidata
person_citizenships,210:United States,insert,wikidata
person_occupations,210:television actor,insert,wikidata
person_occupations,210:film actor,insert,wikidata
person_occupations,210:actor,insert,wikidata
person_occupations,210:voice actor,insert,wikidata
person_occupations,210:film producer,insert,wikidata
person_occupations,210:screenwriter,insert,wikidata
person_details,person:210,insert,wikidata
person_awards,210:Daytime Emmy Award:won:2013,insert,wikidata
external_ids,person:210:allmovie,insert,wikidata
external_ids,person:210:allocine,insert,wikidata
external_ids,person:210:bnf,insert,wikidata
external_ids,person:210:freebase,insert,wikidata
external_ids,person:210:gnd,insert,wikidata
external_ids,person:210:imdb,insert,wikidata
external_ids,person:210:instagram,insert,wikidata
external_ids,person:210:kinopoisk,insert,wikidata
external_ids,person:210:loc,insert,wikidata
external_ids,person:210:svensk_film,insert,wikidata
external_ids,person:210:tmdb_person,insert,wikidata
external_ids,person:210:twitter,insert,wikidata
external_ids,person:210:viaf,insert,wikidata
external_ids,person:210:wikidata,insert,wikidata
people,211:nationality,fill,wikidata
person_citizenships,211:United States,insert,wikidata
person_occupations,211:screenwriter,insert,wikidata
person_occupations,211:actor,insert,wikidata
person_occupations,211:physician,insert,wikidata
person_occupations,211:osteopath,insert,wikidata
person_details,person:211,insert,wikidata
external_ids,person:211:allmovie,insert,wikidata
external_ids,person:211:allocine,insert,wikidata
external_ids,person:211:bnf,insert,wikidata
external_ids,person:211:freebase,insert,wikidata
external_ids,person:211:gnd,insert,wikidata
external_ids,person:211:imdb,insert,wikidata
external_ids,person:211:kinopoisk,insert,wikidata
external_ids,person:211:loc,insert,wikidata
external_ids,person:211:svensk_film,insert,wikidata
external_ids,person:211:tmdb_person,insert,wikidata
external_ids,person:211:viaf,insert,wikidata
external_ids,person:211:wikidata,insert,wikidata
people,212:birth_date,fill,wikidata
people,212:birth_place,fill,wikidata
people,212:nationality,fill,wikidata
person_citizenships,212:United States,insert,wikidata
person_occupations,212:film producer,insert,wikidata
person_occupations,212:actor,insert,wikidata
person_details,person:212,insert,wikidata
external_ids,person:212:freebase,insert,wikidata
external_ids,person:212:imdb,insert,wikidata
external_ids,person:212:loc,insert,wikidata
external_ids,person:212:tmdb_person,insert,wikidata
external_ids,person:212:viaf,insert,wikidata
external_ids,person:212:wikidata,insert,wikidata
people,213:nationality,fill,wikidata
person_citizenships,213:United States,insert,wikidata
person_occupations,213:composer,insert,wikidata
person_occupations,213:music educator,insert,wikidata
person_occupations,213:film score composer,insert,wikidata
person_occupations,213:musician,insert,wikidata
person_details,person:213,insert,wikidata
external_ids,person:213:allmovie,insert,wikidata
external_ids,person:213:allocine,insert,wikidata
external_ids,person:213:bnf,insert,wikidata
external_ids,person:213:discogs,insert,wikidata
external_ids,person:213:freebase,insert,wikidata
external_ids,person:213:gnd,insert,wikidata
external_ids,person:213:imdb,insert,wikidata
external_ids,person:213:instagram,insert,wikidata
external_ids,person:213:kinopoisk,insert,wikidata
external_ids,person:213:loc,insert,wikidata
external_ids,person:213:musicbrainz_artist,insert,wikidata
external_ids,person:213:official_website,insert,wikidata
external_ids,person:213:svensk_film,insert,wikidata
external_ids,person:213:tmdb_person,insert,wikidata
external_ids,person:213:twitter,insert,wikidata
external_ids,person:213:viaf,insert,wikidata
external_ids,person:213:wikidata,insert,wikidata
people,214:nationality,fill,wikidata
person_citizenships,214:United States,insert,wikidata
person_citizenships,214:Ireland,insert,wikidata
person_occupations,214:actor,insert,wikidata
person_occupations,214:film actor,insert,wikidata
person_occupations,214:voice actor,insert,wikidata
person_occupations,214:film producer,insert,wikidata
person_occupations,214:television producer,insert,wikidata
person_occupations,214:stage actor,insert,wikidata
person_occupations,214:activist,insert,wikidata
person_occupations,214:television actor,insert,wikidata
person_occupations,214:film director,insert,wikidata
person_occupations,214:television director,insert,wikidata
person_occupations,214:director,insert,wikidata
person_details,person:214,insert,wikidata
person_awards,214:Screen Actors Guild Award for Outstanding Performance by an Ensemble in a Drama Series:won:2001,insert,wikidata
person_awards,214:Thomas Merton Award:won:2013,insert,wikidata
person_awards,214:Laetare Medal:won:2008,insert,wikidata
person_awards,214:Primetime Emmy Award for Outstanding Guest Actor in a Comedy Series:won:1994,insert,wikidata
person_awards,214:star on Hollywood Walk of Fame:won:None,insert,wikidata
person_awards,214:Golden Globe Award for Best Actor – Television Series Drama:won:2001,insert,wikidata
person_awards,214:Order of Danica Hrvatska:won:None,insert,wikidata
person_awards,214:Silver Shell for Best Actor:won:1974,insert,wikidata
person_awards,214:Thomas Merton Award:won:2012,insert,wikidata
person_awards,214:Screen Actors Guild Award for Outstanding Performance by a Male Actor in a Drama Series:won:2001,insert,wikidata
person_awards,214:Screen Actors Guild Award for Outstanding Performance by a Male Actor in a Drama Series:won:2002,insert,wikidata
person_awards,214:Tony Award for Best Featured Actor in a Play:nominated:1965,insert,wikidata
person_awards,214:Screen Actors Guild Award for Outstanding Performance by a Cast in a Motion Picture:nominated:2007,insert,wikidata
external_ids,person:214:allmovie,insert,wikidata
external_ids,person:214:allocine,insert,wikidata
external_ids,person:214:bnf,insert,wikidata
external_ids,person:214:discogs,insert,wikidata
external_ids,person:214:freebase,insert,wikidata
external_ids,person:214:gnd,insert,wikidata
external_ids,person:214:imdb,insert,wikidata
external_ids,person:214:kinopoisk,insert,wikidata
external_ids,person:214:loc,insert,wikidata
external_ids,person:214:musicbrainz_artist,insert,wikidata
external_ids,person:214:svensk_film,insert,wikidata
external_ids,person:214:tmdb_person,insert,wikidata
external_ids,person:214:viaf,insert,wikidata
external_ids,person:214:wikitree,insert,wikidata
external_ids,person:214:wikidata,insert,wikidata
people,215:nationality,fill,wikidata
person_citizenships,215:United States,insert,wikidata
person_occupations,215:film director,insert,wikidata
person_occupations,215:singer,insert,wikidata
person_occupations,215:voice actor,insert,wikidata
person_occupations,215:television actor,insert,wikidata
person_occupations,215:film actor,insert,wikidata
person_occupations,215:screenwriter,insert,wikidata
person_occupations,215:film producer,insert,wikidata
person_occupations,215:stage actor,insert,wikidata
person_occupations,215:manufacturer,insert,wikidata
person_occupations,215:director,insert,wikidata
person_details,person:215,insert,wikidata
person_awards,215:Academy Award for Best Actress:won:1980,insert,wikidata
person_awards,215:Academy Award for Best Actress:won:1985,insert,wikidata
person_awards,215:Crystal Award:won:1986,insert,wikidata
person_awards,215:Fellow of the American Academy of Arts and Sciences:won:None,insert,wikidata
person_awards,215:Primetime Emmy Award for Outstanding Lead Actress in a Drama Series:won:2007,insert,wikidata
person_awards,215:Primetime Emmy Award for Outstanding Guest Actress in a Drama Series:won:2001,insert,wikidata
person_awards,215:star on Hollywood Walk of Fame:won:None,insert,wikidata
person_awards,215:National Medal of Arts:won:2014,insert,wikidata
person_awards,215:Kennedy Center Honors:won:2019,insert,wikidata
person_awards,215:Hasty Pudding Woman of the Year:won:1986,insert,wikidata
person_awards,215:Screen Actors Guild Award for Outstanding Performance by a Female Actor in a Drama Series:won:None,insert,wikidata
person_awards,215:Screen Actors Guild Life Achievement Award:won:None,insert,wikidata
person_awards,215:Academy Award for Best Supporting Actress:nominated:2013,insert,wikidata
person_awards,215:Academy Award for Best Actress:nominated:1980,insert,wikidata
person_awards,215:Academy Award for Best Actress:nominated:1985,insert,wikidata
person_awards,215:Golden Raspberry Award for Worst Actress:nominated:1992,insert,wikidata
external_ids,person:215:allmovie,insert,wikidata
external_ids,person:215:allocine,insert,wikidata
external_ids,person:215:bnf,insert,wikidata
external_ids,person:215:discogs,insert,wikidata
external_ids,person:215:freebase,insert,wikidata
external_ids,person:215:gnd,insert,wikidata
external_ids,person:215:imdb,insert,wikidata
external_ids,person:215:instagram,insert,wikidata
external_ids,person:215:kinopoisk,insert,wikidata
external_ids,person:215:loc,insert,wikidata
external_ids,person:215:musicbrainz_artist,insert,wikidata
external_ids,person:215:svensk_film,insert,wikidata
external_ids,person:215:tmdb_person,insert,wikidata
external_ids,person:215:twitter,insert,wikidata
external_ids,person:215:viaf,insert,wikidata
external_ids,person:215:wikitree,insert,wikidata
external_ids,person:215:wikidata,insert,wikidata
people,216:nationality,fill,wikidata
person_citizenships,216:United States,insert,wikidata
person_citizenships,216:South Africa,insert,wikidata
person_occupations,216:stage actor,insert,wikidata
person_occupations,216:film actor,insert,wikidata
person_occupations,216:television actor,insert,wikidata
person_occupations,216:actor,insert,wikidata
person_occupations,216:film director,insert,wikidata
person_occupations,216:film producer,insert,wikidata
person_details,person:216,insert,wikidata
external_ids,person:216:allmovie,insert,wikidata
external_ids,person:216:allocine,insert,wikidata
external_ids,person:216:bnf,insert,wikidata
external_ids,person:216:freebase,insert,wikidata
external_ids,person:216:gnd,insert,wikidata
external_ids,person:216:imdb,insert,wikidata
external_ids,person:216:instagram,insert,wikidata
external_ids,person:216:kinopoisk,insert,wikidata
external_ids,person:216:loc,insert,wikidata
external_ids,person:216:svensk_film,insert,wikidata
external_ids,person:216:tmdb_person,insert,wikidata
external_ids,person:216:twitter,insert,wikidata
external_ids,person:216:viaf,insert,wikidata
external_ids,person:216:wikidata,insert,wikidata
people,217:nationality,fill,wikidata
person_citizenships,217:United States,insert,wikidata
person_occupations,217:film director,insert,wikidata
person_occupations,217:screenwriter,insert,wikidata
person_occupations,217:motorcycle racer,insert,wikidata
person_occupations,217:television director,insert,wikidata
person_occupations,217:television producer,insert,wikidata
person_occupations,217:director,insert,wikidata
person_details,person:217,insert,wikidata
external_ids,person:217:allmovie,insert,wikidata
external_ids,person:217:allocine,insert,wikidata
external_ids,person:217:bnf,insert,wikidata
external_ids,person:217:discogs,insert,wikidata
external_ids,person:217:freebase,insert,wikidata
external_ids,person:217:gnd,insert,wikidata
external_ids,person:217:imdb,insert,wikidata
external_ids,person:217:kinopoisk,insert,wikidata
external_ids,person:217:loc,insert,wikidata
external_ids,person:217:musicbrainz_artist,insert,wikidata
external_ids,person:217:quora,insert,wikidata
external_ids,person:217:svensk_film,insert,wikidata
external_ids,person:217:tmdb_person,insert,wikidata
external_ids,person:217:twitter,insert,wikidata
external_ids,person:217:viaf,insert,wikidata
external_ids,person:217:wikidata,insert,wikidata
people,218:nationality,fill,wikidata
person_citizenships,218:United States,insert,wikidata
person_occupations,218:screenwriter,insert,wikidata
person_occupations,218:film producer,insert,wikidata
person_occupations,218:film director,insert,wikidata
person_occupations,218:executive producer,insert,wikidata
person_occupations,218:director,insert,wikidata
person_details,person:218,insert,wikidata
external_ids,person:218:allmovie,insert,wikidata
external_ids,person:218:allocine,insert,wikidata
external_ids,person:218:bnf,insert,wikidata
external_ids,person:218:freebase,insert,wikidata
external_ids,person:218:gnd,insert,wikidata
external_ids,person:218:imdb,insert,wikidata
external_ids,person:218:kinopoisk,insert,wikidata
external_ids,person:218:loc,insert,wikidata
external_ids,person:218:svensk_film,insert,wikidata
external_ids,person:218:tmdb_person,insert,wikidata
external_ids,person:218:viaf,insert,wikidata
external_ids,person:218:wikidata,insert,wikidata
people,219:nationality,fill,wikidata
person_citizenships,219:United States,insert,wikidata
person_occupations,219:screenwriter,insert,wikidata
person_occupations,219:film director,insert,wikidata
person_occupations,219:writer,insert,wikidata
person_occupations,219:director,insert,wikidata
person_details,person:219,insert,wikidata
person_awards,219:Sutherland Trophy:won:1990,insert,wikidata
person_awards,219:Critics' Choice Movie Award for Best Adapted Screenplay:won:2000,insert,wikidata
person_awards,"219:Academy Award for Best Writing, Adapted Screenplay:nominated:2001",insert,wikidata
person_awards,219:National Society of Film Critics Award for Best Screenplay:nominated:1989,insert,wikidata
person_awards,219:Writers Guild of America Award for Best Original Screenplay:nominated:1990,insert,wikidata
person_awards,219:National Society of Film Critics Award for Best Screenplay:nominated:2000,insert,wikidata
person_awards,219:Critics' Choice Movie Award for Best Adapted Screenplay:nominated:2000,insert,wikidata
person_awards,219:Golden Globe Award for Best Screenplay:nominated:2000,insert,wikidata
person_awards,219:BAFTA Award for Best Adapted Screenplay:nominated:2001,insert,wikidata
person_awards,219:Writers Guild of America Award for Best Adapted Screenplay:nominated:2001,insert,wikidata
person_awards,219:Hugo Award for Best Dramatic Presentation:nominated:2002,insert,wikidata
person_awards,"219:Hugo Award for Best Dramatic Presentation, Long Form:nominated:2003",insert,wikidata
person_awards,"219:Hugo Award for Best Dramatic Presentation, Long Form:nominated:2005",insert,wikidata
person_awards,"219:Hugo Award for Best Dramatic Presentation, Long Form:nominated:2006",insert,wikidata
person_awards,"219:Hugo Award for Best Dramatic Presentation, Long Form:nominated:2011",insert,wikidata
person_awards,"219:Hugo Award for Best Dramatic Presentation, Long Form:nominated:2012",insert,wikidata
external_ids,person:219:allmovie,insert,wikidata
external_ids,person:219:allocine,insert,wikidata
external_ids,person:219:bnf,insert,wikidata
external_ids,person:219:discogs,insert,wikidata
external_ids,person:219:freebase,insert,wikidata
external_ids,person:219:gnd,insert,wikidata
external_ids,person:219:imdb,insert,wikidata
external_ids,person:219:kinopoisk,insert,wikidata
external_ids,person:219:loc,insert,wikidata
external_ids,person:219:tmdb_person,insert,wikidata
external_ids,person:219:viaf,insert,wikidata
external_ids,person:219:wikidata,insert,wikidata
people,22:nationality,fill,wikidata
person_citizenships,22:United States,insert,wikidata
person_occupations,22:film actor,insert,wikidata
person_occupations,22:film director,insert,wikidata
person_occupations,22:screenwriter,insert,wikidata
person_occupations,22:actor,insert,wikidata
person_occupations,22:stage actor,insert,wikidata
person_occupations,22:television actor,insert,wikidata
person_details,person:22,insert,wikidata
person_awards,22:Hasty Pudding Woman of the Year:won:2019,insert,wikidata
person_awards,22:Screen Actors Guild Award for Outstanding Performance by a Cast in a Motion Picture:won:None,insert,wikidata
external_ids,person:22:allmovie,insert,wikidata
external_ids,person:22:allocine,insert,wikidata
external_ids,person:22:bnf,insert,wikidata
external_ids,person:22:freebase,insert,wikidata
external_ids,person:22:gnd,insert,wikidata
external_ids,person:22:imdb,insert,wikidata
external_ids,person:22:instagram,insert,wikidata
external_ids,person:22:kinopoisk,insert,wikidata
external_ids,person:22:loc,insert,wikidata
external_ids,person:22:musicbrainz_artist,insert,wikidata
external_ids,person:22:official_website,insert,wikidata
external_ids,person:22:svensk_film,insert,wikidata
external_ids,person:22:tmdb_person,insert,wikidata
external_ids,person:22:twitter,insert,wikidata
external_ids,person:22:viaf,insert,wikidata
external_ids,person:22:wikidata,insert,wikidata
people,220:nationality,fill,wikidata
person_citizenships,220:United States,insert,wikidata
person_occupations,220:film producer,insert,wikidata
person_details,person:220,insert,wikidata
external_ids,person:220:imdb,insert,wikidata
external_ids,person:220:loc,insert,wikidata
external_ids,person:220:tmdb_person,insert,wikidata
external_ids,person:220:viaf,insert,wikidata
external_ids,person:220:wikidata,insert,wikidata
people,221:nationality,fill,wikidata
person_citizenships,221:United States,insert,wikidata
person_occupations,221:composer,insert,wikidata
person_occupations,221:conductor,insert,wikidata
person_occupations,221:orchestrator,insert,wikidata
person_occupations,221:film score composer,insert,wikidata
person_occupations,221:musician,insert,wikidata
person_occupations,221:bandleader,insert,wikidata
person_details,person:221,insert,wikidata
person_awards,221:Grammy Award for Song of the Year:won:1987,insert,wikidata
person_awards,221:Grammy Award for Best Song Written for Visual Media:won:1987,insert,wikidata
person_awards,221:Grammy Award for Best Score Soundtrack for Visual Media:won:1990,insert,wikidata
person_awards,221:Academy Award for Best Original Song:won:1998,insert,wikidata
person_awards,221:Golden Globe Award for Best Original Score:won:1997,insert,wikidata
person_awards,221:Golden Globe Award for Best Original Song:won:1997,insert,wikidata
person_awards,221:Las Vegas Film Critics Society Award for Best Song:won:1998,insert,wikidata
person_awards,221:Satellite Award for Best Original Song:won:1998,insert,wikidata
person_awards,221:Satellite Award for Best Original Score:won:1998,insert,wikidata
person_awards,221:Chicago Film Critics Association Award for Best Original Score:won:1998,insert,wikidata
person_awards,221:Grammy Award for Song of the Year:won:1998,insert,wikidata
person_awards,221:Grammy Award for Best Song Written for Visual Media:won:1998,insert,wikidata
person_awards,221:Grammy Award for Record of the Year:won:1998,insert,wikidata
person_awards,221:Academy Award for Best Original Dramatic Score:won:1998,insert,wikidata
person_awards,221:Grammy Award for Song of the Year:nominated:1987,insert,wikidata
person_awards,221:Academy Award for Best Original Song:nominated:1987,insert,wikidata
person_awards,221:Golden Globe Award for Best Original Song:nominated:1986,insert,wikidata
person_awards,221:Academy Award for Best Original Score:nominated:1987,insert,wikidata
person_awards,221:Grammy Award for Best Song Written for Visual Media:nominated:1987,insert,wikidata
person_awards,221:Academy Award for Best Original Score:nominated:1990,insert,wikidata
person_awards,221:Golden Globe Award for Best Original Score:nominated:1989,insert,wikidata
person_awards,221:Grammy Award for Best Score Soundtrack for Visual Media:nominated:1990,insert,wikidata
person_awards,221:Golden Globe Award for Best Original Song:nominated:1991,insert,wikidata
person_awards,221:Golden Globe Award for Best Original Score:nominated:1994,insert,wikidata
person_awards,221:Golden Globe Award for Best Original Score:nominated:1995,insert,wikidata
person_awards,221:Grammy Award for Best Song Written for Visual Media:nominated:1995,insert,wikidata
person_awards,221:BAFTA Award for Best Original Music:nominated:1996,insert,wikidata
person_awards,221:Academy Award for Best Original Song:nominated:1997,insert,wikidata
person_awards,221:Golden Globe Award for Best Original Score:nominated:1997,insert,wikidata
person_awards,221:Golden Globe Award for Best Original Song:nominated:1997,insert,wikidata
person_awards,221:Grammy Award for Song of the Year:nominated:1998,insert,wikidata
person_awards,221:Satellite Award for Best Original Score:nominated:1998,insert,wikidata
person_awards,221:Chicago Film Critics Association Award for Best Original Score:nominated:1998,insert,wikidata
person_awards,221:Las Vegas Film Critics Society Award for Best Song:nominated:1998,insert,wikidata
person_awards,221:Grammy Award for Best Song Written for Visual Media:nominated:1998,insert,wikidata
person_awards,221:BAFTA Award for Best Original Music:nominated:1998,insert,wikidata
person_awards,221:Grammy Award for Record of the Year:nominated:1998,insert,wikidata
person_awards,221:Satellite Award for Best Original Song:nominated:1998,insert,wikidata
person_awards,221:Juno Award for International Album of the Year:nominated:1999,insert,wikidata
person_awards,221:Satellite Award for Best Original Song:nominated:2001,insert,wikidata
person_awards,221:Golden Globe Award for Best Original Score:nominated:2001,insert,wikidata
person_awards,221:Academy Award for Best Original Score:nominated:2002,insert,wikidata
person_awards,221:Satellite Award for Best Original Score:nominated:2002,insert,wikidata
person_awards,221:Satellite Award for Best Original Song:nominated:2002,insert,wikidata
person_awards,221:Academy Award for Best Original Score:nominated:2004,insert,wikidata
person_awards,221:Satellite Award for Best Original Score:nominated:2004,insert,wikidata
person_awards,221:Broadcast Film Critics Association Award for Best Composer:nominated:2005,insert,wikidata
person_awards,221:Academy Award for Best Original Score:nominated:2010,insert,wikidata
person_awards,221:Golden Globe Award for Best Original Song:nominated:2009,insert,wikidata
person_awards,221:Golden Globe Award for Best Original Score:nominated:2009,insert,wikidata
person_awards,221:BAFTA Award for Best Original Music:nominated:2010,insert,wikidata
person_awards,221:Grammy Award for Best Score Soundtrack for Visual Media:nominated:2010,insert,wikidata
person_awards,221:Grammy Award for Best Song Written for Visual Media:nominated:2010,insert,wikidata
person_awards,221:Academy Award for Best Original Dramatic Score:nominated:1996,insert,wikidata
person_awards,221:Academy Award for Best Original Dramatic Score:nominated:1998,insert,wikidata
external_ids,person:221:allmovie,insert,wikidata
external_ids,person:221:allocine,insert,wikidata
external_ids,person:221:bnf,insert,wikidata
external_ids,person:221:discogs,insert,wikidata
external_ids,person:221:find_a_grave,insert,wikidata
external_ids,person:221:freebase,insert,wikidata
external_ids,person:221:gnd,insert,wikidata
external_ids,person:221:imdb,insert,wikidata
external_ids,person:221:kinopoisk,insert,wikidata
external_ids,person:221:loc,insert,wikidata
external_ids,person:221:musicbrainz_artist,insert,wikidata
external_ids,person:221:official_website,insert,wikidata
external_ids,person:221:quora,insert,wikidata
external_ids,person:221:svensk_film,insert,wikidata
external_ids,person:221:tmdb_person,insert,wikidata
external_ids,person:221:viaf,insert,wikidata
external_ids,person:221:wikitree,insert,wikidata
external_ids,person:221:wikidata,insert,wikidata
people,222:nationality,fill,wikidata
person_citizenships,222:United States,insert,wikidata
person_occupations,222:cinematographer,insert,wikidata
person_details,person:222,insert,wikidata
person_awards,222:Academy Award for Best Cinematography:nominated:2004,insert,wikidata
external_ids,person:222:allmovie,insert,wikidata
external_ids,person:222:allocine,insert,wikidata
external_ids,person:222:freebase,insert,wikidata
external_ids,person:222:gnd,insert,wikidata
external_ids,person:222:imdb,insert,wikidata
external_ids,person:222:kinopoisk,insert,wikidata
external_ids,person:222:loc,insert,wikidata
external_ids,person:222:svensk_film,insert,wikidata
external_ids,person:222:tmdb_person,insert,wikidata
external_ids,person:222:viaf,insert,wikidata
external_ids,person:222:wikitree,insert,wikidata
external_ids,person:222:wikidata,insert,wikidata
people,223:wikidata_id,fill,wikidata
people,223:birth_place,fill,wikidata
person_occupations,223:film editor,insert,wikidata
person_details,person:223,insert,wikidata
external_ids,person:223:freebase,insert,wikidata
external_ids,person:223:gnd,insert,wikidata
external_ids,person:223:imdb,insert,wikidata
external_ids,person:223:tmdb_person,insert,wikidata
external_ids,person:223:viaf,insert,wikidata
external_ids,person:223:wikidata,insert,wikidata
people,224:nationality,fill,wikidata
person_citizenships,224:Italy,insert,wikidata
person_occupations,224:film editor,insert,wikidata
person_occupations,224:film producer,insert,wikidata
person_details,person:224,insert,wikidata
person_awards,224:Academy Award for Best Film Editing:won:1992,insert,wikidata
person_awards,224:Academy Award for Best Film Editing:won:2002,insert,wikidata
person_awards,224:Academy Award for Best Film Editing:nominated:1992,insert,wikidata
person_awards,224:Academy Award for Best Film Editing:nominated:1998,insert,wikidata
person_awards,224:Academy Award for Best Film Editing:nominated:2001,insert,wikidata
person_awards,224:Academy Award for Best Film Editing:nominated:2002,insert,wikidata
external_ids,person:224:allmovie,insert,wikidata
external_ids,person:224:allocine,insert,wikidata
external_ids,person:224:freebase,insert,wikidata
external_ids,person:224:gnd,insert,wikidata
external_ids,person:224:imdb,insert,wikidata
external_ids,person:224:kinopoisk,insert,wikidata
external_ids,person:224:loc,insert,wikidata
external_ids,person:224:svensk_film,insert,wikidata
external_ids,person:224:tmdb_person,insert,wikidata
external_ids,person:224:viaf,insert,wikidata
external_ids,person:224:wikidata,insert,wikidata
people,225:nationality,fill,wikidata
person_citizenships,225:United States,insert,wikidata
person_occupations,225:screenwriter,insert,wikidata
person_occupations,225:film director,insert,wikidata
person_occupations,225:film producer,insert,wikidata
person_occupations,225:executive producer,insert,wikidata
person_occupations,225:showrunner,insert,wikidata
person_occupations,225:television producer,insert,wikidata
person_occupations,225:director,insert,wikidata
person_details,person:225,insert,wikidata
person_awards,225:The George Pal Memorial Award:won:None,insert,wikidata
external_ids,person:225:allmovie,insert,wikidata
external_ids,person:225:allocine,insert,wikidata
external_ids,person:225:bnf,insert,wikidata
external_ids,person:225:freebase,insert,wikidata
external_ids,person:225:gnd,insert,wikidata
external_ids,person:225:imdb,insert,wikidata
external_ids,person:225:kinopoisk,insert,wikidata
external_ids,person:225:loc,insert,wikidata
external_ids,person:225:svensk_film,insert,wikidata
external_ids,person:225:tmdb_person,insert,wikidata
external_ids,person:225:viaf,insert,wikidata
external_ids,person:225:wikidata,insert,wikidata
people,226:nationality,fill,wikidata
person_citizenships,226:United States,insert,wikidata
person_citizenships,226:Mexico,insert,wikidata
person_occupations,226:screenwriter,insert,wikidata
person_occupations,226:film producer,insert,wikidata
person_occupations,226:television producer,insert,wikidata
person_occupations,226:film director,insert,wikidata
person_details,person:226,insert,wikidata
person_awards,226:The George Pal Memorial Award:won:None,insert,wikidata
external_ids,person:226:allmovie,insert,wikidata
external_ids,person:226:allocine,insert,wikidata
external_ids,person:226:bnf,insert,wikidata
external_ids,person:226:freebase,insert,wikidata
external_ids,person:226:gnd,insert,wikidata
external_ids,person:226:imdb,insert,wikidata
external_ids,person:226:kinopoisk,insert,wikidata
external_ids,person:226:loc,insert,wikidata
external_ids,person:226:svensk_film,insert,wikidata
external_ids,person:226:tmdb_person,insert,wikidata
external_ids,person:226:viaf,insert,wikidata
external_ids,person:226:wikidata,insert,wikidata
people,227:nationality,fill,wikidata
person_citizenships,227:United States,insert,wikidata
person_occupations,227:television producer,insert,wikidata
person_occupations,227:screenwriter,insert,wikidata
person_occupations,227:executive producer,insert,wikidata
person_occupations,227:film producer,insert,wikidata
person_occupations,227:showrunner,insert,wikidata
person_occupations,227:director,insert,wikidata
person_details,person:227,insert,wikidata
external_ids,person:227:allmovie,insert,wikidata
external_ids,person:227:allocine,insert,wikidata
external_ids,person:227:bnf,insert,wikidata
external_ids,person:227:freebase,insert,wikidata
external_ids,person:227:gnd,insert,wikidata
external_ids,person:227:imdb,insert,wikidata
external_ids,person:227:kinopoisk,insert,wikidata
external_ids,person:227:loc,insert,wikidata
external_ids,person:227:svensk_film,insert,wikidata
external_ids,person:227:tmdb_person,insert,wikidata
external_ids,person:227:viaf,insert,wikidata
external_ids,person:227:wikidata,insert,wikidata
people,228:nationality,fill,wikidata
person_citizenships,228:Germany,insert,wikidata
person_citizenships,228:United States,insert,wikidata
person_occupations,228:composer,insert,wikidata
person_occupations,228:guitarist,insert,wikidata
person_occupations,228:pianist,insert,wikidata
person_occupations,228:record producer,insert,wikidata
person_occupations,228:film score composer,insert,wikidata
person_occupations,228:musician,insert,wikidata
person_details,person:228,insert,wikidata
person_awards,228:Academy Award for Best Original Score:won:1995,insert,wikidata
person_awards,228:Officer's Cross of the Order of Merit of the Federal Republic of Germany:won:2018,insert,wikidata
person_awards,228:Stephen Hawking Medal For Science Communication:won:2016,insert,wikidata
person_awards,228:Gold Medal of Merit in the Fine Arts:won:2020,insert,wikidata
person_awards,228:Goethe Plaque of the City of Frankfurt:won:2021,insert,wikidata
person_awards,"228:Grammy Award for Best Arrangement, Instrumental and Vocals:won:1995",insert,wikidata
person_awards,228:star on Hollywood Walk of Fame:won:2010,insert,wikidata
person_awards,228:Golden Globe Award for Best Original Score:won:2021,insert,wikidata
person_awards,228:Academy Award for Best Original Score:won:2022,insert,wikidata
person_awards,228:Saturn Awards:won:None,insert,wikidata
person_awards,228:Disney Legends:won:2019,insert,wikidata
person_awards,228:Classic Brit Awards:won:None,insert,wikidata
person_awards,228:Academy Award for Best Original Score:nominated:1989,insert,wikidata
person_awards,228:Academy Award for Best Original Score:nominated:1995,insert,wikidata
person_awards,228:Academy Award for Best Original Musical or Comedy Score:nominated:1997,insert,wikidata
person_awards,228:Academy Award for Best Original Musical or Comedy Score:nominated:1998,insert,wikidata
person_awards,228:Academy Award for Best Original Musical or Comedy Score:nominated:1999,insert,wikidata
person_awards,228:Academy Award for Best Original Dramatic Score:nominated:1999,insert,wikidata
person_awards,228:Academy Award for Best Original Score:nominated:2001,insert,wikidata
person_awards,228:Academy Award for Best Original Score:nominated:2010,insert,wikidata
person_awards,228:Academy Award for Best Original Score:nominated:2011,insert,wikidata
person_awards,228:Academy Award for Best Original Score:nominated:2015,insert,wikidata
person_awards,228:Academy Award for Best Original Score:nominated:2022,insert,wikidata
person_awards,228:Academy Award for Best Original Score:nominated:2018,insert,wikidata
person_awards,228:Tony Award for Best Original Score:nominated:1998,insert,wikidata
external_ids,person:228:allmovie,insert,wikidata
external_ids,person:228:allocine,insert,wikidata
external_ids,person:228:bnf,insert,wikidata
external_ids,person:228:discogs,insert,wikidata
external_ids,person:228:freebase,insert,wikidata
external_ids,person:228:gnd,insert,wikidata
external_ids,person:228:imdb,insert,wikidata
external_ids,person:228:instagram,insert,wikidata
external_ids,person:228:kinopoisk,insert,wikidata
external_ids,person:228:loc,insert,wikidata
external_ids,person:228:musicbrainz_artist,insert,wikidata
external_ids,person:228:official_website,insert,wikidata
external_ids,person:228:quora,insert,wikidata
external_ids,person:228:svensk_film,insert,wikidata
external_ids,person:228:tmdb_person,insert,wikidata
external_ids,person:228:twitter,insert,wikidata
external_ids,person:228:viaf,insert,wikidata
external_ids,person:228:wikitree,insert,wikidata
external_ids,person:228:wikidata,insert,wikidata
people,23:nationality,fill,wikidata
person_citizenships,23:United States,insert,wikidata
person_occupations,23:television actor,insert,wikidata
person_occupations,23:film actor,insert,wikidata
person_occupations,23:character actor,insert,wikidata
person_occupations,23:stage actor,insert,wikidata
person_occupations,23:voice actor,insert,wikidata
person_occupations,23:actor,insert,wikidata
person_details,person:23,insert,wikidata
person_awards,23:Primetime Emmy Award for Outstanding Supporting Actor in a Miniseries or a Movie:won:2013,insert,wikidata
person_awards,23:Academy Award for Best Supporting Actor:nominated:1996,insert,wikidata
external_ids,person:23:allmovie,insert,wikidata
external_ids,person:23:allocine,insert,wikidata
external_ids,person:23:bnf,insert,wikidata
external_ids,person:23:discogs,insert,wikidata
external_ids,person:23:freebase,insert,wikidata
external_ids,person:23:gnd,insert,wikidata
external_ids,person:23:imdb,insert,wikidata
external_ids,person:23:kinopoisk,insert,wikidata
external_ids,person:23:loc,insert,wikidata
external_ids,person:23:svensk_film,insert,wikidata
external_ids,person:23:tmdb_person,insert,wikidata
external_ids,person:23:viaf,insert,wikidata
external_ids,person:23:wikidata,insert,wikidata
people,230:nationality,fill,wikidata
person_citizenships,230:South Africa,insert,wikidata
person_citizenships,230:United States,insert,wikidata
person_occupations,230:cinematographer,insert,wikidata
person_details,person:230,insert,wikidata
external_ids,person:230:allocine,insert,wikidata
external_ids,person:230:freebase,insert,wikidata
external_ids,person:230:gnd,insert,wikidata
external_ids,person:230:imdb,insert,wikidata
external_ids,person:230:instagram,insert,wikidata
external_ids,person:230:kinopoisk,insert,wikidata
external_ids,person:230:loc,insert,wikidata
external_ids,person:230:tmdb_person,insert,wikidata
external_ids,person:230:viaf,insert,wikidata
external_ids,person:230:wikidata,insert,wikidata
people,231:nationality,fill,wikidata
person_citizenships,231:United States,insert,wikidata
person_occupations,231:television actor,insert,wikidata
person_occupations,231:film actor,insert,wikidata
person_occupations,231:singer,insert,wikidata
person_occupations,231:voice actor,insert,wikidata
person_occupations,231:fashion model,insert,wikidata
person_occupations,231:dancer,insert,wikidata
person_details,person:231,insert,wikidata
person_awards,231:Primetime Emmy Award for Outstanding Lead Actress in a Drama Series:won:2020,insert,wikidata
person_awards,"231:Black Reel Award for Outstanding Actress, Drama Series:won:2020",insert,wikidata
person_awards,231:Kids' Choice Award for Favorite TV Actress:won:2016,insert,wikidata
person_awards,231:Kids' Choice Award for Favorite TV Actress:won:2017,insert,wikidata
person_awards,231:Kids' Choice Award for Favorite TV Actress:won:2019,insert,wikidata
person_awards,231:Satellite Award for Best Actress – Television Series Drama:won:2020,insert,wikidata
person_awards,231:Saturn Award for Best Supporting Actress:won:2019,insert,wikidata
person_awards,231:Primetime Emmy Award for Outstanding Lead Actress in a Drama Series:won:2022,insert,wikidata
person_awards,231:Time 100:won:2022,insert,wikidata
person_awards,231:Golden Globe Award for Best Actress – Television Series Drama:won:2023,insert,wikidata
person_awards,231:Crystal Award:won:2021,insert,wikidata
external_ids,person:231:allmovie,insert,wikidata
external_ids,person:231:allocine,insert,wikidata
external_ids,person:231:bnf,insert,wikidata
external_ids,person:231:discogs,insert,wikidata
external_ids,person:231:freebase,insert,wikidata
external_ids,person:231:gnd,insert,wikidata
external_ids,person:231:imdb,insert,wikidata
external_ids,person:231:instagram,insert,wikidata
external_ids,person:231:kinopoisk,insert,wikidata
external_ids,person:231:loc,insert,wikidata
external_ids,person:231:musicbrainz_artist,insert,wikidata
external_ids,person:231:official_website,insert,wikidata
external_ids,person:231:omni,insert,wikidata
external_ids,person:231:quora,insert,wikidata
external_ids,person:231:svensk_film,insert,wikidata
external_ids,person:231:tmdb_person,insert,wikidata
external_ids,person:231:twitter,insert,wikidata
external_ids,person:231:viaf,insert,wikidata
external_ids,person:231:wikitree,insert,wikidata
external_ids,person:231:wikidata,insert,wikidata
people,232:nationality,fill,wikidata
person_citizenships,232:United States,insert,wikidata
person_occupations,232:actor,insert,wikidata
person_occupations,232:model,insert,wikidata
person_occupations,232:film actor,insert,wikidata
person_occupations,232:television actor,insert,wikidata
person_details,person:232,insert,wikidata
external_ids,person:232:allmovie,insert,wikidata
external_ids,person:232:allocine,insert,wikidata
external_ids,person:232:freebase,insert,wikidata
external_ids,person:232:imdb,insert,wikidata
external_ids,person:232:instagram,insert,wikidata
external_ids,person:232:kinopoisk,insert,wikidata
external_ids,person:232:loc,insert,wikidata
external_ids,person:232:tmdb_person,insert,wikidata
external_ids,person:232:twitter,insert,wikidata
external_ids,person:232:viaf,insert,wikidata
external_ids,person:232:wikidata,insert,wikidata
people,233:nationality,fill,wikidata
person_citizenships,233:United States,insert,wikidata
person_occupations,233:actor,insert,wikidata
person_occupations,233:screenwriter,insert,wikidata
person_occupations,233:songwriter,insert,wikidata
person_occupations,233:stand-up comedian,insert,wikidata
person_occupations,233:rapper,insert,wikidata
person_occupations,233:singer,insert,wikidata
person_occupations,233:record producer,insert,wikidata
person_occupations,233:disc jockey,insert,wikidata
person_occupations,233:television actor,insert,wikidata
person_occupations,233:film actor,insert,wikidata
person_occupations,233:film producer,insert,wikidata
person_occupations,233:voice actor,insert,wikidata
person_occupations,233:showrunner,insert,wikidata
person_occupations,233:television producer,insert,wikidata
person_occupations,233:television director,insert,wikidata
person_occupations,233:film director,insert,wikidata
person_occupations,233:musician,insert,wikidata
person_occupations,233:comedian,insert,wikidata
person_occupations,233:composer,insert,wikidata
person_details,person:233,insert,wikidata
person_awards,233:Writers Guild of America Award:won:None,insert,wikidata
person_awards,233:Grammy Award for Best R&B Song:won:2015,insert,wikidata
person_awards,233:Golden Globe Award for Best Actor – Television Series Musical or Comedy:won:2017,insert,wikidata
person_awards,233:Primetime Emmy Award for Outstanding Lead Actor in a Comedy Series:won:2017,insert,wikidata
person_awards,233:Primetime Emmy Award for Outstanding Directing for a Comedy Series:won:2017,insert,wikidata
person_awards,233:Grammy Award for Best Traditional R&B Performance:won:2015,insert,wikidata
person_awards,233:Grammy Award for Best Music Video:won:2018,insert,wikidata
person_awards,233:Grammy Award for Best Melodic Rap Performance:won:2018,insert,wikidata
person_awards,233:Grammy Award for Song of the Year:won:2018,insert,wikidata
person_awards,233:Golden Globe Award for Best Actor – Television Series Musical or Comedy:nominated:2023,insert,wikidata
external_ids,person:233:allmovie,insert,wikidata
external_ids,person:233:allocine,insert,wikidata
external_ids,person:233:bnf,insert,wikidata
external_ids,person:233:discogs,insert,wikidata
external_ids,person:233:freebase,insert,wikidata
external_ids,person:233:gnd,insert,wikidata
external_ids,person:233:imdb,insert,wikidata
external_ids,person:233:instagram,insert,wikidata
external_ids,person:233:kinopoisk,insert,wikidata
external_ids,person:233:loc,insert,wikidata
external_ids,person:233:musicbrainz_artist,insert,wikidata
external_ids,person:233:official_website,insert,wikidata
external_ids,person:233:quora,insert,wikidata
external_ids,person:233:svensk_film,insert,wikidata
external_ids,person:233:tmdb_person,insert,wikidata
external_ids,person:233:twitter,insert,wikidata
external_ids,person:233:viaf,insert,wikidata
external_ids,person:233:wikitree,insert,wikidata
external_ids,person:233:wikidata,insert,wikidata
people,234:nationality,fill,wikidata
person_citizenships,234:United States,insert,wikidata
person_occupations,234:film director,insert,wikidata
person_occupations,234:film producer,insert,wikidata
person_occupations,234:screenwriter,insert,wikidata
person_occupations,234:director,insert,wikidata
person_details,person:234,insert,wikidata
external_ids,person:234:allmovie,insert,wikidata
external_ids,person:234:allocine,insert,wikidata
external_ids,person:234:bnf,insert,wikidata
external_ids,person:234:freebase,insert,wikidata
external_ids,person:234:gnd,insert,wikidata
external_ids,person:234:imdb,insert,wikidata
external_ids,person:234:instagram,insert,wikidata
external_ids,person:234:kinopoisk,insert,wikidata
external_ids,person:234:loc,insert,wikidata
external_ids,person:234:musicbrainz_artist,insert,wikidata
external_ids,person:234:official_website,insert,wikidata
external_ids,person:234:svensk_film,insert,wikidata
external_ids,person:234:tmdb_person,insert,wikidata
external_ids,person:234:twitter,insert,wikidata
external_ids,person:234:viaf,insert,wikidata
external_ids,person:234:wikidata,insert,wikidata
people,235:nationality,fill,wikidata
person_citizenships,235:United States,insert,wikidata
person_occupations,235:lawyer,insert,wikidata
person_occupations,235:screenwriter,insert,wikidata
person_occupations,235:film director,insert,wikidata
person_occupations,235:writer,insert,wikidata
person_occupations,235:director,insert,wikidata
person_occupations,235:film producer,insert,wikidata
person_details,person:235,insert,wikidata
external_ids,person:235:allmovie,insert,wikidata
external_ids,person:235:allocine,insert,wikidata
external_ids,person:235:bnf,insert,wikidata
external_ids,person:235:freebase,insert,wikidata
external_ids,person:235:gnd,insert,wikidata
external_ids,person:235:imdb,insert,wikidata
external_ids,person:235:kinopoisk,insert,wikidata
external_ids,person:235:loc,insert,wikidata
external_ids,person:235:svensk_film,insert,wikidata
external_ids,person:235:tmdb_person,insert,wikidata
external_ids,person:235:viaf,insert,wikidata
external_ids,person:235:wikidata,insert,wikidata
people,236:nationality,fill,wikidata
person_citizenships,236:United States,insert,wikidata
person_occupations,236:actor,insert,wikidata
person_occupations,236:television actor,insert,wikidata
person_occupations,236:film actor,insert,wikidata
person_occupations,236:screenwriter,insert,wikidata
person_occupations,236:musician,insert,wikidata
person_occupations,236:film director,insert,wikidata
person_occupations,236:director,insert,wikidata
person_details,person:236,insert,wikidata
external_ids,person:236:allmovie,insert,wikidata
external_ids,person:236:allocine,insert,wikidata
external_ids,person:236:bnf,insert,wikidata
external_ids,person:236:freebase,insert,wikidata
external_ids,person:236:gnd,insert,wikidata
external_ids,person:236:imdb,insert,wikidata
external_ids,person:236:kinopoisk,insert,wikidata
external_ids,person:236:loc,insert,wikidata
external_ids,person:236:musicbrainz_artist,insert,wikidata
external_ids,person:236:quora,insert,wikidata
external_ids,person:236:svensk_film,insert,wikidata
external_ids,person:236:tmdb_person,insert,wikidata
external_ids,person:236:twitter,insert,wikidata
external_ids,person:236:viaf,insert,wikidata
external_ids,person:236:wikidata,insert,wikidata
person_occupations,237:screenwriter,insert,wikidata
person_details,person:237,insert,wikidata
external_ids,person:237:allmovie,insert,wikidata
external_ids,person:237:allocine,insert,wikidata
external_ids,person:237:freebase,insert,wikidata
external_ids,person:237:imdb,insert,wikidata
external_ids,person:237:kinopoisk,insert,wikidata
external_ids,person:237:svensk_film,insert,wikidata
external_ids,person:237:tmdb_person,insert,wikidata
external_ids,person:237:wikidata,insert,wikidata
people,238:nationality,fill,wikidata
person_citizenships,238:United States,insert,wikidata
person_occupations,238:screenwriter,insert,wikidata
person_occupations,238:showrunner,insert,wikidata
person_occupations,238:television producer,insert,wikidata
person_occupations,238:film producer,insert,wikidata
person_occupations,238:writer,insert,wikidata
person_details,person:238,insert,wikidata
external_ids,person:238:allmovie,insert,wikidata
external_ids,person:238:allocine,insert,wikidata
external_ids,person:238:freebase,insert,wikidata
external_ids,person:238:imdb,insert,wikidata
external_ids,person:238:kinopoisk,insert,wikidata
external_ids,person:238:loc,insert,wikidata
external_ids,person:238:tmdb_person,insert,wikidata
external_ids,person:238:twitter,insert,wikidata
external_ids,person:238:viaf,insert,wikidata
external_ids,person:238:wikidata,insert,wikidata
people,239:nationality,fill,wikidata
person_citizenships,239:United States,insert,wikidata
person_occupations,239:screenwriter,insert,wikidata
person_occupations,239:television producer,insert,wikidata
person_occupations,239:film producer,insert,wikidata
person_details,person:239,insert,wikidata
external_ids,person:239:freebase,insert,wikidata
external_ids,person:239:gnd,insert,wikidata
external_ids,person:239:imdb,insert,wikidata
external_ids,person:239:musicbrainz_artist,insert,wikidata
external_ids,person:239:tmdb_person,insert,wikidata
external_ids,person:239:viaf,insert,wikidata
external_ids,person:239:wikidata,insert,wikidata
people,24:nationality,fill,wikidata
person_citizenships,24:United Kingdom,insert,wikidata
person_citizenships,24:United States,insert,wikidata
person_occupations,24:film actor,insert,wikidata
person_occupations,24:model,insert,wikidata
person_occupations,24:stage actor,insert,wikidata
person_occupations,24:television actor,insert,wikidata
person_occupations,24:singer,insert,wikidata
person_occupations,24:actor,insert,wikidata
person_details,person:24,insert,wikidata
person_awards,24:Drama Desk Award for Outstanding Actor in a Play:won:None,insert,wikidata
person_awards,24:Golden Globe Award for Best Actor – Motion Picture Musical or Comedy:won:2021,insert,wikidata
person_awards,24:Time 100:won:2022,insert,wikidata
person_awards,24:British Academy Television Award for Best Actor:won:2008,insert,wikidata
person_awards,24:Tony Award for Best Featured Actor in a Play:nominated:2012,insert,wikidata
person_awards,24:Academy Award for Best Actor:nominated:2017,insert,wikidata
person_awards,24:Golden Globe Award for Best Actor – Miniseries or Television Film:nominated:2023,insert,wikidata
person_awards,24:Academy Award for Best Actor:nominated:2022,insert,wikidata
external_ids,person:24:allmovie,insert,wikidata
external_ids,person:24:allocine,insert,wikidata
external_ids,person:24:bnf,insert,wikidata
external_ids,person:24:discogs,insert,wikidata
external_ids,person:24:freebase,insert,wikidata
external_ids,person:24:gnd,insert,wikidata
external_ids,person:24:imdb,insert,wikidata
external_ids,person:24:kinopoisk,insert,wikidata
external_ids,person:24:loc,insert,wikidata
external_ids,person:24:musicbrainz_artist,insert,wikidata
external_ids,person:24:quora,insert,wikidata
external_ids,person:24:svensk_film,insert,wikidata
external_ids,person:24:tmdb_person,insert,wikidata
external_ids,person:24:viaf,insert,wikidata
external_ids,person:24:wikitree,insert,wikidata
external_ids,person:24:wikidata,insert,wikidata
people,240:nationality,fill,wikidata
person_citizenships,240:United States,insert,wikidata
person_occupations,240:film producer,insert,wikidata
person_occupations,240:executive producer,insert,wikidata
person_details,person:240,insert,wikidata
person_awards,240:Inkpot Award:won:2017,insert,wikidata
person_awards,240:Academy Award for Best Picture:nominated:2019,insert,wikidata
external_ids,person:240:allocine,insert,wikidata
external_ids,person:240:discogs,insert,wikidata
external_ids,person:240:freebase,insert,wikidata
external_ids,person:240:gnd,insert,wikidata
external_ids,person:240:imdb,insert,wikidata
external_ids,person:240:loc,insert,wikidata
external_ids,person:240:musicbrainz_artist,insert,wikidata
external_ids,person:240:tmdb_person,insert,wikidata
external_ids,person:240:twitter,insert,wikidata
external_ids,person:240:viaf,insert,wikidata
external_ids,person:240:wikidata,insert,wikidata
people,241:nationality,fill,wikidata
person_citizenships,241:United States,insert,wikidata
person_occupations,241:businessperson,insert,wikidata
person_occupations,241:entrepreneur,insert,wikidata
person_occupations,241:film producer,insert,wikidata
person_occupations,241:executive producer,insert,wikidata
person_details,person:241,insert,wikidata
person_awards,241:Women in Film Honors:won:2001,insert,wikidata
person_awards,241:Crystal Award:won:2001,insert,wikidata
person_awards,241:Academy Award for Best Picture:nominated:2018,insert,wikidata
person_awards,241:Academy Award for Best Animated Feature:nominated:2024,insert,wikidata
external_ids,person:241:freebase,insert,wikidata
external_ids,person:241:gnd,insert,wikidata
external_ids,person:241:imdb,insert,wikidata
external_ids,person:241:kinopoisk,insert,wikidata
external_ids,person:241:loc,insert,wikidata
external_ids,person:241:musicbrainz_artist,insert,wikidata
external_ids,person:241:quora,insert,wikidata
external_ids,person:241:tmdb_person,insert,wikidata
external_ids,person:241:viaf,insert,wikidata
external_ids,person:241:wikidata,insert,wikidata
people,242:nationality,fill,wikidata
person_citizenships,242:United States,insert,wikidata
person_occupations,242:composer,insert,wikidata
person_occupations,242:film score composer,insert,wikidata
person_occupations,242:music executive,insert,wikidata
person_occupations,242:film director,insert,wikidata
person_occupations,242:television director,insert,wikidata
person_occupations,242:television actor,insert,wikidata
person_occupations,242:video game actor,insert,wikidata
person_occupations,242:film screenwriter,insert,wikidata
person_occupations,242:film producer,insert,wikidata
person_details,person:242,insert,wikidata
person_awards,242:Academy Award for Best Original Score:won:2010,insert,wikidata
person_awards,242:Goya Award for Best Original Score:won:2024,insert,wikidata
person_awards,242:Grammy Award for Best Score Soundtrack for Visual Media:won:None,insert,wikidata
person_awards,242:Primetime Emmy Award for Outstanding Music Composition for a Series (Original Dramatic Score):won:None,insert,wikidata
person_awards,242:Academy Award for Best Original Score:nominated:2008,insert,wikidata
person_awards,242:Academy Award for Best Original Score:nominated:2010,insert,wikidata
external_ids,person:242:allmovie,insert,wikidata
external_ids,person:242:allocine,insert,wikidata
external_ids,person:242:bnf,insert,wikidata
external_ids,person:242:discogs,insert,wikidata
external_ids,person:242:freebase,insert,wikidata
external_ids,person:242:gnd,insert,wikidata
external_ids,person:242:imdb,insert,wikidata
external_ids,person:242:instagram,insert,wikidata
external_ids,person:242:kinopoisk,insert,wikidata
external_ids,person:242:loc,insert,wikidata
external_ids,person:242:musicbrainz_artist,insert,wikidata
external_ids,person:242:official_website,insert,wikidata
external_ids,person:242:quora,insert,wikidata
external_ids,person:242:svensk_film,insert,wikidata
external_ids,person:242:tmdb_person,insert,wikidata
external_ids,person:242:twitter,insert,wikidata
external_ids,person:242:viaf,insert,wikidata
external_ids,person:242:wikidata,insert,wikidata
people,243:nationality,fill,wikidata
person_citizenships,243:United States,insert,wikidata
person_occupations,243:cinematographer,insert,wikidata
person_details,person:243,insert,wikidata
external_ids,person:243:allmovie,insert,wikidata
external_ids,person:243:allocine,insert,wikidata
external_ids,person:243:freebase,insert,wikidata
external_ids,person:243:gnd,insert,wikidata
external_ids,person:243:imdb,insert,wikidata
external_ids,person:243:kinopoisk,insert,wikidata
external_ids,person:243:loc,insert,wikidata
external_ids,person:243:official_website,insert,wikidata
external_ids,person:243:svensk_film,insert,wikidata
external_ids,person:243:tmdb_person,insert,wikidata
external_ids,person:243:viaf,insert,wikidata
external_ids,person:243:wikidata,insert,wikidata
people,244:birth_date,fill,wikidata
people,244:nationality,fill,wikidata
person_citizenships,244:United States,insert,wikidata
person_occupations,244:film editor,insert,wikidata
person_details,person:244,insert,wikidata
external_ids,person:244:allmovie,insert,wikidata
external_ids,person:244:allocine,insert,wikidata
external_ids,person:244:freebase,insert,wikidata
external_ids,person:244:gnd,insert,wikidata
external_ids,person:244:imdb,insert,wikidata
external_ids,person:244:kinopoisk,insert,wikidata
external_ids,person:244:loc,insert,wikidata
external_ids,person:244:svensk_film,insert,wikidata
external_ids,person:244:tmdb_person,insert,wikidata
external_ids,person:244:viaf,insert,wikidata
external_ids,person:244:wikidata,insert,wikidata
person_occupations,245:film editor,insert,wikidata
person_details,person:245,insert,wikidata
external_ids,person:245:freebase,insert,wikidata
external_ids,person:245:gnd,insert,wikidata
external_ids,person:245:imdb,insert,wikidata
external_ids,person:245:loc,insert,wikidata
external_ids,person:245:tmdb_person,insert,wikidata
external_ids,person:245:viaf,insert,wikidata
external_ids,person:245:wikidata,insert,wikidata
people,246:nationality,fill,wikidata
person_citizenships,246:United States,insert,wikidata
person_occupations,246:television actor,insert,wikidata
person_occupations,246:film actor,insert,wikidata
person_occupations,246:stage actor,insert,wikidata
person_occupations,246:voice actor,insert,wikidata
person_occupations,246:screenwriter,insert,wikidata
person_occupations,246:video game actor,insert,wikidata
person_occupations,246:film producer,insert,wikidata
person_occupations,246:film director,insert,wikidata
person_occupations,246:actor,insert,wikidata
person_details,person:246,insert,wikidata
external_ids,person:246:allmovie,insert,wikidata
external_ids,person:246:allocine,insert,wikidata
external_ids,person:246:bnf,insert,wikidata
external_ids,person:246:discogs,insert,wikidata
external_ids,person:246:freebase,insert,wikidata
external_ids,person:246:gnd,insert,wikidata
external_ids,person:246:imdb,insert,wikidata
external_ids,person:246:kinopoisk,insert,wikidata
external_ids,person:246:loc,insert,wikidata
external_ids,person:246:musicbrainz_artist,insert,wikidata
external_ids,person:246:official_website,insert,wikidata
external_ids,person:246:omni,insert,wikidata
external_ids,person:246:svensk_film,insert,wikidata
external_ids,person:246:tmdb_person,insert,wikidata
external_ids,person:246:viaf,insert,wikidata
external_ids,person:246:wikitree,insert,wikidata
external_ids,person:246:wikidata,insert,wikidata
people,247:nationality,fill,wikidata
person_citizenships,247:United States,insert,wikidata
person_occupations,247:film director,insert,wikidata
person_occupations,247:screenwriter,insert,wikidata
person_occupations,247:storyboard artist,insert,wikidata
person_occupations,247:animator,insert,wikidata
person_occupations,247:film producer,insert,wikidata
person_occupations,247:director,insert,wikidata
person_occupations,247:visual artist,insert,wikidata
person_details,person:247,insert,wikidata
person_awards,247:Academy Award for Best Animated Feature:won:2019,insert,wikidata
external_ids,person:247:allmovie,insert,wikidata
external_ids,person:247:freebase,insert,wikidata
external_ids,person:247:gnd,insert,wikidata
external_ids,person:247:imdb,insert,wikidata
external_ids,person:247:loc,insert,wikidata
external_ids,person:247:tmdb_person,insert,wikidata
external_ids,person:247:viaf,insert,wikidata
external_ids,person:247:wikidata,insert,wikidata
people,248:nationality,fill,wikidata
person_citizenships,248:United States,insert,wikidata
person_occupations,248:film director,insert,wikidata
person_occupations,248:film producer,insert,wikidata
person_occupations,248:screenwriter,insert,wikidata
person_occupations,248:illustrator,insert,wikidata
person_occupations,248:animator,insert,wikidata
person_occupations,248:director,insert,wikidata
person_details,person:248,insert,wikidata
person_awards,248:Academy Award for Best Animated Feature:won:2019,insert,wikidata
external_ids,person:248:allmovie,insert,wikidata
external_ids,person:248:allocine,insert,wikidata
external_ids,person:248:freebase,insert,wikidata
external_ids,person:248:gnd,insert,wikidata
external_ids,person:248:imdb,insert,wikidata
external_ids,person:248:kinopoisk,insert,wikidata
external_ids,person:248:loc,insert,wikidata
external_ids,person:248:svensk_film,insert,wikidata
external_ids,person:248:tmdb_person,insert,wikidata
external_ids,person:248:twitter,insert,wikidata
external_ids,person:248:viaf,insert,wikidata
external_ids,person:248:wikidata,insert,wikidata
people,249:nationality,fill,wikidata
person_citizenships,249:United States,insert,wikidata
person_occupations,249:screenwriter,insert,wikidata
person_occupations,249:television producer,insert,wikidata
person_occupations,249:film director,insert,wikidata
person_occupations,249:film producer,insert,wikidata
person_occupations,249:writer,insert,wikidata
person_details,person:249,insert,wikidata
person_awards,249:Academy Award for Best Animated Feature:won:2019,insert,wikidata
external_ids,person:249:allmovie,insert,wikidata
external_ids,person:249:allocine,insert,wikidata
external_ids,person:249:freebase,insert,wikidata
external_ids,person:249:gnd,insert,wikidata
external_ids,person:249:imdb,insert,wikidata
external_ids,person:249:kinopoisk,insert,wikidata
external_ids,person:249:loc,insert,wikidata
external_ids,person:249:svensk_film,insert,wikidata
external_ids,person:249:tmdb_person,insert,wikidata
external_ids,person:249:twitter,insert,wikidata
external_ids,person:249:viaf,insert,wikidata
external_ids,person:249:wikidata,insert,wikidata
people,25:nationality,fill,wikidata
person_citizenships,25:United States,insert,wikidata
person_occupations,25:film actor,insert,wikidata
person_occupations,25:television actor,insert,wikidata
person_occupations,25:stage actor,insert,wikidata
person_occupations,25:voice actor,insert,wikidata
person_occupations,25:film producer,insert,wikidata
person_occupations,25:model,insert,wikidata
person_occupations,25:actor,insert,wikidata
person_details,person:25,insert,wikidata
person_awards,25:Golden Globe Award for Best Actress in a Motion Picture – Musical or Comedy:won:2017,insert,wikidata
person_awards,25:Academy Award for Best Actress:won:2017,insert,wikidata
person_awards,25:BAFTA Award for Best Actress in a Leading Role:won:2017,insert,wikidata
person_awards,25:Golden Globe Award for Best Actress in a Motion Picture – Musical or Comedy:won:2023,insert,wikidata
person_awards,25:Academy Award for Best Actress:won:2024,insert,wikidata
person_awards,25:Volpi Cup for Best Actress:won:2016,insert,wikidata
person_awards,25:Golden Globe for best actress:won:None,insert,wikidata
person_awards,25:BAFTA Award for Best Actress in a Leading Role:won:2024,insert,wikidata
person_awards,25:Academy Award for Best Supporting Actress:nominated:2015,insert,wikidata
person_awards,25:Academy Award for Best Actress:nominated:2017,insert,wikidata
person_awards,25:European Film Award – People's Choice Award for Best European Film:nominated:2019,insert,wikidata
person_awards,25:Academy Award for Best Supporting Actress:nominated:2019,insert,wikidata
person_awards,25:Academy Award for Best Actress:nominated:2024,insert,wikidata
person_awards,25:Academy Award for Best Picture:nominated:2024,insert,wikidata
person_awards,25:Academy Award for Best Actress:nominated:None,insert,wikidata
person_awards,25:Academy Award for Best Picture:nominated:None,insert,wikidata
external_ids,person:25:allmovie,insert,wikidata
external_ids,person:25:allocine,insert,wikidata
external_ids,person:25:bnf,insert,wikidata
external_ids,person:25:discogs,insert,wikidata
external_ids,person:25:freebase,insert,wikidata
external_ids,person:25:gnd,insert,wikidata
external_ids,person:25:imdb,insert,wikidata
external_ids,person:25:kinopoisk,insert,wikidata
external_ids,person:25:loc,insert,wikidata
external_ids,person:25:musicbrainz_artist,insert,wikidata
external_ids,person:25:omni,insert,wikidata
external_ids,person:25:quora,insert,wikidata
external_ids,person:25:svensk_film,insert,wikidata
external_ids,person:25:tmdb_person,insert,wikidata
external_ids,person:25:viaf,insert,wikidata
external_ids,person:25:wikitree,insert,wikidata
external_ids,person:25:wikidata,insert,wikidata
people,250:nationality,fill,wikidata
person_citizenships,250:United States,insert,wikidata
person_occupations,250:film director,insert,wikidata
person_occupations,250:film producer,insert,wikidata
person_occupations,250:screenwriter,insert,wikidata
person_occupations,250:voice actor,insert,wikidata
person_occupations,250:television producer,insert,wikidata
person_occupations,250:television director,insert,wikidata
person_occupations,250:television actor,insert,wikidata
person_occupations,250:film actor,insert,wikidata
person_occupations,250:showrunner,insert,wikidata
person_occupations,250:actor,insert,wikidata
person_details,person:250,insert,wikidata
person_awards,250:Academy Award for Best Animated Feature:won:2019,insert,wikidata
person_awards,250:Academy Award for Best Animated Feature:nominated:2024,insert,wikidata
person_awards,250:Academy Award for Best Animated Feature:nominated:2022,insert,wikidata
external_ids,person:250:allmovie,insert,wikidata
external_ids,person:250:allocine,insert,wikidata
external_ids,person:250:bnf,insert,wikidata
external_ids,person:250:freebase,insert,wikidata
external_ids,person:250:gnd,insert,wikidata
external_ids,person:250:imdb,insert,wikidata
external_ids,person:250:kinopoisk,insert,wikidata
external_ids,person:250:loc,insert,wikidata
external_ids,person:250:quora,insert,wikidata
external_ids,person:250:svensk_film,insert,wikidata
external_ids,person:250:tmdb_person,insert,wikidata
external_ids,person:250:twitter,insert,wikidata
external_ids,person:250:viaf,insert,wikidata
external_ids,person:250:wikidata,insert,wikidata
people,251:nationality,fill,wikidata
person_citizenships,251:United States,insert,wikidata
person_occupations,251:film director,insert,wikidata
person_occupations,251:voice actor,insert,wikidata
person_occupations,251:screenwriter,insert,wikidata
person_occupations,251:television director,insert,wikidata
person_occupations,251:film producer,insert,wikidata
person_occupations,251:showrunner,insert,wikidata
person_occupations,251:director,insert,wikidata
person_details,person:251,insert,wikidata
person_awards,251:Academy Award for Best Animated Feature:won:2019,insert,wikidata
person_awards,251:Academy Award for Best Animated Feature:nominated:2024,insert,wikidata
person_awards,251:Academy Award for Best Animated Feature:nominated:2022,insert,wikidata
external_ids,person:251:allmovie,insert,wikidata
external_ids,person:251:allocine,insert,wikidata
external_ids,person:251:bnf,insert,wikidata
external_ids,person:251:discogs,insert,wikidata
external_ids,person:251:freebase,insert,wikidata
external_ids,person:251:gnd,insert,wikidata
external_ids,person:251:imdb,insert,wikidata
external_ids,person:251:kinopoisk,insert,wikidata
external_ids,person:251:loc,insert,wikidata
external_ids,person:251:musicbrainz_artist,insert,wikidata
external_ids,person:251:svensk_film,insert,wikidata
external_ids,person:251:tmdb_person,insert,wikidata
external_ids,person:251:twitter,insert,wikidata
external_ids,person:251:viaf,insert,wikidata
external_ids,person:251:wikidata,insert,wikidata
person_occupations,252:film editor,insert,wikidata
person_occupations,252:film producer,insert,wikidata
person_details,person:252,insert,wikidata
external_ids,person:252:freebase,insert,wikidata
external_ids,person:252:imdb,insert,wikidata
external_ids,person:252:musicbrainz_artist,insert,wikidata
external_ids,person:252:tmdb_person,insert,wikidata
external_ids,person:252:wikidata,insert,wikidata
people,253:nationality,fill,wikidata
person_citizenships,253:United Kingdom,insert,wikidata
person_occupations,253:composer,insert,wikidata
person_occupations,253:film score composer,insert,wikidata
person_occupations,253:musician,insert,wikidata
person_details,person:253,insert,wikidata
person_awards,253:Hollywood Music in Media Award for Best Original Score in an Animated Film:won:2023,insert,wikidata
person_awards,253:Annie Award for Music in a Feature Production:won:2024,insert,wikidata
person_awards,253:Academy Award for Best Original Song:nominated:2021,insert,wikidata
external_ids,person:253:allmovie,insert,wikidata
external_ids,person:253:allocine,insert,wikidata
external_ids,person:253:bnf,insert,wikidata
external_ids,person:253:discogs,insert,wikidata
external_ids,person:253:freebase,insert,wikidata
external_ids,person:253:gnd,insert,wikidata
external_ids,person:253:imdb,insert,wikidata
external_ids,person:253:kinopoisk,insert,wikidata
external_ids,person:253:loc,insert,wikidata
external_ids,person:253:musicbrainz_artist,insert,wikidata
external_ids,person:253:official_website,insert,wikidata
external_ids,person:253:svensk_film,insert,wikidata
external_ids,person:253:tmdb_person,insert,wikidata
external_ids,person:253:twitter,insert,wikidata
external_ids,person:253:viaf,insert,wikidata
external_ids,person:253:wikidata,insert,wikidata
person_occupations,254:film editor,insert,wikidata
person_details,person:254,insert,wikidata
external_ids,person:254:imdb,insert,wikidata
external_ids,person:254:tmdb_person,insert,wikidata
external_ids,person:254:wikidata,insert,wikidata
people,255:birth_date,fill,wikidata
people,255:nationality,fill,wikidata
person_citizenships,255:Canada,insert,wikidata
person_occupations,255:cinematographer,insert,wikidata
person_occupations,255:photographer,insert,wikidata
person_details,person:255,insert,wikidata
external_ids,person:255:freebase,insert,wikidata
external_ids,person:255:gnd,insert,wikidata
external_ids,person:255:imdb,insert,wikidata
external_ids,person:255:tmdb_person,insert,wikidata
external_ids,person:255:viaf,insert,wikidata
external_ids,person:255:wikidata,insert,wikidata
person_occupations,256:film editor,insert,wikidata
person_details,person:256,insert,wikidata
external_ids,person:256:imdb,insert,wikidata
external_ids,person:256:tmdb_person,insert,wikidata
external_ids,person:256:wikidata,insert,wikidata
people,257:nationality,fill,wikidata
person_citizenships,257:United Kingdom,insert,wikidata
person_occupations,257:film producer,insert,wikidata
person_occupations,257:voice actor,insert,wikidata
person_occupations,257:film actor,insert,wikidata
person_occupations,257:stage actor,insert,wikidata
person_occupations,257:television actor,insert,wikidata
person_occupations,257:actor,insert,wikidata
person_details,person:257,insert,wikidata
person_awards,257:Laurence Olivier Award for Best Actor:won:2012,insert,wikidata
person_awards,257:Commander of the Order of the British Empire:won:None,insert,wikidata
person_awards,257:Laurence Olivier Awards:won:None,insert,wikidata
person_awards,257:British Academy Television Award for Best Actor:won:2019,insert,wikidata
person_awards,257:Satellite Award for Best Actor – Miniseries or Television Film:won:2012,insert,wikidata
person_awards,257:Primetime Emmy Award for Outstanding Lead Actor in a Miniseries or a Movie:won:2014,insert,wikidata
person_awards,257:Order of the British Empire:won:None,insert,wikidata
person_awards,257:British Academy Television Awards:won:None,insert,wikidata
person_awards,257:British Independent Film Awards:won:2014,insert,wikidata
person_awards,257:Critics' Choice Television Award:won:2012,insert,wikidata
person_awards,257:Time 100:won:None,insert,wikidata
person_awards,257:Academy Award for Best Actor:nominated:2015,insert,wikidata
person_awards,257:Laurence Olivier Award for Best Actor:nominated:2012,insert,wikidata
person_awards,257:British Academy Television Award for Best Supporting Actor:nominated:2010,insert,wikidata
person_awards,257:MTV Movie Award for Best Villain:nominated:2014,insert,wikidata
person_awards,257:Primetime Emmy Award for Outstanding Lead Actor in a Miniseries or a Movie:nominated:2012,insert,wikidata
person_awards,257:Primetime Emmy Award for Outstanding Lead Actor in a Miniseries or a Movie:nominated:2014,insert,wikidata
person_awards,257:British Academy Television Award for Best Actor:nominated:2011,insert,wikidata
person_awards,257:British Academy Television Award for Best Actor:nominated:2012,insert,wikidata
person_awards,257:British Academy Television Award for Best Actor:nominated:2005,insert,wikidata
person_awards,257:British Independent Film Award for Best Supporting Actor:nominated:2011,insert,wikidata
person_awards,257:Screen Actors Guild Award for Outstanding Performance by a Cast in a Motion Picture:nominated:2014,insert,wikidata
person_awards,257:Primetime Emmy Award for Outstanding Lead Actor in a Miniseries or a Movie:nominated:2013,insert,wikidata
person_awards,257:Laurence Olivier Award for Best Performance in a Supporting Role:nominated:2006,insert,wikidata
person_awards,257:European Film Award – People's Choice Award for Best European Film:nominated:2015,insert,wikidata
person_awards,257:Academy Award for Best Actor:nominated:2022,insert,wikidata
external_ids,person:257:allmovie,insert,wikidata
external_ids,person:257:allocine,insert,wikidata
external_ids,person:257:bnf,insert,wikidata
external_ids,person:257:discogs,insert,wikidata
external_ids,person:257:freebase,insert,wikidata
external_ids,person:257:gnd,insert,wikidata
external_ids,person:257:imdb,insert,wikidata
external_ids,person:257:kinopoisk,insert,wikidata
external_ids,person:257:loc,insert,wikidata
external_ids,person:257:musicbrainz_artist,insert,wikidata
external_ids,person:257:omni,insert,wikidata
external_ids,person:257:quora,insert,wikidata
external_ids,person:257:svensk_film,insert,wikidata
external_ids,person:257:tmdb_person,insert,wikidata
external_ids,person:257:viaf,insert,wikidata
external_ids,person:257:wikitree,insert,wikidata
external_ids,person:257:wikidata,insert,wikidata
people,258:nationality,fill,wikidata
person_citizenships,258:Italy,insert,wikidata
person_citizenships,258:United States,insert,wikidata
person_occupations,258:cinematographer,insert,wikidata
person_details,person:258,insert,wikidata
person_awards,258:Academy Award for Best Cinematography:won:2010,insert,wikidata
person_awards,258:Academy Award for Best Cinematography:nominated:2010,insert,wikidata
external_ids,person:258:allmovie,insert,wikidata
external_ids,person:258:allocine,insert,wikidata
external_ids,person:258:freebase,insert,wikidata
external_ids,person:258:gnd,insert,wikidata
external_ids,person:258:imdb,insert,wikidata
external_ids,person:258:kinopoisk,insert,wikidata
external_ids,person:258:loc,insert,wikidata
external_ids,person:258:svensk_film,insert,wikidata
external_ids,person:258:tmdb_person,insert,wikidata
external_ids,person:258:viaf,insert,wikidata
external_ids,person:258:wikidata,insert,wikidata
people,259:nationality,fill,wikidata
person_citizenships,259:United States,insert,wikidata
person_occupations,259:film editor,insert,wikidata
person_details,person:259,insert,wikidata
external_ids,person:259:allmovie,insert,wikidata
external_ids,person:259:allocine,insert,wikidata
external_ids,person:259:freebase,insert,wikidata
external_ids,person:259:gnd,insert,wikidata
external_ids,person:259:imdb,insert,wikidata
external_ids,person:259:kinopoisk,insert,wikidata
external_ids,person:259:loc,insert,wikidata
external_ids,person:259:svensk_film,insert,wikidata
external_ids,person:259:tmdb_person,insert,wikidata
external_ids,person:259:viaf,insert,wikidata
external_ids,person:259:wikidata,insert,wikidata
people,26:nationality,fill,wikidata
person_citizenships,26:United Kingdom,insert,wikidata
person_occupations,26:stage actor,insert,wikidata
person_occupations,26:film actor,insert,wikidata
person_occupations,26:actor,insert,wikidata
person_occupations,26:television actor,insert,wikidata
person_occupations,26:musician,insert,wikidata
person_details,person:26,insert,wikidata
person_awards,26:British Academy Film Awards:won:2005,insert,wikidata
external_ids,person:26:allmovie,insert,wikidata
external_ids,person:26:allocine,insert,wikidata
external_ids,person:26:bnf,insert,wikidata
external_ids,person:26:discogs,insert,wikidata
external_ids,person:26:freebase,insert,wikidata
external_ids,person:26:gnd,insert,wikidata
external_ids,person:26:imdb,insert,wikidata
external_ids,person:26:kinopoisk,insert,wikidata
external_ids,person:26:loc,insert,wikidata
external_ids,person:26:musicbrainz_artist,insert,wikidata
external_ids,person:26:svensk_film,insert,wikidata
external_ids,person:26:tmdb_person,insert,wikidata
external_ids,person:26:viaf,insert,wikidata
external_ids,person:26:wikidata,insert,wikidata
people,260:nationality,fill,wikidata
person_citizenships,260:United States,insert,wikidata
person_occupations,260:film actor,insert,wikidata
person_occupations,260:screenwriter,insert,wikidata
person_occupations,260:YouTuber,insert,wikidata
person_occupations,260:showrunner,insert,wikidata
person_occupations,260:television producer,insert,wikidata
person_occupations,260:film director,insert,wikidata
person_occupations,260:television actor,insert,wikidata
person_occupations,260:actor,insert,wikidata
person_occupations,260:director,insert,wikidata
person_details,person:260,insert,wikidata
person_awards,260:OkayAfrica 100 Women:won:2017,insert,wikidata
person_awards,260:Gracie Awards:won:None,insert,wikidata
person_awards,260:Time 100:won:2018,insert,wikidata
person_awards,260:Time 100:won:2022,insert,wikidata
external_ids,person:260:allocine,insert,wikidata
external_ids,person:260:freebase,insert,wikidata
external_ids,person:260:gnd,insert,wikidata
external_ids,person:260:imdb,insert,wikidata
external_ids,person:260:instagram,insert,wikidata
external_ids,person:260:loc,insert,wikidata
external_ids,person:260:musicbrainz_artist,insert,wikidata
external_ids,person:260:official_website,insert,wikidata
external_ids,person:260:tmdb_person,insert,wikidata
external_ids,person:260:twitter,insert,wikidata
external_ids,person:260:viaf,insert,wikidata
external_ids,person:260:wikitree,insert,wikidata
external_ids,person:260:wikidata,insert,wikidata
people,261:nationality,fill,wikidata
person_citizenships,261:United States,insert,wikidata
person_citizenships,261:Portugal,insert,wikidata
person_occupations,261:television director,insert,wikidata
person_occupations,261:character designer,insert,wikidata
person_occupations,261:television producer,insert,wikidata
person_occupations,261:film director,insert,wikidata
person_details,person:261,insert,wikidata
external_ids,person:261:freebase,insert,wikidata
external_ids,person:261:imdb,insert,wikidata
external_ids,person:261:tmdb_person,insert,wikidata
external_ids,person:261:wikidata,insert,wikidata
people,262:nationality,fill,wikidata
person_citizenships,262:United States,insert,wikidata
person_occupations,262:screenwriter,insert,wikidata
person_occupations,262:film director,insert,wikidata
person_occupations,262:playwright,insert,wikidata
person_occupations,262:film screenwriter,insert,wikidata
person_occupations,262:director,insert,wikidata
person_details,person:262,insert,wikidata
person_awards,"262:Academy Award for Best Writing, Adapted Screenplay:nominated:2021",insert,wikidata
person_awards,262:Academy Award for Best Animated Feature:nominated:2024,insert,wikidata
external_ids,person:262:gnd,insert,wikidata
external_ids,person:262:imdb,insert,wikidata
external_ids,person:262:loc,insert,wikidata
external_ids,person:262:musicbrainz_artist,insert,wikidata
external_ids,person:262:tmdb_person,insert,wikidata
external_ids,person:262:viaf,insert,wikidata
external_ids,person:262:wikidata,insert,wikidata
person_occupations,263:film director,insert,wikidata
person_occupations,263:production designer,insert,wikidata
person_occupations,263:illustrator,insert,wikidata
person_occupations,263:animator,insert,wikidata
person_details,person:263,insert,wikidata
person_awards,263:Academy Award for Best Animated Feature:nominated:2024,insert,wikidata
external_ids,person:263:freebase,insert,wikidata
external_ids,person:263:gnd,insert,wikidata
external_ids,person:263:imdb,insert,wikidata
external_ids,person:263:instagram,insert,wikidata
external_ids,person:263:loc,insert,wikidata
external_ids,person:263:tmdb_person,insert,wikidata
external_ids,person:263:twitter,insert,wikidata
external_ids,person:263:viaf,insert,wikidata
external_ids,person:263:wikidata,insert,wikidata
people,265:nationality,fill,wikidata
person_citizenships,265:United States,insert,wikidata
person_occupations,265:film editor,insert,wikidata
person_occupations,265:animator,insert,wikidata
person_details,person:265,insert,wikidata
external_ids,person:265:imdb,insert,wikidata
external_ids,person:265:tmdb_person,insert,wikidata
external_ids,person:265:wikidata,insert,wikidata
people,266:nationality,fill,wikidata
person_citizenships,266:United States,insert,wikidata
person_occupations,266:film director,insert,wikidata
person_occupations,266:film producer,insert,wikidata
person_occupations,266:screenwriter,insert,wikidata
person_occupations,266:director,insert,wikidata
person_details,person:266,insert,wikidata
external_ids,person:266:allmovie,insert,wikidata
external_ids,person:266:allocine,insert,wikidata
external_ids,person:266:bnf,insert,wikidata
external_ids,person:266:discogs,insert,wikidata
external_ids,person:266:freebase,insert,wikidata
external_ids,person:266:gnd,insert,wikidata
external_ids,person:266:imdb,insert,wikidata
external_ids,person:266:kinopoisk,insert,wikidata
external_ids,person:266:loc,insert,wikidata
external_ids,person:266:musicbrainz_artist,insert,wikidata
external_ids,person:266:svensk_film,insert,wikidata
external_ids,person:266:tmdb_person,insert,wikidata
external_ids,person:266:viaf,insert,wikidata
external_ids,person:266:wikidata,insert,wikidata
people,267:nationality,fill,wikidata
person_citizenships,267:United States,insert,wikidata
person_occupations,267:actor,insert,wikidata
person_occupations,267:screenwriter,insert,wikidata
person_occupations,267:television actor,insert,wikidata
person_occupations,267:film actor,insert,wikidata
person_occupations,267:film producer,insert,wikidata
person_details,person:267,insert,wikidata
external_ids,person:267:allmovie,insert,wikidata
external_ids,person:267:allocine,insert,wikidata
external_ids,person:267:bnf,insert,wikidata
external_ids,person:267:freebase,insert,wikidata
external_ids,person:267:gnd,insert,wikidata
external_ids,person:267:imdb,insert,wikidata
external_ids,person:267:kinopoisk,insert,wikidata
external_ids,person:267:loc,insert,wikidata
external_ids,person:267:svensk_film,insert,wikidata
external_ids,person:267:tmdb_person,insert,wikidata
external_ids,person:267:viaf,insert,wikidata
external_ids,person:267:wikidata,insert,wikidata
people,268:nationality,fill,wikidata
person_citizenships,268:United Kingdom,insert,wikidata
person_occupations,268:screenwriter,insert,wikidata
person_occupations,268:writer,insert,wikidata
person_occupations,268:actor,insert,wikidata
person_occupations,268:film actor,insert,wikidata
person_occupations,268:television producer,insert,wikidata
person_occupations,268:film director,insert,wikidata
person_details,person:268,insert,wikidata
external_ids,person:268:allmovie,insert,wikidata
external_ids,person:268:allocine,insert,wikidata
external_ids,person:268:freebase,insert,wikidata
external_ids,person:268:gnd,insert,wikidata
external_ids,person:268:imdb,insert,wikidata
external_ids,person:268:kinopoisk,insert,wikidata
external_ids,person:268:loc,insert,wikidata
external_ids,person:268:svensk_film,insert,wikidata
external_ids,person:268:tmdb_person,insert,wikidata
external_ids,person:268:viaf,insert,wikidata
external_ids,person:268:wikidata,insert,wikidata
people,269:nationality,fill,wikidata
person_citizenships,269:Sweden,insert,wikidata
person_occupations,269:composer,insert,wikidata
person_occupations,269:film score composer,insert,wikidata
person_occupations,269:record producer,insert,wikidata
person_occupations,269:conductor,insert,wikidata
person_occupations,269:musician,insert,wikidata
person_occupations,269:songwriter,insert,wikidata
person_details,person:269,insert,wikidata
person_awards,269:Academy Award for Best Original Score:won:2019,insert,wikidata
person_awards,269:Primetime Emmy Award for Outstanding Music Composition for a Series (Original Dramatic Score):won:2020,insert,wikidata
person_awards,269:Grammy Award for Song of the Year:won:2019,insert,wikidata
person_awards,269:Golden Globe Award for Best Original Score:won:2023,insert,wikidata
person_awards,269:Academy Award for Best Original Score:won:2024,insert,wikidata
person_awards,269:Grammy Award for Record of the Year:won:2019,insert,wikidata
person_awards,269:Grammy Award for Best Score Soundtrack for Visual Media:won:2024,insert,wikidata
person_awards,269:Grammy Award for Best Score Soundtrack for Visual Media:won:2019,insert,wikidata
person_awards,269:Primetime Emmy Award for Outstanding Music Composition for a Series (Original Dramatic Score):won:2021,insert,wikidata
person_awards,269:Golden Globe Award for Best Original Score:won:2026,insert,wikidata
person_awards,269:Academy Award for Best Original Score:won:2026,insert,wikidata
person_awards,269:Academy Award for Best Original Song:nominated:2023,insert,wikidata
person_awards,269:Academy Award for Best Original Score:nominated:2019,insert,wikidata
person_awards,269:Academy Award for Best Original Song:nominated:None,insert,wikidata
person_awards,269:Academy Award for Best Original Score:nominated:None,insert,wikidata
person_awards,269:Academy Award for Best Original Song:nominated:2026,insert,wikidata
external_ids,person:269:allmovie,insert,wikidata
external_ids,person:269:allocine,insert,wikidata
external_ids,person:269:bnf,insert,wikidata
external_ids,person:269:discogs,insert,wikidata
external_ids,person:269:freebase,insert,wikidata
external_ids,person:269:gnd,insert,wikidata
external_ids,person:269:imdb,insert,wikidata
external_ids,person:269:instagram,insert,wikidata
external_ids,person:269:kinopoisk,insert,wikidata
external_ids,person:269:loc,insert,wikidata
external_ids,person:269:musicbrainz_artist,insert,wikidata
external_ids,person:269:official_website,insert,wikidata
external_ids,person:269:svensk_film,insert,wikidata
external_ids,person:269:tmdb_person,insert,wikidata
external_ids,person:269:viaf,insert,wikidata
external_ids,person:269:wikidata,insert,wikidata
people,27:nationality,fill,wikidata
person_citizenships,27:United States,insert,wikidata
person_occupations,27:comedian,insert,wikidata
person_occupations,27:composer,insert,wikidata
person_occupations,27:screenwriter,insert,wikidata
person_occupations,27:university teacher,insert,wikidata
person_occupations,27:film actor,insert,wikidata
person_occupations,27:television actor,insert,wikidata
person_occupations,27:voice actor,insert,wikidata
person_occupations,27:film producer,insert,wikidata
person_occupations,27:showrunner,insert,wikidata
person_occupations,27:television producer,insert,wikidata
person_occupations,27:actor,insert,wikidata
person_occupations,27:film director,insert,wikidata
person_details,person:27,insert,wikidata
person_awards,27:Ellis Island Medal of Honor:won:None,insert,wikidata
person_awards,27:Amateur Cartoonist Extraordinary Award:won:1996,insert,wikidata
external_ids,person:27:allmovie,insert,wikidata
external_ids,person:27:allocine,insert,wikidata
external_ids,person:27:bnf,insert,wikidata
external_ids,person:27:discogs,insert,wikidata
external_ids,person:27:freebase,insert,wikidata
external_ids,person:27:gnd,insert,wikidata
external_ids,person:27:imdb,insert,wikidata
external_ids,person:27:instagram,insert,wikidata
external_ids,person:27:kinopoisk,insert,wikidata
external_ids,person:27:loc,insert,wikidata
external_ids,person:27:musicbrainz_artist,insert,wikidata
external_ids,person:27:official_website,insert,wikidata
external_ids,person:27:quora,insert,wikidata
external_ids,person:27:svensk_film,insert,wikidata
external_ids,person:27:tmdb_person,insert,wikidata
external_ids,person:27:twitter,insert,wikidata
external_ids,person:27:viaf,insert,wikidata
external_ids,person:27:wikidata,insert,wikidata
people,270:nationality,fill,wikidata
person_citizenships,270:United States,insert,wikidata
person_occupations,270:cinematographer,insert,wikidata
person_details,person:270,insert,wikidata
person_awards,270:Academy Award for Best Cinematography:nominated:2011,insert,wikidata
person_awards,270:Academy Award for Best Cinematography:nominated:2024,insert,wikidata
person_awards,270:Academy Award for Best Cinematography:nominated:2019,insert,wikidata
external_ids,person:270:allocine,insert,wikidata
external_ids,person:270:freebase,insert,wikidata
external_ids,person:270:gnd,insert,wikidata
external_ids,person:270:imdb,insert,wikidata
external_ids,person:270:instagram,insert,wikidata
external_ids,person:270:kinopoisk,insert,wikidata
external_ids,person:270:loc,insert,wikidata
external_ids,person:270:svensk_film,insert,wikidata
external_ids,person:270:tmdb_person,insert,wikidata
external_ids,person:270:viaf,insert,wikidata
external_ids,person:270:wikidata,insert,wikidata
people,271:birth_date,fill,wikidata
people,271:nationality,fill,wikidata
person_citizenships,271:United States,insert,wikidata
person_occupations,271:film editor,insert,wikidata
person_occupations,271:television editor,insert,wikidata
person_occupations,271:television director,insert,wikidata
person_occupations,271:cinematographer,insert,wikidata
person_details,person:271,insert,wikidata
person_awards,271:Academy Award for Best Film Editing:nominated:2016,insert,wikidata
person_awards,271:American Cinema Editors Award for Best Edited Animated Feature Film:nominated:2010,insert,wikidata
person_awards,271:Primetime Emmy Award for Outstanding Single-Camera Picture Editing for a Drama Series:nominated:2003,insert,wikidata
external_ids,person:271:allmovie,insert,wikidata
external_ids,person:271:allocine,insert,wikidata
external_ids,person:271:freebase,insert,wikidata
external_ids,person:271:imdb,insert,wikidata
external_ids,person:271:kinopoisk,insert,wikidata
external_ids,person:271:loc,insert,wikidata
external_ids,person:271:svensk_film,insert,wikidata
external_ids,person:271:tmdb_person,insert,wikidata
external_ids,person:271:viaf,insert,wikidata
external_ids,person:271:wikidata,insert,wikidata
people,272:birth_place,fill,wikidata
people,272:nationality,fill,wikidata
person_citizenships,272:United States,insert,wikidata
person_occupations,272:film editor,insert,wikidata
person_details,person:272,insert,wikidata
person_awards,272:Emmy Award:won:None,insert,wikidata
person_awards,272:Academy Award for Best Film Editing:nominated:2014,insert,wikidata
person_awards,272:Academy Award for Best Film Editing:nominated:2021,insert,wikidata
external_ids,person:272:allocine,insert,wikidata
external_ids,person:272:freebase,insert,wikidata
external_ids,person:272:imdb,insert,wikidata
external_ids,person:272:kinopoisk,insert,wikidata
external_ids,person:272:loc,insert,wikidata
external_ids,person:272:svensk_film,insert,wikidata
external_ids,person:272:tmdb_person,insert,wikidata
external_ids,person:272:viaf,insert,wikidata
external_ids,person:272:wikidata,insert,wikidata
people,273:nationality,fill,wikidata
person_citizenships,273:United Kingdom,insert,wikidata
person_occupations,273:actor,insert,wikidata
person_occupations,273:film actor,insert,wikidata
person_occupations,273:television actor,insert,wikidata
person_occupations,273:screenwriter,insert,wikidata
person_occupations,273:executive producer,insert,wikidata
person_details,person:273,insert,wikidata
person_awards,273:Primetime Emmy Award for Outstanding Lead Actor in a Limited or Anthology Series or Movie:won:2025,insert,wikidata
person_awards,273:Golden Globe Award for Best Actor – Miniseries or Television Film:won:2026,insert,wikidata
person_awards,273:Independent Spirit Award for Best Lead Performance in a New Scripted Series:won:2026,insert,wikidata
person_awards,273:British Academy Television Award for Best Actor:nominated:2016,insert,wikidata
external_ids,person:273:allmovie,insert,wikidata
external_ids,person:273:allocine,insert,wikidata
external_ids,person:273:bnf,insert,wikidata
external_ids,person:273:freebase,insert,wikidata
external_ids,person:273:gnd,insert,wikidata
external_ids,person:273:imdb,insert,wikidata
external_ids,person:273:instagram,insert,wikidata
external_ids,person:273:kinopoisk,insert,wikidata
external_ids,person:273:loc,insert,wikidata
external_ids,person:273:svensk_film,insert,wikidata
external_ids,person:273:tmdb_person,insert,wikidata
external_ids,person:273:twitter,insert,wikidata
external_ids,person:273:viaf,insert,wikidata
external_ids,person:273:wikidata,insert,wikidata
people,274:nationality,fill,wikidata
person_citizenships,274:United States,insert,wikidata
person_occupations,274:film producer,insert,wikidata
person_occupations,274:stunt performer,insert,wikidata
person_occupations,274:film actor,insert,wikidata
person_details,person:274,insert,wikidata
external_ids,person:274:freebase,insert,wikidata
external_ids,person:274:imdb,insert,wikidata
external_ids,person:274:loc,insert,wikidata
external_ids,person:274:tmdb_person,insert,wikidata
external_ids,person:274:viaf,insert,wikidata
external_ids,person:274:wikidata,insert,wikidata
people,275:nationality,fill,wikidata
person_citizenships,275:United States,insert,wikidata
person_occupations,275:composer,insert,wikidata
person_occupations,275:film score composer,insert,wikidata
person_occupations,275:conductor,insert,wikidata
person_occupations,275:musician,insert,wikidata
person_occupations,275:bandleader,insert,wikidata
person_details,person:275,insert,wikidata
person_awards,275:Academy Award for Best Original Score:nominated:2008,insert,wikidata
person_awards,275:Academy Award for Best Original Score:nominated:2010,insert,wikidata
external_ids,person:275:allmovie,insert,wikidata
external_ids,person:275:allocine,insert,wikidata
external_ids,person:275:bnf,insert,wikidata
external_ids,person:275:discogs,insert,wikidata
external_ids,person:275:freebase,insert,wikidata
external_ids,person:275:gnd,insert,wikidata
external_ids,person:275:imdb,insert,wikidata
external_ids,person:275:instagram,insert,wikidata
external_ids,person:275:kinopoisk,insert,wikidata
external_ids,person:275:loc,insert,wikidata
external_ids,person:275:musicbrainz_artist,insert,wikidata
external_ids,person:275:official_website,insert,wikidata
external_ids,person:275:svensk_film,insert,wikidata
external_ids,person:275:tmdb_person,insert,wikidata
external_ids,person:275:viaf,insert,wikidata
external_ids,person:275:wikidata,insert,wikidata
people,276:nationality,fill,wikidata
person_citizenships,276:United States,insert,wikidata
person_occupations,276:cinematographer,insert,wikidata
person_occupations,276:film producer,insert,wikidata
person_details,person:276,insert,wikidata
person_awards,276:Academy Award for Best Cinematography:won:1992,insert,wikidata
person_awards,276:Academy Award for Best Cinematography:won:2005,insert,wikidata
person_awards,276:Academy Award for Best Cinematography:won:2012,insert,wikidata
person_awards,276:Academy Award for Best Cinematography:nominated:1987,insert,wikidata
person_awards,276:Academy Award for Best Cinematography:nominated:1990,insert,wikidata
person_awards,276:Academy Award for Best Cinematography:nominated:1992,insert,wikidata
person_awards,276:Academy Award for Best Cinematography:nominated:2000,insert,wikidata
person_awards,276:Academy Award for Best Cinematography:nominated:2005,insert,wikidata
person_awards,276:Academy Award for Best Cinematography:nominated:2010,insert,wikidata
person_awards,276:Academy Award for Best Cinematography:nominated:2012,insert,wikidata
person_awards,276:Academy Award for Best Cinematography:nominated:2013,insert,wikidata
person_awards,276:Academy Award for Best Cinematography:nominated:2016,insert,wikidata
person_awards,276:Academy Award for Best Cinematography:nominated:2020,insert,wikidata
external_ids,person:276:allmovie,insert,wikidata
external_ids,person:276:allocine,insert,wikidata
external_ids,person:276:bnf,insert,wikidata
external_ids,person:276:freebase,insert,wikidata
external_ids,person:276:gnd,insert,wikidata
external_ids,person:276:imdb,insert,wikidata
external_ids,person:276:kinopoisk,insert,wikidata
external_ids,person:276:loc,insert,wikidata
external_ids,person:276:svensk_film,insert,wikidata
external_ids,person:276:tmdb_person,insert,wikidata
external_ids,person:276:viaf,insert,wikidata
external_ids,person:276:wikidata,insert,wikidata
people,277:wikidata_id,fill,wikidata
person_occupations,277:film editor,insert,wikidata
person_details,person:277,insert,wikidata
external_ids,person:277:wikidata,insert,wikidata
people,278:nationality,fill,wikidata
person_citizenships,278:United States,insert,wikidata
person_occupations,278:television actor,insert,wikidata
person_occupations,278:film actor,insert,wikidata
person_occupations,278:guitarist,insert,wikidata
person_occupations,278:singer-songwriter,insert,wikidata
person_occupations,278:photographer,insert,wikidata
person_occupations,278:film director,insert,wikidata
person_occupations,278:voice actor,insert,wikidata
person_occupations,278:businessperson,insert,wikidata
person_occupations,278:actor,insert,wikidata
person_occupations,278:singer,insert,wikidata
person_occupations,278:record producer,insert,wikidata
person_occupations,278:film producer,insert,wikidata
person_occupations,278:pianist,insert,wikidata
person_occupations,278:model,insert,wikidata
person_occupations,278:keyboardist,insert,wikidata
person_occupations,278:director,insert,wikidata
person_occupations,278:painter,insert,wikidata
person_occupations,278:composer,insert,wikidata
person_occupations,278:manufacturer,insert,wikidata
person_details,person:278,insert,wikidata
person_awards,278:Academy Award for Best Supporting Actor:won:2014,insert,wikidata
person_awards,278:Golden Globe Award for Best Supporting Actor – Motion Picture:won:None,insert,wikidata
person_awards,278:MTV Movie Award for Best On-Screen Transformation:won:2014,insert,wikidata
person_awards,278:Screen Actors Guild Award for Outstanding Performance by a Male Actor in a Supporting Role:won:None,insert,wikidata
person_awards,278:AARP Movies for Grownups Award for Best Supporting Actor:won:None,insert,wikidata
person_awards,278:Chicago Film Critics Association Award for Best Supporting Actor:won:None,insert,wikidata
person_awards,278:Broadcast Film Critics Association Award for Best Supporting Actor:won:None,insert,wikidata
person_awards,278:Dallas-Fort Worth Film Critics Association Award for Best Supporting Actor:won:None,insert,wikidata
person_awards,278:Detroit Film Critics Society Award for Best Supporting Actor:won:None,insert,wikidata
person_awards,278:Florida Film Critics Circle Award for Best Supporting Actor:won:None,insert,wikidata
person_awards,278:Golden Raspberry Award for Worst Actor:won:None,insert,wikidata
person_awards,278:Golden Raspberry Award for Worst Supporting Actor - Razzie Award:won:None,insert,wikidata
person_awards,278:Houston Film Critics Society Award for Best Supporting Actor:won:None,insert,wikidata
person_awards,278:Independent Spirit Award for Best Supporting Male:won:None,insert,wikidata
person_awards,278:Los Angeles Film Critics Association Award for Best Supporting Actor:won:None,insert,wikidata
person_awards,278:New York Film Critics Circle Award for Best Supporting Actor:won:None,insert,wikidata
person_awards,278:San Diego Film Critics Society Award for Best Supporting Actor:won:None,insert,wikidata
person_awards,278:Satellite Award for Best Supporting Actor – Motion Picture:won:None,insert,wikidata
person_awards,278:St. Louis Film Critics Association Award for Best Supporting Actor:won:None,insert,wikidata
person_awards,278:Toronto Film Critics Association Award for Best Supporting Actor:won:None,insert,wikidata
person_awards,278:Vancouver Film Critics Circle Award for Best Supporting Actor:won:None,insert,wikidata
person_awards,278:Washington D.C. Area Film Critics Association Award for Best Supporting Actor:won:None,insert,wikidata
person_awards,278:Academy Award for Best Supporting Actor:nominated:2014,insert,wikidata
external_ids,person:278:allmovie,insert,wikidata
external_ids,person:278:allocine,insert,wikidata
external_ids,person:278:bnf,insert,wikidata
external_ids,person:278:discogs,insert,wikidata
external_ids,person:278:freebase,insert,wikidata
external_ids,person:278:gnd,insert,wikidata
external_ids,person:278:imdb,insert,wikidata
external_ids,person:278:instagram,insert,wikidata
external_ids,person:278:kinopoisk,insert,wikidata
external_ids,person:278:loc,insert,wikidata
external_ids,person:278:musicbrainz_artist,insert,wikidata
external_ids,person:278:omni,insert,wikidata
external_ids,person:278:quora,insert,wikidata
external_ids,person:278:svensk_film,insert,wikidata
external_ids,person:278:tmdb_person,insert,wikidata
external_ids,person:278:twitter,insert,wikidata
external_ids,person:278:viaf,insert,wikidata
external_ids,person:278:wikitree,insert,wikidata
external_ids,person:278:wikidata,insert,wikidata
people,279:nationality,fill,wikidata
person_citizenships,279:Sweden,insert,wikidata
person_occupations,279:film director,insert,wikidata
person_occupations,279:screenwriter,insert,wikidata
person_occupations,279:director,insert,wikidata
person_occupations,279:actor,insert,wikidata
person_occupations,279:manufacturer,insert,wikidata
person_occupations,279:film producer,insert,wikidata
person_details,person:279,insert,wikidata
external_ids,person:279:allmovie,insert,wikidata
external_ids,person:279:allocine,insert,wikidata
external_ids,person:279:bnf,insert,wikidata
external_ids,person:279:freebase,insert,wikidata
external_ids,person:279:gnd,insert,wikidata
external_ids,person:279:imdb,insert,wikidata
external_ids,person:279:kinopoisk,insert,wikidata
external_ids,person:279:loc,insert,wikidata
external_ids,person:279:svensk_film,insert,wikidata
external_ids,person:279:tmdb_person,insert,wikidata
external_ids,person:279:viaf,insert,wikidata
external_ids,person:279:wikidata,insert,wikidata
people,28:nationality,fill,wikidata
person_citizenships,28:United States,insert,wikidata
person_citizenships,28:Canada,insert,wikidata
person_occupations,28:film director,insert,wikidata
person_occupations,28:actor,insert,wikidata
person_occupations,28:stage actor,insert,wikidata
person_occupations,28:television actor,insert,wikidata
person_occupations,28:film actor,insert,wikidata
person_occupations,28:film producer,insert,wikidata
person_occupations,28:screenwriter,insert,wikidata
person_occupations,28:voice actor,insert,wikidata
person_details,person:28,insert,wikidata
external_ids,person:28:allmovie,insert,wikidata
external_ids,person:28:bnf,insert,wikidata
external_ids,person:28:discogs,insert,wikidata
external_ids,person:28:freebase,insert,wikidata
external_ids,person:28:gnd,insert,wikidata
external_ids,person:28:imdb,insert,wikidata
external_ids,person:28:kinopoisk,insert,wikidata
external_ids,person:28:loc,insert,wikidata
external_ids,person:28:musicbrainz_artist,insert,wikidata
external_ids,person:28:svensk_film,insert,wikidata
external_ids,person:28:tmdb_person,insert,wikidata
external_ids,person:28:viaf,insert,wikidata
external_ids,person:28:wikidata,insert,wikidata
person_occupations,280:screenwriter,insert,wikidata
person_occupations,280:executive producer,insert,wikidata
person_details,person:280,insert,wikidata
external_ids,person:280:bnf,insert,wikidata
external_ids,person:280:freebase,insert,wikidata
external_ids,person:280:gnd,insert,wikidata
external_ids,person:280:imdb,insert,wikidata
external_ids,person:280:loc,insert,wikidata
external_ids,person:280:tmdb_person,insert,wikidata
external_ids,person:280:viaf,insert,wikidata
external_ids,person:280:wikidata,insert,wikidata
person_occupations,281:screenwriter,insert,wikidata
person_occupations,281:executive producer,insert,wikidata
person_details,person:281,insert,wikidata
external_ids,person:281:bnf,insert,wikidata
external_ids,person:281:freebase,insert,wikidata
external_ids,person:281:gnd,insert,wikidata
external_ids,person:281:imdb,insert,wikidata
external_ids,person:281:loc,insert,wikidata
external_ids,person:281:tmdb_person,insert,wikidata
external_ids,person:281:viaf,insert,wikidata
external_ids,person:281:wikidata,insert,wikidata
people,282:birth_date,fill,wikidata
people,282:birth_place,fill,wikidata
person_occupations,282:film producer,insert,wikidata
person_details,person:282,insert,wikidata
external_ids,person:282:freebase,insert,wikidata
external_ids,person:282:imdb,insert,wikidata
external_ids,person:282:tmdb_person,insert,wikidata
external_ids,person:282:wikidata,insert,wikidata
people,283:birth_date,fill,wikidata
people,283:birth_place,fill,wikidata
people,283:nationality,fill,wikidata
person_citizenships,283:Sweden,insert,wikidata
person_occupations,283:composer,insert,wikidata
person_occupations,283:sound designer,insert,wikidata
person_occupations,283:audio engineer,insert,wikidata
person_occupations,283:audio technician,insert,wikidata
person_occupations,283:musician,insert,wikidata
person_details,person:283,insert,wikidata
person_awards,283:Robert Award for Best Score:won:2020,insert,wikidata
external_ids,person:283:allmovie,insert,wikidata
external_ids,person:283:allocine,insert,wikidata
external_ids,person:283:bnf,insert,wikidata
external_ids,person:283:freebase,insert,wikidata
external_ids,person:283:gnd,insert,wikidata
external_ids,person:283:imdb,insert,wikidata
external_ids,person:283:kinopoisk,insert,wikidata
external_ids,person:283:loc,insert,wikidata
external_ids,person:283:musicbrainz_artist,insert,wikidata
external_ids,person:283:official_website,insert,wikidata
external_ids,person:283:svensk_film,insert,wikidata
external_ids,person:283:tmdb_person,insert,wikidata
external_ids,person:283:viaf,insert,wikidata
external_ids,person:283:wikidata,insert,wikidata
people,284:nationality,fill,wikidata
person_citizenships,284:United Kingdom,insert,wikidata
person_occupations,284:cinematographer,insert,wikidata
person_occupations,284:camera operator,insert,wikidata
person_occupations,284:actor,insert,wikidata
person_details,person:284,insert,wikidata
person_awards,284:Jupiter Awards:won:None,insert,wikidata
external_ids,person:284:allmovie,insert,wikidata
external_ids,person:284:allocine,insert,wikidata
external_ids,person:284:bnf,insert,wikidata
external_ids,person:284:freebase,insert,wikidata
external_ids,person:284:gnd,insert,wikidata
external_ids,person:284:imdb,insert,wikidata
external_ids,person:284:kinopoisk,insert,wikidata
external_ids,person:284:loc,insert,wikidata
external_ids,person:284:svensk_film,insert,wikidata
external_ids,person:284:tmdb_person,insert,wikidata
external_ids,person:284:viaf,insert,wikidata
external_ids,person:284:wikidata,insert,wikidata
people,285:nationality,fill,wikidata
person_citizenships,285:United States,insert,wikidata
person_occupations,285:television actor,insert,wikidata
person_occupations,285:film actor,insert,wikidata
person_occupations,285:actor,insert,wikidata
person_occupations,285:film producer,insert,wikidata
person_occupations,285:producer,insert,wikidata
person_occupations,285:voice actor,insert,wikidata
person_occupations,285:model,insert,wikidata
person_occupations,285:erotic photography model,insert,wikidata
person_details,person:285,insert,wikidata
external_ids,person:285:allmovie,insert,wikidata
external_ids,person:285:allocine,insert,wikidata
external_ids,person:285:freebase,insert,wikidata
external_ids,person:285:gnd,insert,wikidata
external_ids,person:285:imdb,insert,wikidata
external_ids,person:285:instagram,insert,wikidata
external_ids,person:285:kinopoisk,insert,wikidata
external_ids,person:285:loc,insert,wikidata
external_ids,person:285:musicbrainz_artist,insert,wikidata
external_ids,person:285:omni,insert,wikidata
external_ids,person:285:svensk_film,insert,wikidata
external_ids,person:285:tmdb_person,insert,wikidata
external_ids,person:285:twitter,insert,wikidata
external_ids,person:285:viaf,insert,wikidata
external_ids,person:285:wikitree,insert,wikidata
external_ids,person:285:wikidata,insert,wikidata
people,286:nationality,fill,wikidata
person_citizenships,286:United States,insert,wikidata
person_citizenships,286:Peru,insert,wikidata
person_occupations,286:actor,insert,wikidata
person_occupations,286:film actor,insert,wikidata
person_occupations,286:singer,insert,wikidata
person_occupations,286:television actor,insert,wikidata
person_details,person:286,insert,wikidata
external_ids,person:286:allmovie,insert,wikidata
external_ids,person:286:allocine,insert,wikidata
external_ids,person:286:discogs,insert,wikidata
external_ids,person:286:gnd,insert,wikidata
external_ids,person:286:imdb,insert,wikidata
external_ids,person:286:instagram,insert,wikidata
external_ids,person:286:kinopoisk,insert,wikidata
external_ids,person:286:loc,insert,wikidata
external_ids,person:286:musicbrainz_artist,insert,wikidata
external_ids,person:286:svensk_film,insert,wikidata
external_ids,person:286:tmdb_person,insert,wikidata
external_ids,person:286:twitter,insert,wikidata
external_ids,person:286:viaf,insert,wikidata
external_ids,person:286:wikidata,insert,wikidata
people,287:nationality,fill,wikidata
person_citizenships,287:Kenya,insert,wikidata
person_citizenships,287:United States,insert,wikidata
person_occupations,287:film actor,insert,wikidata
person_occupations,287:actor,insert,wikidata
person_details,person:287,insert,wikidata
external_ids,person:287:allmovie,insert,wikidata
external_ids,person:287:allocine,insert,wikidata
external_ids,person:287:gnd,insert,wikidata
external_ids,person:287:imdb,insert,wikidata
external_ids,person:287:instagram,insert,wikidata
external_ids,person:287:kinopoisk,insert,wikidata
external_ids,person:287:loc,insert,wikidata
external_ids,person:287:quora,insert,wikidata
external_ids,person:287:tmdb_person,insert,wikidata
external_ids,person:287:twitter,insert,wikidata
external_ids,person:287:viaf,insert,wikidata
external_ids,person:287:wikidata,insert,wikidata
people,288:nationality,fill,wikidata
person_citizenships,288:United States,insert,wikidata
person_occupations,288:actor,insert,wikidata
person_occupations,288:television actor,insert,wikidata
person_occupations,288:podcaster,insert,wikidata
person_occupations,288:screenwriter,insert,wikidata
person_occupations,288:film actor,insert,wikidata
person_occupations,288:television director,insert,wikidata
person_occupations,288:television producer,insert,wikidata
person_occupations,288:film producer,insert,wikidata
person_occupations,288:director,insert,wikidata
person_details,person:288,insert,wikidata
person_awards,288:Time 100:won:None,insert,wikidata
person_awards,288:Time 100:won:2025,insert,wikidata
person_awards,288:Golden Globe Award for Best Actor – Television Series Drama:nominated:2023,insert,wikidata
external_ids,person:288:allmovie,insert,wikidata
external_ids,person:288:allocine,insert,wikidata
external_ids,person:288:bnf,insert,wikidata
external_ids,person:288:freebase,insert,wikidata
external_ids,person:288:gnd,insert,wikidata
external_ids,person:288:imdb,insert,wikidata
external_ids,person:288:instagram,insert,wikidata
external_ids,person:288:kinopoisk,insert,wikidata
external_ids,person:288:loc,insert,wikidata
external_ids,person:288:musicbrainz_artist,insert,wikidata
external_ids,person:288:svensk_film,insert,wikidata
external_ids,person:288:tmdb_person,insert,wikidata
external_ids,person:288:twitter,insert,wikidata
external_ids,person:288:viaf,insert,wikidata
external_ids,person:288:wikidata,insert,wikidata
people,289:birth_date,fill,wikidata
people,289:wikidata_id,fill,wikidata
people,289:imdb_id,fill,wikidata
people,289:tmdb_id,fill,wikidata
people,289:birth_place,fill,wikidata
people,289:nationality,fill,wikidata
person_citizenships,289:United Kingdom,insert,wikidata
person_occupations,289:television director,insert,wikidata
person_occupations,289:executive producer,insert,wikidata
person_occupations,289:film director,insert,wikidata
person_occupations,289:film screenwriter,insert,wikidata
person_occupations,289:filmmaker,insert,wikidata
person_occupations,289:screenwriter,insert,wikidata
person_occupations,289:film producer,insert,wikidata
person_occupations,289:director,insert,wikidata
person_details,person:289,insert,wikidata
external_ids,person:289:bnf,insert,wikidata
external_ids,person:289:freebase,insert,wikidata
external_ids,person:289:gnd,insert,wikidata
external_ids,person:289:imdb,insert,wikidata
external_ids,person:289:loc,insert,wikidata
external_ids,person:289:tmdb_person,insert,wikidata
external_ids,person:289:viaf,insert,wikidata
external_ids,person:289:wikidata,insert,wikidata
people,29:nationality,fill,wikidata
person_citizenships,29:United States,insert,wikidata
person_occupations,29:actor,insert,wikidata
person_occupations,29:television actor,insert,wikidata
person_occupations,29:model,insert,wikidata
person_occupations,29:film actor,insert,wikidata
person_details,person:29,insert,wikidata
external_ids,person:29:allmovie,insert,wikidata
external_ids,person:29:allocine,insert,wikidata
external_ids,person:29:bnf,insert,wikidata
external_ids,person:29:freebase,insert,wikidata
external_ids,person:29:gnd,insert,wikidata
external_ids,person:29:imdb,insert,wikidata
external_ids,person:29:instagram,insert,wikidata
external_ids,person:29:kinopoisk,insert,wikidata
external_ids,person:29:loc,insert,wikidata
external_ids,person:29:svensk_film,insert,wikidata
external_ids,person:29:tmdb_person,insert,wikidata
external_ids,person:29:twitter,insert,wikidata
external_ids,person:29:viaf,insert,wikidata
external_ids,person:29:wikidata,insert,wikidata
people,291:nationality,fill,wikidata
person_citizenships,291:Turkey,insert,wikidata
person_occupations,291:director,insert,wikidata
person_occupations,291:film screenwriter,insert,wikidata
person_details,person:291,insert,wikidata
external_ids,person:291:imdb,insert,wikidata
external_ids,person:291:tmdb_person,insert,wikidata
external_ids,person:291:wikidata,insert,wikidata
people,292:nationality,fill,wikidata
person_citizenships,292:United States,insert,wikidata
person_occupations,292:film producer,insert,wikidata
person_details,person:292,insert,wikidata
external_ids,person:292:freebase,insert,wikidata
external_ids,person:292:gnd,insert,wikidata
external_ids,person:292:imdb,insert,wikidata
external_ids,person:292:loc,insert,wikidata
external_ids,person:292:musicbrainz_artist,insert,wikidata
external_ids,person:292:tmdb_person,insert,wikidata
external_ids,person:292:viaf,insert,wikidata
external_ids,person:292:wikidata,insert,wikidata
people,293:nationality,fill,wikidata
person_citizenships,293:Sweden,insert,wikidata
person_occupations,293:musician,insert,wikidata
person_occupations,293:composer,insert,wikidata
person_occupations,293:film score composer,insert,wikidata
person_details,person:293,insert,wikidata
person_awards,293:Amanda Award for Best Score:won:2009,insert,wikidata
person_awards,293:Amanda Award for Best Score:won:2011,insert,wikidata
person_awards,293:European Film Award for Best Composer:nominated:2005,insert,wikidata
person_awards,293:European Film Award for Best Composer:nominated:2009,insert,wikidata
external_ids,person:293:allmovie,insert,wikidata
external_ids,person:293:allocine,insert,wikidata
external_ids,person:293:bnf,insert,wikidata
external_ids,person:293:discogs,insert,wikidata
external_ids,person:293:freebase,insert,wikidata
external_ids,person:293:gnd,insert,wikidata
external_ids,person:293:imdb,insert,wikidata
external_ids,person:293:loc,insert,wikidata
external_ids,person:293:musicbrainz_artist,insert,wikidata
external_ids,person:293:official_website,insert,wikidata
external_ids,person:293:svensk_film,insert,wikidata
external_ids,person:293:tmdb_person,insert,wikidata
external_ids,person:293:viaf,insert,wikidata
external_ids,person:293:wikidata,insert,wikidata
people,294:nationality,fill,wikidata
person_citizenships,294:Australia,insert,wikidata
person_occupations,294:actor,insert,wikidata
person_occupations,294:film actor,insert,wikidata
person_occupations,294:model,insert,wikidata
person_occupations,294:television actor,insert,wikidata
person_details,person:294,insert,wikidata
external_ids,person:294:allmovie,insert,wikidata
external_ids,person:294:allocine,insert,wikidata
external_ids,person:294:freebase,insert,wikidata
external_ids,person:294:imdb,insert,wikidata
external_ids,person:294:instagram,insert,wikidata
external_ids,person:294:kinopoisk,insert,wikidata
external_ids,person:294:loc,insert,wikidata
external_ids,person:294:tmdb_person,insert,wikidata
external_ids,person:294:twitter,insert,wikidata
external_ids,person:294:viaf,insert,wikidata
external_ids,person:294:wikidata,insert,wikidata
people,295:nationality,fill,wikidata
person_citizenships,295:United Kingdom,insert,wikidata
person_occupations,295:film actor,insert,wikidata
person_occupations,295:actor,insert,wikidata
person_details,person:295,insert,wikidata
external_ids,person:295:allocine,insert,wikidata
external_ids,person:295:imdb,insert,wikidata
external_ids,person:295:instagram,insert,wikidata
external_ids,person:295:kinopoisk,insert,wikidata
external_ids,person:295:tmdb_person,insert,wikidata
external_ids,person:295:viaf,insert,wikidata
external_ids,person:295:wikidata,insert,wikidata
people,296:nationality,fill,wikidata
person_citizenships,296:United Kingdom,insert,wikidata
person_citizenships,296:Ghana,insert,wikidata
person_occupations,296:actor,insert,wikidata
person_details,person:296,insert,wikidata
external_ids,person:296:allocine,insert,wikidata
external_ids,person:296:imdb,insert,wikidata
external_ids,person:296:tmdb_person,insert,wikidata
external_ids,person:296:wikidata,insert,wikidata
people,297:birth_place,fill,wikidata
people,297:nationality,fill,wikidata
person_citizenships,297:United States,insert,wikidata
person_occupations,297:screenwriter,insert,wikidata
person_occupations,297:film director,insert,wikidata
person_occupations,297:film producer,insert,wikidata
person_occupations,297:director,insert,wikidata
person_details,person:297,insert,wikidata
person_awards,297:National Board of Review Award for Best Film:won:None,insert,wikidata
person_awards,"297:Academy Award for Best Writing, Original Screenplay:nominated:2012",insert,wikidata
external_ids,person:297:allmovie,insert,wikidata
external_ids,person:297:allocine,insert,wikidata
external_ids,person:297:bnf,insert,wikidata
external_ids,person:297:freebase,insert,wikidata
external_ids,person:297:gnd,insert,wikidata
external_ids,person:297:imdb,insert,wikidata
external_ids,person:297:kinopoisk,insert,wikidata
external_ids,person:297:loc,insert,wikidata
external_ids,person:297:svensk_film,insert,wikidata
external_ids,person:297:tmdb_person,insert,wikidata
external_ids,person:297:viaf,insert,wikidata
external_ids,person:297:wikidata,insert,wikidata
people,298:birth_date,fill,wikidata
people,298:birth_place,fill,wikidata
people,298:nationality,fill,wikidata
person_citizenships,298:United States,insert,wikidata
person_occupations,298:screenwriter,insert,wikidata
person_details,person:298,insert,wikidata
person_awards,"298:Hugo Award for Best Dramatic Presentation, Long Form:nominated:2009",insert,wikidata
external_ids,person:298:allmovie,insert,wikidata
external_ids,person:298:allocine,insert,wikidata
external_ids,person:298:bnf,insert,wikidata
external_ids,person:298:freebase,insert,wikidata
external_ids,person:298:imdb,insert,wikidata
external_ids,person:298:loc,insert,wikidata
external_ids,person:298:svensk_film,insert,wikidata
external_ids,person:298:tmdb_person,insert,wikidata
external_ids,person:298:viaf,insert,wikidata
external_ids,person:298:wikidata,insert,wikidata
people,299:birth_date,fill,wikidata
people,299:birth_place,fill,wikidata
people,299:nationality,fill,wikidata
person_citizenships,299:United States,insert,wikidata
person_occupations,299:screenwriter,insert,wikidata
person_details,person:299,insert,wikidata
person_awards,"299:Hugo Award for Best Dramatic Presentation, Long Form:nominated:2009",insert,wikidata
external_ids,person:299:allmovie,insert,wikidata
external_ids,person:299:allocine,insert,wikidata
external_ids,person:299:bnf,insert,wikidata
external_ids,person:299:freebase,insert,wikidata
external_ids,person:299:imdb,insert,wikidata
external_ids,person:299:kinopoisk,insert,wikidata
external_ids,person:299:loc,insert,wikidata
external_ids,person:299:svensk_film,insert,wikidata
external_ids,person:299:tmdb_person,insert,wikidata
external_ids,person:299:viaf,insert,wikidata
external_ids,person:299:wikidata,insert,wikidata
people,3:nationality,fill,wikidata
person_citizenships,3:United States,insert,wikidata
person_occupations,3:actor,insert,wikidata
person_occupations,3:television actor,insert,wikidata
person_occupations,3:stage actor,insert,wikidata
person_occupations,3:film actor,insert,wikidata
person_details,person:3,insert,wikidata
external_ids,person:3:allmovie,insert,wikidata
external_ids,person:3:find_a_grave,insert,wikidata
external_ids,person:3:freebase,insert,wikidata
external_ids,person:3:gnd,insert,wikidata
external_ids,person:3:imdb,insert,wikidata
external_ids,person:3:loc,insert,wikidata
external_ids,person:3:svensk_film,insert,wikidata
external_ids,person:3:tmdb_person,insert,wikidata
external_ids,person:3:viaf,insert,wikidata
external_ids,person:3:wikitree,insert,wikidata
external_ids,person:3:wikidata,insert,wikidata
people,30:nationality,fill,wikidata
person_citizenships,30:India,insert,wikidata
person_occupations,30:stage actor,insert,wikidata
person_occupations,30:film actor,insert,wikidata
person_occupations,30:television actor,insert,wikidata
person_occupations,30:actor,insert,wikidata
person_details,person:30,insert,wikidata
person_awards,30:Padma Shri in arts:won:2011,insert,wikidata
person_awards,30:CNN-News18 Indian of the Year:won:2012,insert,wikidata
person_awards,30:Asian Film Award for Best Actor:won:2014,insert,wikidata
person_awards,30:Filmfare Award for Best Performance in a Negative Role:won:None,insert,wikidata
person_awards,30:Filmfare Award for Best Supporting Actor:won:None,insert,wikidata
person_awards,30:National Film Award for Best Actor:won:None,insert,wikidata
person_awards,30:Filmfare Critics Award for Best Actor:won:None,insert,wikidata
person_awards,30:Filmfare Award for Best Actor:won:None,insert,wikidata
external_ids,person:30:allmovie,insert,wikidata
external_ids,person:30:allocine,insert,wikidata
external_ids,person:30:bnf,insert,wikidata
external_ids,person:30:freebase,insert,wikidata
external_ids,person:30:gnd,insert,wikidata
external_ids,person:30:imdb,insert,wikidata
external_ids,person:30:instagram,insert,wikidata
external_ids,person:30:kinopoisk,insert,wikidata
external_ids,person:30:loc,insert,wikidata
external_ids,person:30:musicbrainz_artist,insert,wikidata
external_ids,person:30:quora,insert,wikidata
external_ids,person:30:svensk_film,insert,wikidata
external_ids,person:30:tmdb_person,insert,wikidata
external_ids,person:30:twitter,insert,wikidata
external_ids,person:30:viaf,insert,wikidata
external_ids,person:30:wikitree,insert,wikidata
external_ids,person:30:wikidata,insert,wikidata
people,300:birth_date,fill,wikidata
people,300:nationality,fill,wikidata
person_citizenships,300:United States,insert,wikidata
person_occupations,300:film director,insert,wikidata
person_occupations,300:screenwriter,insert,wikidata
person_occupations,300:director,insert,wikidata
person_details,person:300,insert,wikidata
external_ids,person:300:allmovie,insert,wikidata
external_ids,person:300:allocine,insert,wikidata
external_ids,person:300:bnf,insert,wikidata
external_ids,person:300:freebase,insert,wikidata
external_ids,person:300:gnd,insert,wikidata
external_ids,person:300:imdb,insert,wikidata
external_ids,person:300:kinopoisk,insert,wikidata
external_ids,person:300:loc,insert,wikidata
external_ids,person:300:svensk_film,insert,wikidata
external_ids,person:300:tmdb_person,insert,wikidata
external_ids,person:300:viaf,insert,wikidata
external_ids,person:300:wikidata,insert,wikidata
people,302:nationality,fill,wikidata
person_citizenships,302:United Kingdom,insert,wikidata
person_occupations,302:conductor,insert,wikidata
person_occupations,302:film score composer,insert,wikidata
person_occupations,302:musician,insert,wikidata
person_occupations,302:pianist,insert,wikidata
person_occupations,302:composer,insert,wikidata
person_occupations,302:bandleader,insert,wikidata
person_details,person:302,insert,wikidata
person_awards,302:Hollywood Music in Media Awards:won:None,insert,wikidata
external_ids,person:302:allocine,insert,wikidata
external_ids,person:302:discogs,insert,wikidata
external_ids,person:302:freebase,insert,wikidata
external_ids,person:302:gnd,insert,wikidata
external_ids,person:302:imdb,insert,wikidata
external_ids,person:302:instagram,insert,wikidata
external_ids,person:302:loc,insert,wikidata
external_ids,person:302:musicbrainz_artist,insert,wikidata
external_ids,person:302:official_website,insert,wikidata
external_ids,person:302:tmdb_person,insert,wikidata
external_ids,person:302:twitter,insert,wikidata
external_ids,person:302:viaf,insert,wikidata
external_ids,person:302:wikidata,insert,wikidata
people,303:nationality,fill,wikidata
person_citizenships,303:France,insert,wikidata
person_occupations,303:composer,insert,wikidata
person_details,person:303,insert,wikidata
person_awards,303:European Film Award for Best Composer:won:2017,insert,wikidata
external_ids,person:303:allmovie,insert,wikidata
external_ids,person:303:allocine,insert,wikidata
external_ids,person:303:bnf,insert,wikidata
external_ids,person:303:discogs,insert,wikidata
external_ids,person:303:freebase,insert,wikidata
external_ids,person:303:gnd,insert,wikidata
external_ids,person:303:imdb,insert,wikidata
external_ids,person:303:kinopoisk,insert,wikidata
external_ids,person:303:loc,insert,wikidata
external_ids,person:303:musicbrainz_artist,insert,wikidata
external_ids,person:303:svensk_film,insert,wikidata
external_ids,person:303:tmdb_person,insert,wikidata
external_ids,person:303:viaf,insert,wikidata
external_ids,person:303:wikidata,insert,wikidata
people,304:nationality,fill,wikidata
person_citizenships,304:France,insert,wikidata
person_occupations,304:composer,insert,wikidata
person_occupations,304:musician,insert,wikidata
person_details,person:304,insert,wikidata
person_awards,304:European Film Award for Best Composer:won:2017,insert,wikidata
external_ids,person:304:allocine,insert,wikidata
external_ids,person:304:bnf,insert,wikidata
external_ids,person:304:discogs,insert,wikidata
external_ids,person:304:freebase,insert,wikidata
external_ids,person:304:gnd,insert,wikidata
external_ids,person:304:imdb,insert,wikidata
external_ids,person:304:loc,insert,wikidata
external_ids,person:304:musicbrainz_artist,insert,wikidata
external_ids,person:304:tmdb_person,insert,wikidata
external_ids,person:304:viaf,insert,wikidata
external_ids,person:304:wikidata,insert,wikidata
people,305:nationality,fill,wikidata
person_citizenships,305:United Kingdom,insert,wikidata
person_occupations,305:cinematographer,insert,wikidata
person_details,person:305,insert,wikidata
external_ids,person:305:allmovie,insert,wikidata
external_ids,person:305:allocine,insert,wikidata
external_ids,person:305:freebase,insert,wikidata
external_ids,person:305:gnd,insert,wikidata
external_ids,person:305:imdb,insert,wikidata
external_ids,person:305:kinopoisk,insert,wikidata
external_ids,person:305:loc,insert,wikidata
external_ids,person:305:official_website,insert,wikidata
external_ids,person:305:svensk_film,insert,wikidata
external_ids,person:305:tmdb_person,insert,wikidata
external_ids,person:305:viaf,insert,wikidata
external_ids,person:305:wikidata,insert,wikidata
people,306:birth_date,fill,wikidata
people,306:wikidata_id,fill,wikidata
people,306:imdb_id,fill,wikidata
people,306:tmdb_id,fill,wikidata
people,306:birth_place,fill,wikidata
people,306:nationality,fill,wikidata
person_citizenships,306:United States,insert,wikidata
person_occupations,306:film editor,insert,wikidata
person_details,person:306,insert,wikidata
person_awards,306:Academy Award for Best Film Editing:nominated:1987,insert,wikidata
person_awards,306:Academy Award for Best Film Editing:nominated:1996,insert,wikidata
external_ids,person:306:allmovie,insert,wikidata
external_ids,person:306:allocine,insert,wikidata
external_ids,person:306:freebase,insert,wikidata
external_ids,person:306:gnd,insert,wikidata
external_ids,person:306:imdb,insert,wikidata
external_ids,person:306:kinopoisk,insert,wikidata
external_ids,person:306:loc,insert,wikidata
external_ids,person:306:svensk_film,insert,wikidata
external_ids,person:306:tmdb_person,insert,wikidata
external_ids,person:306:viaf,insert,wikidata
external_ids,person:306:wikidata,insert,wikidata
people,307:nationality,fill,wikidata
person_citizenships,307:United Kingdom,insert,wikidata
person_occupations,307:actor,insert,wikidata
person_occupations,307:film actor,insert,wikidata
person_details,person:307,insert,wikidata
person_awards,307:BAFTA Rising Star Award:won:2013,insert,wikidata
person_awards,307:Sitges Film Festival Best Actress award:won:2013,insert,wikidata
external_ids,person:307:allmovie,insert,wikidata
external_ids,person:307:allocine,insert,wikidata
external_ids,person:307:bnf,insert,wikidata
external_ids,person:307:discogs,insert,wikidata
external_ids,person:307:freebase,insert,wikidata
external_ids,person:307:gnd,insert,wikidata
external_ids,person:307:imdb,insert,wikidata
external_ids,person:307:instagram,insert,wikidata
external_ids,person:307:kinopoisk,insert,wikidata
external_ids,person:307:loc,insert,wikidata
external_ids,person:307:musicbrainz_artist,insert,wikidata
external_ids,person:307:svensk_film,insert,wikidata
external_ids,person:307:tmdb_person,insert,wikidata
external_ids,person:307:viaf,insert,wikidata
external_ids,person:307:wikidata,insert,wikidata
people,308:nationality,fill,wikidata
person_citizenships,308:Canada,insert,wikidata
person_occupations,308:actor,insert,wikidata
person_details,person:308,insert,wikidata
external_ids,person:308:imdb,insert,wikidata
external_ids,person:308:instagram,insert,wikidata
external_ids,person:308:tmdb_person,insert,wikidata
external_ids,person:308:twitter,insert,wikidata
external_ids,person:308:wikidata,insert,wikidata
people,309:nationality,fill,wikidata
person_citizenships,309:Mexico,insert,wikidata
person_occupations,309:actor,insert,wikidata
person_occupations,309:artist,insert,wikidata
person_occupations,309:association football player,insert,wikidata
person_details,person:309,insert,wikidata
external_ids,person:309:imdb,insert,wikidata
external_ids,person:309:instagram,insert,wikidata
external_ids,person:309:musicbrainz_artist,insert,wikidata
external_ids,person:309:tmdb_person,insert,wikidata
external_ids,person:309:twitter,insert,wikidata
external_ids,person:309:wikidata,insert,wikidata
people,31:nationality,fill,wikidata
person_citizenships,31:United States,insert,wikidata
person_occupations,31:actor,insert,wikidata
person_occupations,31:singer,insert,wikidata
person_occupations,31:writer,insert,wikidata
person_occupations,31:comedian,insert,wikidata
person_occupations,31:film producer,insert,wikidata
person_occupations,31:television actor,insert,wikidata
person_occupations,31:pianist,insert,wikidata
person_occupations,31:songwriter,insert,wikidata
person_occupations,31:film actor,insert,wikidata
person_occupations,31:voice actor,insert,wikidata
person_occupations,31:film director,insert,wikidata
person_occupations,31:game show host,insert,wikidata
person_occupations,31:record producer,insert,wikidata
person_occupations,31:musician,insert,wikidata
person_details,person:31,insert,wikidata
person_awards,31:Academy Award for Best Actor:won:2005,insert,wikidata
person_awards,31:BAFTA Award for Best Actor in a Leading Role:won:2005,insert,wikidata
person_awards,31:star on Hollywood Walk of Fame:won:None,insert,wikidata
person_awards,31:Golden Globe Award for Best Actor – Motion Picture Musical or Comedy:won:2005,insert,wikidata
person_awards,31:Screen Actors Guild Award for Outstanding Performance by a Male Actor in a Leading Role:won:2005,insert,wikidata
person_awards,31:Favorite Soul/R&B Male Artist:won:None,insert,wikidata
person_awards,"31:Soul Train Music Award for Best R&B/Soul Album, Male:won:2007",insert,wikidata
person_awards,31:Grammy Award for Best R&B Performance by a Duo or Group with Vocals:won:2007,insert,wikidata
person_awards,31:MTV Movie Award for Best Male Performance:won:2005,insert,wikidata
person_awards,31:MTV Movie Award for Best Jaw Dropping Moment:won:2013,insert,wikidata
person_awards,31:BET Award for Best Collaboration:won:2009,insert,wikidata
person_awards,31:Black Reel Award for Best Supporting Actor:won:2002,insert,wikidata
person_awards,31:Black Reel Award for Best Supporting Actor:won:2005,insert,wikidata
person_awards,31:Boston Society of Film Critics Award for Best Actor:won:2004,insert,wikidata
person_awards,31:Critics' Choice Movie Award for Best Actor:won:2004,insert,wikidata
person_awards,31:Florida Film Critics Circle Award for Best Actor:won:2004,insert,wikidata
person_awards,31:Hollywood Film Festival:won:2004,insert,wikidata
person_awards,31:Kansas City Film Critics Circle Award for Best Actor:won:2004,insert,wikidata
person_awards,31:Las Vegas Film Critics Society Award for Best Actor:won:2004,insert,wikidata
person_awards,31:London Film Critics Circle Award for Actor of the Year:won:2004,insert,wikidata
person_awards,31:NAACP Image Award for Outstanding Actor in a Comedy Series:won:1998,insert,wikidata
person_awards,31:NAACP Image Award for Outstanding Actor in a Motion Picture:won:2004,insert,wikidata
person_awards,31:National Board of Review Award for Best Actor:won:2005,insert,wikidata
person_awards,31:Soul Train Music Award for Best R&B/Soul or Rap Music Video:won:2006,insert,wikidata
person_awards,31:Vancouver Film Critics Circle Award for Best Actor:won:2004,insert,wikidata
person_awards,31:Washington D.C. Area Film Critics Association:won:2004,insert,wikidata
person_awards,31:Women in Film Honors:won:2005,insert,wikidata
person_awards,31:Academy Award for Best Supporting Actor:nominated:2005,insert,wikidata
person_awards,31:Academy Award for Best Actor:nominated:2005,insert,wikidata
person_awards,31:NAACP Image Award for Outstanding Actor in a Comedy Series:nominated:1999,insert,wikidata
external_ids,person:31:allmovie,insert,wikidata
external_ids,person:31:allocine,insert,wikidata
external_ids,person:31:bnf,insert,wikidata
external_ids,person:31:discogs,insert,wikidata
external_ids,person:31:freebase,insert,wikidata
external_ids,person:31:gnd,insert,wikidata
external_ids,person:31:imdb,insert,wikidata
external_ids,person:31:instagram,insert,wikidata
external_ids,person:31:kinopoisk,insert,wikidata
external_ids,person:31:loc,insert,wikidata
external_ids,person:31:musicbrainz_artist,insert,wikidata
external_ids,person:31:official_website,insert,wikidata
external_ids,person:31:omni,insert,wikidata
external_ids,person:31:quora,insert,wikidata
external_ids,person:31:svensk_film,insert,wikidata
external_ids,person:31:tmdb_person,insert,wikidata
external_ids,person:31:twitter,insert,wikidata
external_ids,person:31:viaf,insert,wikidata
external_ids,person:31:wikitree,insert,wikidata
external_ids,person:31:wikidata,insert,wikidata
people,310:nationality,fill,wikidata
person_citizenships,310:United States,insert,wikidata
person_occupations,310:composer,insert,wikidata
person_occupations,310:musician,insert,wikidata
person_details,person:310,insert,wikidata
external_ids,person:310:bnf,insert,wikidata
external_ids,person:310:discogs,insert,wikidata
external_ids,person:310:freebase,insert,wikidata
external_ids,person:310:imdb,insert,wikidata
external_ids,person:310:instagram,insert,wikidata
external_ids,person:310:loc,insert,wikidata
external_ids,person:310:musicbrainz_artist,insert,wikidata
external_ids,person:310:official_website,insert,wikidata
external_ids,person:310:tmdb_person,insert,wikidata
external_ids,person:310:twitter,insert,wikidata
external_ids,person:310:viaf,insert,wikidata
external_ids,person:310:wikidata,insert,wikidata
people,311:nationality,fill,wikidata
person_citizenships,311:Germany,insert,wikidata
person_occupations,311:cinematographer,insert,wikidata
person_occupations,311:camera operator,insert,wikidata
person_details,person:311,insert,wikidata
external_ids,person:311:allmovie,insert,wikidata
external_ids,person:311:allocine,insert,wikidata
external_ids,person:311:freebase,insert,wikidata
external_ids,person:311:gnd,insert,wikidata
external_ids,person:311:imdb,insert,wikidata
external_ids,person:311:kinopoisk,insert,wikidata
external_ids,person:311:loc,insert,wikidata
external_ids,person:311:tmdb_person,insert,wikidata
external_ids,person:311:viaf,insert,wikidata
external_ids,person:311:wikidata,insert,wikidata
people,312:nationality,fill,wikidata
person_citizenships,312:United Kingdom,insert,wikidata
person_occupations,312:film editor,insert,wikidata
person_details,person:312,insert,wikidata
person_awards,312:Academy Award for Best Film Editing:won:2014,insert,wikidata
person_awards,312:Academy Award for Best Film Editing:nominated:2014,insert,wikidata
external_ids,person:312:allmovie,insert,wikidata
external_ids,person:312:allocine,insert,wikidata
external_ids,person:312:freebase,insert,wikidata
external_ids,person:312:gnd,insert,wikidata
external_ids,person:312:imdb,insert,wikidata
external_ids,person:312:kinopoisk,insert,wikidata
external_ids,person:312:loc,insert,wikidata
external_ids,person:312:tmdb_person,insert,wikidata
external_ids,person:312:viaf,insert,wikidata
external_ids,person:312:wikidata,insert,wikidata
people,313:nationality,fill,wikidata
person_citizenships,313:United States,insert,wikidata
person_occupations,313:television actor,insert,wikidata
person_occupations,313:film actor,insert,wikidata
person_occupations,313:stage actor,insert,wikidata
person_occupations,313:singer,insert,wikidata
person_occupations,313:actor,insert,wikidata
person_details,person:313,insert,wikidata
external_ids,person:313:allmovie,insert,wikidata
external_ids,person:313:allocine,insert,wikidata
external_ids,person:313:discogs,insert,wikidata
external_ids,person:313:gnd,insert,wikidata
external_ids,person:313:imdb,insert,wikidata
external_ids,person:313:instagram,insert,wikidata
external_ids,person:313:loc,insert,wikidata
external_ids,person:313:musicbrainz_artist,insert,wikidata
external_ids,person:313:svensk_film,insert,wikidata
external_ids,person:313:tmdb_person,insert,wikidata
external_ids,person:313:twitter,insert,wikidata
external_ids,person:313:viaf,insert,wikidata
external_ids,person:313:wikidata,insert,wikidata
people,314:nationality,fill,wikidata
person_citizenships,314:United States,insert,wikidata
person_occupations,314:actor,insert,wikidata
person_occupations,314:stage actor,insert,wikidata
person_occupations,314:television actor,insert,wikidata
person_occupations,314:film actor,insert,wikidata
person_details,person:314,insert,wikidata
person_awards,314:Lucille Lortel Award for Outstanding Featured Actress in a Play:won:2015,insert,wikidata
external_ids,person:314:allocine,insert,wikidata
external_ids,person:314:freebase,insert,wikidata
external_ids,person:314:imdb,insert,wikidata
external_ids,person:314:instagram,insert,wikidata
external_ids,person:314:loc,insert,wikidata
external_ids,person:314:tmdb_person,insert,wikidata
external_ids,person:314:twitter,insert,wikidata
external_ids,person:314:viaf,insert,wikidata
external_ids,person:314:wikidata,insert,wikidata
people,315:nationality,fill,wikidata
person_citizenships,315:United States,insert,wikidata
person_occupations,315:film director,insert,wikidata
person_occupations,315:film producer,insert,wikidata
person_occupations,315:film editor,insert,wikidata
person_occupations,315:film screenwriter,insert,wikidata
person_occupations,315:screenwriter,insert,wikidata
person_occupations,315:director,insert,wikidata
person_details,person:315,insert,wikidata
external_ids,person:315:allmovie,insert,wikidata
external_ids,person:315:allocine,insert,wikidata
external_ids,person:315:bnf,insert,wikidata
external_ids,person:315:freebase,insert,wikidata
external_ids,person:315:gnd,insert,wikidata
external_ids,person:315:imdb,insert,wikidata
external_ids,person:315:instagram,insert,wikidata
external_ids,person:315:kinopoisk,insert,wikidata
external_ids,person:315:loc,insert,wikidata
external_ids,person:315:svensk_film,insert,wikidata
external_ids,person:315:tmdb_person,insert,wikidata
external_ids,person:315:viaf,insert,wikidata
external_ids,person:315:wikidata,insert,wikidata
people,316:birth_date,fill,wikidata
people,316:wikidata_id,fill,wikidata
people,316:imdb_id,fill,wikidata
people,316:tmdb_id,fill,wikidata
people,316:birth_place,fill,wikidata
people,316:nationality,fill,wikidata
person_citizenships,316:Mexico,insert,wikidata
person_occupations,316:screenwriter,insert,wikidata
person_occupations,316:film director,insert,wikidata
person_occupations,316:film editor,insert,wikidata
person_occupations,316:actor,insert,wikidata
person_details,person:316,insert,wikidata
person_awards,"316:Hugo Award for Best Dramatic Presentation, Long Form:won:2014",insert,wikidata
person_awards,316:Bradbury Award:won:None,insert,wikidata
external_ids,person:316:allmovie,insert,wikidata
external_ids,person:316:allocine,insert,wikidata
external_ids,person:316:bnf,insert,wikidata
external_ids,person:316:freebase,insert,wikidata
external_ids,person:316:gnd,insert,wikidata
external_ids,person:316:imdb,insert,wikidata
external_ids,person:316:kinopoisk,insert,wikidata
external_ids,person:316:loc,insert,wikidata
external_ids,person:316:musicbrainz_artist,insert,wikidata
external_ids,person:316:svensk_film,insert,wikidata
external_ids,person:316:tmdb_person,insert,wikidata
external_ids,person:316:viaf,insert,wikidata
external_ids,person:316:wikidata,insert,wikidata
people,317:birth_date,fill,wikidata
people,317:wikidata_id,fill,wikidata
people,317:imdb_id,fill,wikidata
people,317:tmdb_id,fill,wikidata
person_occupations,317:screenwriter,insert,wikidata
person_occupations,317:cinematographer,insert,wikidata
person_occupations,317:director,insert,wikidata
person_details,person:317,insert,wikidata
external_ids,person:317:allmovie,insert,wikidata
external_ids,person:317:allocine,insert,wikidata
external_ids,person:317:freebase,insert,wikidata
external_ids,person:317:imdb,insert,wikidata
external_ids,person:317:tmdb_person,insert,wikidata
external_ids,person:317:twitter,insert,wikidata
external_ids,person:317:wikidata,insert,wikidata
people,318:nationality,fill,wikidata
person_citizenships,318:United States,insert,wikidata
person_occupations,318:film producer,insert,wikidata
person_occupations,318:television actor,insert,wikidata
person_occupations,318:film director,insert,wikidata
person_occupations,318:aircraft pilot,insert,wikidata
person_occupations,318:character actor,insert,wikidata
person_occupations,318:stage actor,insert,wikidata
person_occupations,318:actor,insert,wikidata
person_occupations,318:television presenter,insert,wikidata
person_occupations,318:voice actor,insert,wikidata
person_occupations,318:beekeeper,insert,wikidata
person_occupations,318:television producer,insert,wikidata
person_occupations,318:director,insert,wikidata
person_occupations,318:film actor,insert,wikidata
person_occupations,318:producer,insert,wikidata
person_details,person:318,insert,wikidata
person_awards,318:Academy Award for Best Supporting Actor:won:2005,insert,wikidata
person_awards,318:Kennedy Center Honors:won:None,insert,wikidata
person_awards,318:AFI Life Achievement Award:won:2011,insert,wikidata
person_awards,318:Golden Globe Awards:won:None,insert,wikidata
person_awards,318:Silver Bear:won:None,insert,wikidata
person_awards,318:star on Hollywood Walk of Fame:won:None,insert,wikidata
person_awards,318:National Medal of Arts:won:2015,insert,wikidata
person_awards,318:Clarence Derwent Awards:won:None,insert,wikidata
person_awards,318:Screen Actors Guild Award for Outstanding Performance by a Male Actor in a Supporting Role:won:None,insert,wikidata
person_awards,318:Academy Award for Best Supporting Actor:nominated:1988,insert,wikidata
person_awards,318:Academy Award for Best Supporting Actor:nominated:2005,insert,wikidata
person_awards,318:Academy Award for Best Actor:nominated:1990,insert,wikidata
person_awards,318:Academy Award for Best Actor:nominated:1995,insert,wikidata
person_awards,318:Academy Award for Best Actor:nominated:2010,insert,wikidata
person_awards,318:Tony Award for Best Featured Actor in a Play:nominated:1978,insert,wikidata
external_ids,person:318:allmovie,insert,wikidata
external_ids,person:318:allocine,insert,wikidata
external_ids,person:318:bnf,insert,wikidata
external_ids,person:318:discogs,insert,wikidata
external_ids,person:318:freebase,insert,wikidata
external_ids,person:318:gnd,insert,wikidata
external_ids,person:318:imdb,insert,wikidata
external_ids,person:318:instagram,insert,wikidata
external_ids,person:318:kinopoisk,insert,wikidata
external_ids,person:318:loc,insert,wikidata
external_ids,person:318:musicbrainz_artist,insert,wikidata
external_ids,person:318:quora,insert,wikidata
external_ids,person:318:svensk_film,insert,wikidata
external_ids,person:318:tmdb_person,insert,wikidata
external_ids,person:318:twitter,insert,wikidata
external_ids,person:318:viaf,insert,wikidata
external_ids,person:318:wikitree,insert,wikidata
external_ids,person:318:wikidata,insert,wikidata
people,319:nationality,fill,wikidata
person_citizenships,319:United States,insert,wikidata
person_occupations,319:actor,insert,wikidata
person_occupations,319:television actor,insert,wikidata
person_occupations,319:voice actor,insert,wikidata
person_details,person:319,insert,wikidata
external_ids,person:319:allmovie,insert,wikidata
external_ids,person:319:allocine,insert,wikidata
external_ids,person:319:bnf,insert,wikidata
external_ids,person:319:discogs,insert,wikidata
external_ids,person:319:freebase,insert,wikidata
external_ids,person:319:imdb,insert,wikidata
external_ids,person:319:kinopoisk,insert,wikidata
external_ids,person:319:loc,insert,wikidata
external_ids,person:319:svensk_film,insert,wikidata
external_ids,person:319:tmdb_person,insert,wikidata
external_ids,person:319:viaf,insert,wikidata
external_ids,person:319:wikidata,insert,wikidata
people,32:nationality,fill,wikidata
person_citizenships,32:United States,insert,wikidata
person_occupations,32:film actor,insert,wikidata
person_occupations,32:stage actor,insert,wikidata
person_occupations,32:television actor,insert,wikidata
person_occupations,32:actor,insert,wikidata
person_details,person:32,insert,wikidata
person_awards,32:European Film Award – People's Choice Award for Best European Film:nominated:2018,insert,wikidata
external_ids,person:32:allmovie,insert,wikidata
external_ids,person:32:allocine,insert,wikidata
external_ids,person:32:bnf,insert,wikidata
external_ids,person:32:discogs,insert,wikidata
external_ids,person:32:freebase,insert,wikidata
external_ids,person:32:gnd,insert,wikidata
external_ids,person:32:imdb,insert,wikidata
external_ids,person:32:instagram,insert,wikidata
external_ids,person:32:kinopoisk,insert,wikidata
external_ids,person:32:loc,insert,wikidata
external_ids,person:32:official_website,insert,wikidata
external_ids,person:32:quora,insert,wikidata
external_ids,person:32:svensk_film,insert,wikidata
external_ids,person:32:tmdb_person,insert,wikidata
external_ids,person:32:twitter,insert,wikidata
external_ids,person:32:viaf,insert,wikidata
external_ids,person:32:wikidata,insert,wikidata
people,320:birth_date,fill,wikidata
people,320:birth_place,fill,wikidata
people,320:nationality,fill,wikidata
person_citizenships,320:United States,insert,wikidata
person_occupations,320:actor,insert,wikidata
person_occupations,320:television actor,insert,wikidata
person_occupations,320:film actor,insert,wikidata
person_details,person:320,insert,wikidata
external_ids,person:320:discogs,insert,wikidata
external_ids,person:320:freebase,insert,wikidata
external_ids,person:320:imdb,insert,wikidata
external_ids,person:320:tmdb_person,insert,wikidata
external_ids,person:320:wikidata,insert,wikidata
people,321:nationality,fill,wikidata
person_citizenships,321:United States,insert,wikidata
person_occupations,321:voice actor,insert,wikidata
person_occupations,321:television actor,insert,wikidata
person_details,person:321,insert,wikidata
external_ids,person:321:allocine,insert,wikidata
external_ids,person:321:find_a_grave,insert,wikidata
external_ids,person:321:freebase,insert,wikidata
external_ids,person:321:imdb,insert,wikidata
external_ids,person:321:kinopoisk,insert,wikidata
external_ids,person:321:loc,insert,wikidata
external_ids,person:321:tmdb_person,insert,wikidata
external_ids,person:321:viaf,insert,wikidata
external_ids,person:321:wikidata,insert,wikidata
people,322:nationality,fill,wikidata
person_citizenships,322:United States,insert,wikidata
person_occupations,322:publisher,insert,wikidata
person_occupations,322:comics writer,insert,wikidata
person_occupations,322:editor,insert,wikidata
person_occupations,322:film producer,insert,wikidata
person_occupations,322:journalist,insert,wikidata
person_occupations,322:science fiction writer,insert,wikidata
person_occupations,322:film actor,insert,wikidata
person_occupations,322:soldier,insert,wikidata
person_occupations,322:television presenter,insert,wikidata
person_occupations,322:screenwriter,insert,wikidata
person_occupations,322:business executive,insert,wikidata
person_occupations,322:voice actor,insert,wikidata
person_occupations,322:executive producer,insert,wikidata
person_occupations,322:writer,insert,wikidata
person_occupations,322:comics editor,insert,wikidata
person_details,person:322,insert,wikidata
person_awards,322:National Medal of Arts:won:2008,insert,wikidata
person_awards,322:Inkpot Award:won:1974,insert,wikidata
person_awards,322:Disney Legends:won:2017,insert,wikidata
person_awards,322:Saturn Awards:won:2002,insert,wikidata
person_awards,322:World War II Victory Medal:won:None,insert,wikidata
person_awards,322:star on Hollywood Walk of Fame:won:None,insert,wikidata
person_awards,322:Will Eisner Hall of Fame:won:1994,insert,wikidata
person_awards,322:The Hero Initiative Lifetime Achievement Award:won:2011,insert,wikidata
person_awards,322:Alley Award for Best Editor:won:1963,insert,wikidata
person_awards,322:Alley Award for Best Writer:won:1963,insert,wikidata
person_awards,322:Alley Award for Best Editor:won:1964,insert,wikidata
person_awards,322:Alley Award for Best Writer:won:1964,insert,wikidata
person_awards,322:Alley Award for Best Editor:won:1965,insert,wikidata
person_awards,322:Alley Award for Best Writer:won:1965,insert,wikidata
person_awards,322:Alley Award for Best Editor:won:1966,insert,wikidata
person_awards,322:Alley Award for Best Writer:won:1966,insert,wikidata
person_awards,322:Alley Award for Best Editor:won:1967,insert,wikidata
person_awards,322:Alley Award for Best Writer:won:1967,insert,wikidata
person_awards,322:Alley Award for Best Editor:won:1968,insert,wikidata
person_awards,322:Alley Award for Best Writer:won:1968,insert,wikidata
person_awards,322:Science Fiction and Fantasy Hall of Fame:won:2018,insert,wikidata
person_awards,"322:Hugo Award for Best Dramatic Presentation, Long Form:nominated:2005",insert,wikidata
external_ids,person:322:allmovie,insert,wikidata
external_ids,person:322:allocine,insert,wikidata
external_ids,person:322:bnf,insert,wikidata
external_ids,person:322:discogs,insert,wikidata
external_ids,person:322:find_a_grave,insert,wikidata
external_ids,person:322:freebase,insert,wikidata
external_ids,person:322:gnd,insert,wikidata
external_ids,person:322:imdb,insert,wikidata
external_ids,person:322:instagram,insert,wikidata
external_ids,person:322:kinopoisk,insert,wikidata
external_ids,person:322:loc,insert,wikidata
external_ids,person:322:musicbrainz_artist,insert,wikidata
external_ids,person:322:official_website,insert,wikidata
external_ids,person:322:quora,insert,wikidata
external_ids,person:322:svensk_film,insert,wikidata
external_ids,person:322:tmdb_person,insert,wikidata
external_ids,person:322:twitter,insert,wikidata
external_ids,person:322:viaf,insert,wikidata
external_ids,person:322:wikitree,insert,wikidata
external_ids,person:322:wikidata,insert,wikidata
people,323:nationality,fill,wikidata
person_citizenships,323:United States,insert,wikidata
person_occupations,323:comics artist,insert,wikidata
person_occupations,323:screenwriter,insert,wikidata
person_occupations,323:draftsperson,insert,wikidata
person_occupations,323:illustrator,insert,wikidata
person_details,person:323,insert,wikidata
person_awards,323:Inkpot Award:won:1987,insert,wikidata
person_awards,323:Will Eisner Hall of Fame:won:1994,insert,wikidata
person_awards,323:Jack Kirby Hall of Fame:won:1990,insert,wikidata
person_awards,323:The Joe Sinnott Hall of Fame:won:2015,insert,wikidata
person_awards,323:Disney Legends:won:2024,insert,wikidata
external_ids,person:323:allmovie,insert,wikidata
external_ids,person:323:allocine,insert,wikidata
external_ids,person:323:bnf,insert,wikidata
external_ids,person:323:discogs,insert,wikidata
external_ids,person:323:freebase,insert,wikidata
external_ids,person:323:gnd,insert,wikidata
external_ids,person:323:imdb,insert,wikidata
external_ids,person:323:kinopoisk,insert,wikidata
external_ids,person:323:loc,insert,wikidata
external_ids,person:323:quora,insert,wikidata
external_ids,person:323:svensk_film,insert,wikidata
external_ids,person:323:tmdb_person,insert,wikidata
external_ids,person:323:viaf,insert,wikidata
external_ids,person:323:wikitree,insert,wikidata
external_ids,person:323:wikidata,insert,wikidata
people,324:birth_date,fill,wikidata
people,324:wikidata_id,fill,wikidata
people,324:imdb_id,fill,wikidata
people,324:tmdb_id,fill,wikidata
people,324:birth_place,fill,wikidata
people,324:nationality,fill,wikidata
person_citizenships,324:United States,insert,wikidata
person_occupations,324:composer,insert,wikidata
person_details,person:324,insert,wikidata
person_awards,324:Tony Award for Best Original Score:nominated:1971,insert,wikidata
external_ids,person:324:discogs,insert,wikidata
external_ids,person:324:freebase,insert,wikidata
external_ids,person:324:imdb,insert,wikidata
external_ids,person:324:loc,insert,wikidata
external_ids,person:324:musicbrainz_artist,insert,wikidata
external_ids,person:324:official_website,insert,wikidata
external_ids,person:324:tmdb_person,insert,wikidata
external_ids,person:324:viaf,insert,wikidata
external_ids,person:324:wikidata,insert,wikidata
people,325:nationality,fill,wikidata
person_citizenships,325:United States,insert,wikidata
person_occupations,325:composer,insert,wikidata
person_occupations,325:conductor,insert,wikidata
person_occupations,325:songwriter,insert,wikidata
person_occupations,325:record producer,insert,wikidata
person_occupations,325:film score composer,insert,wikidata
person_occupations,325:musician,insert,wikidata
person_details,person:325,insert,wikidata
external_ids,person:325:discogs,insert,wikidata
external_ids,person:325:freebase,insert,wikidata
external_ids,person:325:gnd,insert,wikidata
external_ids,person:325:imdb,insert,wikidata
external_ids,person:325:loc,insert,wikidata
external_ids,person:325:musicbrainz_artist,insert,wikidata
external_ids,person:325:official_website,insert,wikidata
external_ids,person:325:tmdb_person,insert,wikidata
external_ids,person:325:viaf,insert,wikidata
external_ids,person:325:wikidata,insert,wikidata
people,326:nationality,fill,wikidata
person_citizenships,326:Japan,insert,wikidata
person_occupations,326:actor,insert,wikidata
person_details,person:326,insert,wikidata
external_ids,person:326:freebase,insert,wikidata
external_ids,person:326:tmdb_person,insert,wikidata
external_ids,person:326:wikidata,insert,wikidata
people,327:birth_date,fill,wikidata
people,327:wikidata_id,fill,wikidata
people,327:birth_place,fill,wikidata
people,327:nationality,fill,wikidata
person_citizenships,327:Japan,insert,wikidata
person_occupations,327:actor,insert,wikidata
person_details,person:327,insert,wikidata
external_ids,person:327:freebase,insert,wikidata
external_ids,person:327:wikidata,insert,wikidata
people,329:nationality,fill,wikidata
person_citizenships,329:Japan,insert,wikidata
person_citizenships,329:Empire of Japan,insert,wikidata
person_occupations,329:screenwriter,insert,wikidata
person_details,person:329,insert,wikidata
person_awards,329:Jōji Tsubota Award:won:2018,insert,wikidata
external_ids,person:329:freebase,insert,wikidata
external_ids,person:329:gnd,insert,wikidata
external_ids,person:329:imdb,insert,wikidata
external_ids,person:329:loc,insert,wikidata
external_ids,person:329:musicbrainz_artist,insert,wikidata
external_ids,person:329:tmdb_person,insert,wikidata
external_ids,person:329:viaf,insert,wikidata
external_ids,person:329:wikitree,insert,wikidata
external_ids,person:329:wikidata,insert,wikidata
people,33:nationality,fill,wikidata
person_citizenships,33:United States,insert,wikidata
person_occupations,33:film actor,insert,wikidata
person_occupations,33:character actor,insert,wikidata
person_occupations,33:stage actor,insert,wikidata
person_occupations,33:television actor,insert,wikidata
person_occupations,33:voice actor,insert,wikidata
person_occupations,33:actor,insert,wikidata
person_occupations,33:musician,insert,wikidata
person_details,person:33,insert,wikidata
person_awards,33:Indiana Film Journalists Association Award for Best Actor:won:2011,insert,wikidata
person_awards,33:Primetime Emmy Award for Outstanding Lead Actor in a Miniseries or a Movie:won:2008,insert,wikidata
person_awards,33:Golden Globe Award for Best Actor – Motion Picture Musical or Comedy:won:2023,insert,wikidata
person_awards,33:Screen Actors Guild Award for Outstanding Performance by a Cast in a Motion Picture:won:None,insert,wikidata
person_awards,33:Screen Actors Guild Award for Outstanding Performance by a Male Actor in a Supporting Role:won:None,insert,wikidata
person_awards,33:Screen Actors Guild Award for Outstanding Performance by a Male Actor in a Miniseries or Television Movie:won:None,insert,wikidata
person_awards,33:Broadcast Film Critics Association Award for Best Cast:won:None,insert,wikidata
person_awards,33:Broadcast Film Critics Association Award for Best Supporting Actor:won:None,insert,wikidata
person_awards,33:Critics' Choice Movie Award for Best Actor:won:None,insert,wikidata
person_awards,33:Golden Globe Award for Best Actor – Motion Picture Musical or Comedy:won:None,insert,wikidata
person_awards,33:Academy Award for Best Supporting Actor:nominated:2006,insert,wikidata
person_awards,33:Academy Award for Best Actor:nominated:2024,insert,wikidata
external_ids,person:33:allmovie,insert,wikidata
external_ids,person:33:allocine,insert,wikidata
external_ids,person:33:bnf,insert,wikidata
external_ids,person:33:discogs,insert,wikidata
external_ids,person:33:freebase,insert,wikidata
external_ids,person:33:gnd,insert,wikidata
external_ids,person:33:imdb,insert,wikidata
external_ids,person:33:kinopoisk,insert,wikidata
external_ids,person:33:loc,insert,wikidata
external_ids,person:33:musicbrainz_artist,insert,wikidata
external_ids,person:33:svensk_film,insert,wikidata
external_ids,person:33:tmdb_person,insert,wikidata
external_ids,person:33:viaf,insert,wikidata
external_ids,person:33:wikidata,insert,wikidata
people,331:birth_date,fill,wikidata
people,331:wikidata_id,fill,wikidata
people,331:imdb_id,fill,wikidata
people,331:nationality,fill,wikidata
person_citizenships,331:United States,insert,wikidata
person_occupations,331:film producer,insert,wikidata
person_occupations,331:television producer,insert,wikidata
person_details,person:331,insert,wikidata
external_ids,person:331:imdb,insert,wikidata
external_ids,person:331:wikidata,insert,wikidata
people,332:nationality,fill,wikidata
person_citizenships,332:Canada,insert,wikidata
person_occupations,332:actor,insert,wikidata
person_occupations,332:screenwriter,insert,wikidata
person_occupations,332:television actor,insert,wikidata
person_occupations,332:television producer,insert,wikidata
person_occupations,332:casting director,insert,wikidata
person_details,person:332,insert,wikidata
external_ids,person:332:find_a_grave,insert,wikidata
external_ids,person:332:freebase,insert,wikidata
external_ids,person:332:imdb,insert,wikidata
external_ids,person:332:kinopoisk,insert,wikidata
external_ids,person:332:tmdb_person,insert,wikidata
external_ids,person:332:viaf,insert,wikidata
external_ids,person:332:wikitree,insert,wikidata
external_ids,person:332:wikidata,insert,wikidata
people,334:nationality,fill,wikidata
person_citizenships,334:United States,insert,wikidata
person_occupations,334:film director,insert,wikidata
person_occupations,334:screenwriter,insert,wikidata
person_occupations,334:film producer,insert,wikidata
person_occupations,334:painter,insert,wikidata
person_occupations,334:actor,insert,wikidata
person_occupations,334:writer,insert,wikidata
person_occupations,334:animator,insert,wikidata
person_occupations,334:journalist,insert,wikidata
person_occupations,334:voice actor,insert,wikidata
person_occupations,334:television producer,insert,wikidata
person_occupations,334:director,insert,wikidata
person_details,person:334,insert,wikidata
person_awards,334:Winsor McCay Award:won:1988,insert,wikidata
person_awards,334:Inkpot Award:won:2008,insert,wikidata
external_ids,person:334:allmovie,insert,wikidata
external_ids,person:334:allocine,insert,wikidata
external_ids,person:334:bnf,insert,wikidata
external_ids,person:334:discogs,insert,wikidata
external_ids,person:334:freebase,insert,wikidata
external_ids,person:334:gnd,insert,wikidata
external_ids,person:334:imdb,insert,wikidata
external_ids,person:334:kinopoisk,insert,wikidata
external_ids,person:334:loc,insert,wikidata
external_ids,person:334:official_website,insert,wikidata
external_ids,person:334:quora,insert,wikidata
external_ids,person:334:svensk_film,insert,wikidata
external_ids,person:334:tmdb_person,insert,wikidata
external_ids,person:334:twitter,insert,wikidata
external_ids,person:334:viaf,insert,wikidata
external_ids,person:334:wikidata,insert,wikidata
people,335:birth_date,fill,wikidata
people,335:death_date,fill,wikidata
people,335:wikidata_id,fill,wikidata
people,335:imdb_id,fill,wikidata
people,335:tmdb_id,fill,wikidata
people,335:birth_place,fill,wikidata
people,335:nationality,fill,wikidata
person_citizenships,335:United States,insert,wikidata
person_occupations,335:animator,insert,wikidata
person_occupations,335:film director,insert,wikidata
person_occupations,335:film producer,insert,wikidata
person_occupations,335:screenwriter,insert,wikidata
person_details,person:335,insert,wikidata
person_awards,335:Winsor McCay Award:won:1999,insert,wikidata
external_ids,person:335:allmovie,insert,wikidata
external_ids,person:335:allocine,insert,wikidata
external_ids,person:335:bnf,insert,wikidata
external_ids,person:335:freebase,insert,wikidata
external_ids,person:335:imdb,insert,wikidata
external_ids,person:335:kinopoisk,insert,wikidata
external_ids,person:335:loc,insert,wikidata
external_ids,person:335:svensk_film,insert,wikidata
external_ids,person:335:tmdb_person,insert,wikidata
external_ids,person:335:viaf,insert,wikidata
external_ids,person:335:wikidata,insert,wikidata
people,336:birth_date,fill,wikidata
people,336:death_date,fill,wikidata
people,336:wikidata_id,fill,wikidata
people,336:imdb_id,fill,wikidata
people,336:tmdb_id,fill,wikidata
people,336:birth_place,fill,wikidata
people,336:nationality,fill,wikidata
person_citizenships,336:United States,insert,wikidata
person_occupations,336:writer,insert,wikidata
person_occupations,336:lyricist,insert,wikidata
person_occupations,336:songwriter,insert,wikidata
person_occupations,336:composer,insert,wikidata
person_details,person:336,insert,wikidata
person_awards,336:Academy Award for Best Original Song:won:1954,insert,wikidata
person_awards,336:Academy Award for Best Original Song:won:1956,insert,wikidata
person_awards,336:Grammy Award for Song of the Year:won:1966,insert,wikidata
person_awards,336:Academy Award for Best Original Song:won:1966,insert,wikidata
person_awards,336:Academy Award for Best Original Song:nominated:1945,insert,wikidata
person_awards,336:Academy Award for Best Original Song:nominated:1957,insert,wikidata
person_awards,336:Academy Award for Best Original Song:nominated:1958,insert,wikidata
person_awards,336:Academy Award for Best Original Song:nominated:1959,insert,wikidata
person_awards,336:Academy Award for Best Original Song:nominated:1961,insert,wikidata
person_awards,336:Academy Award for Best Original Song:nominated:1962,insert,wikidata
person_awards,336:Academy Award for Best Original Song:nominated:1963,insert,wikidata
person_awards,336:Academy Award for Best Original Song:nominated:1964,insert,wikidata
person_awards,336:Academy Award for Best Original Song:nominated:1967,insert,wikidata
person_awards,336:Academy Award for Best Original Song:nominated:1973,insert,wikidata
person_awards,336:Academy Award for Best Original Song:nominated:1977,insert,wikidata
external_ids,person:336:bnf,insert,wikidata
external_ids,person:336:discogs,insert,wikidata
external_ids,person:336:find_a_grave,insert,wikidata
external_ids,person:336:freebase,insert,wikidata
external_ids,person:336:gnd,insert,wikidata
external_ids,person:336:imdb,insert,wikidata
external_ids,person:336:loc,insert,wikidata
external_ids,person:336:musicbrainz_artist,insert,wikidata
external_ids,person:336:tmdb_person,insert,wikidata
external_ids,person:336:viaf,insert,wikidata
external_ids,person:336:wikidata,insert,wikidata
people,338:birth_date,fill,wikidata
people,338:death_date,fill,wikidata
people,338:wikidata_id,fill,wikidata
people,338:imdb_id,fill,wikidata
people,338:tmdb_id,fill,wikidata
people,338:nationality,fill,wikidata
person_citizenships,338:United States,insert,wikidata
person_occupations,338:composer,insert,wikidata
person_occupations,338:jazz musician,insert,wikidata
person_occupations,338:record producer,insert,wikidata
person_occupations,338:conductor,insert,wikidata
person_occupations,338:music arranger,insert,wikidata
person_details,person:338,insert,wikidata
external_ids,person:338:bnf,insert,wikidata
external_ids,person:338:discogs,insert,wikidata
external_ids,person:338:find_a_grave,insert,wikidata
external_ids,person:338:freebase,insert,wikidata
external_ids,person:338:gnd,insert,wikidata
external_ids,person:338:imdb,insert,wikidata
external_ids,person:338:loc,insert,wikidata
external_ids,person:338:musicbrainz_artist,insert,wikidata
external_ids,person:338:tmdb_person,insert,wikidata
external_ids,person:338:viaf,insert,wikidata
external_ids,person:338:wikidata,insert,wikidata
people,339:death_date,fill,wikidata
person_occupations,339:television actor,insert,wikidata
person_occupations,339:film actor,insert,wikidata
person_occupations,339:actor,insert,wikidata
person_occupations,339:voice actor,insert,wikidata
person_details,person:339,insert,wikidata
external_ids,person:339:freebase,insert,wikidata
external_ids,person:339:imdb,insert,wikidata
external_ids,person:339:tmdb_person,insert,wikidata
external_ids,person:339:wikidata,insert,wikidata
people,34:nationality,fill,wikidata
person_citizenships,34:Canada,insert,wikidata
person_citizenships,34:United States,insert,wikidata
person_occupations,34:stage actor,insert,wikidata
person_occupations,34:film actor,insert,wikidata
person_occupations,34:television actor,insert,wikidata
person_occupations,34:voice actor,insert,wikidata
person_occupations,34:actor,insert,wikidata
person_details,person:34,insert,wikidata
person_awards,34:Officer of the Order of Canada:won:None,insert,wikidata
person_awards,34:Earle Grey Award:won:2014,insert,wikidata
person_awards,34:Governor General's Performing Arts Award:won:2019,insert,wikidata
external_ids,person:34:allmovie,insert,wikidata
external_ids,person:34:allocine,insert,wikidata
external_ids,person:34:bnf,insert,wikidata
external_ids,person:34:discogs,insert,wikidata
external_ids,person:34:freebase,insert,wikidata
external_ids,person:34:gnd,insert,wikidata
external_ids,person:34:imdb,insert,wikidata
external_ids,person:34:kinopoisk,insert,wikidata
external_ids,person:34:loc,insert,wikidata
external_ids,person:34:musicbrainz_artist,insert,wikidata
external_ids,person:34:svensk_film,insert,wikidata
external_ids,person:34:tmdb_person,insert,wikidata
external_ids,person:34:viaf,insert,wikidata
external_ids,person:34:wikidata,insert,wikidata
people,340:nationality,fill,wikidata
person_citizenships,340:United States,insert,wikidata
person_occupations,340:singer,insert,wikidata
person_occupations,340:voice actor,insert,wikidata
person_occupations,340:actor,insert,wikidata
person_occupations,340:television actor,insert,wikidata
person_details,person:340,insert,wikidata
external_ids,person:340:freebase,insert,wikidata
external_ids,person:340:imdb,insert,wikidata
external_ids,person:340:instagram,insert,wikidata
external_ids,person:340:loc,insert,wikidata
external_ids,person:340:official_website,insert,wikidata
external_ids,person:340:tmdb_person,insert,wikidata
external_ids,person:340:viaf,insert,wikidata
external_ids,person:340:wikidata,insert,wikidata
people,341:birth_date,fill,wikidata
people,341:death_date,fill,wikidata
people,341:wikidata_id,fill,wikidata
person_occupations,341:writer,insert,wikidata
person_occupations,341:interior designer,insert,wikidata
person_details,person:341,insert,wikidata
external_ids,person:341:freebase,insert,wikidata
external_ids,person:341:loc,insert,wikidata
external_ids,person:341:viaf,insert,wikidata
external_ids,person:341:wikidata,insert,wikidata
people,343:nationality,fill,wikidata
person_citizenships,343:United States,insert,wikidata
person_occupations,343:film producer,insert,wikidata
person_occupations,343:television producer,insert,wikidata
person_occupations,343:screenwriter,insert,wikidata
person_details,person:343,insert,wikidata
person_awards,343:Academy Award for Best Animated Short Film:won:1965,insert,wikidata
person_awards,343:Academy Award for Best Animated Short Film:nominated:1965,insert,wikidata
person_awards,343:Academy Award for Best Animated Short Film:nominated:1967,insert,wikidata
external_ids,person:343:bnf,insert,wikidata
external_ids,person:343:find_a_grave,insert,wikidata
external_ids,person:343:freebase,insert,wikidata
external_ids,person:343:gnd,insert,wikidata
external_ids,person:343:imdb,insert,wikidata
external_ids,person:343:loc,insert,wikidata
external_ids,person:343:tmdb_person,insert,wikidata
external_ids,person:343:viaf,insert,wikidata
external_ids,person:343:wikidata,insert,wikidata
people,344:nationality,fill,wikidata
person_citizenships,344:United States,insert,wikidata
person_occupations,344:executive producer,insert,wikidata
person_occupations,344:film editor,insert,wikidata
person_occupations,344:television producer,insert,wikidata
person_details,person:344,insert,wikidata
external_ids,person:344:freebase,insert,wikidata
external_ids,person:344:imdb,insert,wikidata
external_ids,person:344:tmdb_person,insert,wikidata
external_ids,person:344:wikidata,insert,wikidata
people,345:nationality,fill,wikidata
person_citizenships,345:United Kingdom,insert,wikidata
person_occupations,345:composer,insert,wikidata
person_occupations,345:film score composer,insert,wikidata
person_occupations,345:musician,insert,wikidata
person_details,person:345,insert,wikidata
external_ids,person:345:bnf,insert,wikidata
external_ids,person:345:discogs,insert,wikidata
external_ids,person:345:freebase,insert,wikidata
external_ids,person:345:gnd,insert,wikidata
external_ids,person:345:imdb,insert,wikidata
external_ids,person:345:loc,insert,wikidata
external_ids,person:345:musicbrainz_artist,insert,wikidata
external_ids,person:345:tmdb_person,insert,wikidata
external_ids,person:345:viaf,insert,wikidata
external_ids,person:345:wikidata,insert,wikidata
people,346:birth_date,fill,wikidata
people,346:death_date,fill,wikidata
people,346:wikidata_id,fill,wikidata
people,346:imdb_id,fill,wikidata
people,346:tmdb_id,fill,wikidata
people,346:birth_place,fill,wikidata
people,346:nationality,fill,wikidata
person_citizenships,346:United States,insert,wikidata
person_occupations,346:voice actor,insert,wikidata
person_occupations,346:television director,insert,wikidata
person_occupations,346:casting director,insert,wikidata
person_details,person:346,insert,wikidata
external_ids,person:346:freebase,insert,wikidata
external_ids,person:346:imdb,insert,wikidata
external_ids,person:346:loc,insert,wikidata
external_ids,person:346:tmdb_person,insert,wikidata
external_ids,person:346:viaf,insert,wikidata
external_ids,person:346:wikidata,insert,wikidata
people,347:nationality,fill,wikidata
person_citizenships,347:United States,insert,wikidata
person_occupations,347:actor,insert,wikidata
person_occupations,347:television actor,insert,wikidata
person_occupations,347:film producer,insert,wikidata
person_occupations,347:voice actor,insert,wikidata
person_occupations,347:film actor,insert,wikidata
person_occupations,347:manufacturer,insert,wikidata
person_details,person:347,insert,wikidata
external_ids,person:347:freebase,insert,wikidata
external_ids,person:347:gnd,insert,wikidata
external_ids,person:347:imdb,insert,wikidata
external_ids,person:347:loc,insert,wikidata
external_ids,person:347:musicbrainz_artist,insert,wikidata
external_ids,person:347:official_website,insert,wikidata
external_ids,person:347:tmdb_person,insert,wikidata
external_ids,person:347:viaf,insert,wikidata
external_ids,person:347:wikidata,insert,wikidata
people,348:nationality,fill,wikidata
person_citizenships,348:United States,insert,wikidata
person_occupations,348:voice actor,insert,wikidata
person_occupations,348:film actor,insert,wikidata
person_occupations,348:actor,insert,wikidata
person_occupations,348:dub actor,insert,wikidata
person_details,person:348,insert,wikidata
person_awards,348:Daytime Emmy Award for Outstanding Performer in an Animated Program:won:2012,insert,wikidata
person_awards,348:star on Hollywood Walk of Fame:won:2000,insert,wikidata
person_awards,348:Inkpot Award:won:1974,insert,wikidata
external_ids,person:348:allmovie,insert,wikidata
external_ids,person:348:allocine,insert,wikidata
external_ids,person:348:bnf,insert,wikidata
external_ids,person:348:discogs,insert,wikidata
external_ids,person:348:find_a_grave,insert,wikidata
external_ids,person:348:freebase,insert,wikidata
external_ids,person:348:gnd,insert,wikidata
external_ids,person:348:imdb,insert,wikidata
external_ids,person:348:kinopoisk,insert,wikidata
external_ids,person:348:loc,insert,wikidata
external_ids,person:348:musicbrainz_artist,insert,wikidata
external_ids,person:348:svensk_film,insert,wikidata
external_ids,person:348:tmdb_person,insert,wikidata
external_ids,person:348:viaf,insert,wikidata
external_ids,person:348:wikitree,insert,wikidata
external_ids,person:348:wikidata,insert,wikidata
people,349:nationality,fill,wikidata
person_citizenships,349:United States,insert,wikidata
person_occupations,349:actor,insert,wikidata
person_occupations,349:television actor,insert,wikidata
person_occupations,349:voice actor,insert,wikidata
person_details,person:349,insert,wikidata
external_ids,person:349:find_a_grave,insert,wikidata
external_ids,person:349:freebase,insert,wikidata
external_ids,person:349:imdb,insert,wikidata
external_ids,person:349:loc,insert,wikidata
external_ids,person:349:musicbrainz_artist,insert,wikidata
external_ids,person:349:tmdb_person,insert,wikidata
external_ids,person:349:viaf,insert,wikidata
external_ids,person:349:wikitree,insert,wikidata
external_ids,person:349:wikidata,insert,wikidata
people,35:nationality,fill,wikidata
person_citizenships,35:United Kingdom,insert,wikidata
person_occupations,35:voice actor,insert,wikidata
person_occupations,35:stage actor,insert,wikidata
person_occupations,35:film actor,insert,wikidata
person_occupations,35:actor,insert,wikidata
person_occupations,35:dancer,insert,wikidata
person_occupations,35:television actor,insert,wikidata
person_details,person:35,insert,wikidata
person_awards,35:National Board of Review of Motion Pictures:won:2012,insert,wikidata
person_awards,35:London Film Critics' Circle:won:2013,insert,wikidata
person_awards,35:Empire Awards:won:2013,insert,wikidata
person_awards,35:Young Artist Awards:won:2012,insert,wikidata
person_awards,35:BAFTA Rising Star Award:won:2017,insert,wikidata
person_awards,35:2019 Teen Choice Awards:won:None,insert,wikidata
external_ids,person:35:allmovie,insert,wikidata
external_ids,person:35:allocine,insert,wikidata
external_ids,person:35:bnf,insert,wikidata
external_ids,person:35:freebase,insert,wikidata
external_ids,person:35:gnd,insert,wikidata
external_ids,person:35:imdb,insert,wikidata
external_ids,person:35:instagram,insert,wikidata
external_ids,person:35:kinopoisk,insert,wikidata
external_ids,person:35:loc,insert,wikidata
external_ids,person:35:musicbrainz_artist,insert,wikidata
external_ids,person:35:svensk_film,insert,wikidata
external_ids,person:35:tmdb_person,insert,wikidata
external_ids,person:35:twitter,insert,wikidata
external_ids,person:35:viaf,insert,wikidata
external_ids,person:35:wikitree,insert,wikidata
external_ids,person:35:wikidata,insert,wikidata
people,350:birth_date,fill,wikidata
people,350:death_date,fill,wikidata
people,350:wikidata_id,fill,wikidata
people,350:imdb_id,fill,wikidata
people,350:tmdb_id,fill,wikidata
person_occupations,350:film producer,insert,wikidata
person_occupations,350:television producer,insert,wikidata
person_occupations,350:television director,insert,wikidata
person_details,person:350,insert,wikidata
external_ids,person:350:imdb,insert,wikidata
external_ids,person:350:tmdb_person,insert,wikidata
external_ids,person:350:wikidata,insert,wikidata
people,352:nationality,fill,wikidata
person_citizenships,352:United States,insert,wikidata
person_occupations,352:actor,insert,wikidata
person_occupations,352:film producer,insert,wikidata
person_occupations,352:screenwriter,insert,wikidata
person_occupations,352:politician,insert,wikidata
person_occupations,352:trade unionist,insert,wikidata
person_occupations,352:voice actor,insert,wikidata
person_occupations,352:comedian,insert,wikidata
person_details,person:352,insert,wikidata
person_awards,352:Screen Actors Guild Life Achievement Award:won:None,insert,wikidata
person_awards,352:Paul Robeson Award:won:1982,insert,wikidata
person_awards,352:Primetime Emmy Award for Outstanding Lead Actor in a Drama Series:won:1978,insert,wikidata
person_awards,352:Primetime Emmy Award for Outstanding Lead Actor in a Drama Series:won:1980,insert,wikidata
person_awards,352:Primetime Emmy Award for Outstanding Supporting Actor in a Comedy Series:won:1971,insert,wikidata
person_awards,352:Primetime Emmy Award for Outstanding Supporting Actor in a Comedy Series:won:1972,insert,wikidata
person_awards,352:Primetime Emmy Award for Outstanding Supporting Actor in a Comedy Series:won:1975,insert,wikidata
person_awards,352:star on Hollywood Walk of Fame:won:1992,insert,wikidata
person_awards,352:Golden Globe Award for Best Actor – Miniseries or Television Film:won:1972,insert,wikidata
person_awards,352:Golden Globe Award for Best Actor – Miniseries or Television Film:won:1976,insert,wikidata
person_awards,352:Golden Globe Award for Best Actor – Miniseries or Television Film:won:1977,insert,wikidata
person_awards,352:Golden Globe Award for Best Actor – Television Series Drama:won:1978,insert,wikidata
person_awards,352:Golden Globe Award for Best Actor – Television Series Drama:won:1980,insert,wikidata
person_awards,352:Primetime Emmy Award for Outstanding Guest Actor in a Drama Series:won:1976,insert,wikidata
person_awards,352:Eugene V. Debs Award:won:1987,insert,wikidata
person_awards,352:Hugh M. Hefner First Amendment Award:won:None,insert,wikidata
external_ids,person:352:allmovie,insert,wikidata
external_ids,person:352:allocine,insert,wikidata
external_ids,person:352:bnf,insert,wikidata
external_ids,person:352:discogs,insert,wikidata
external_ids,person:352:find_a_grave,insert,wikidata
external_ids,person:352:freebase,insert,wikidata
external_ids,person:352:gnd,insert,wikidata
external_ids,person:352:imdb,insert,wikidata
external_ids,person:352:kinopoisk,insert,wikidata
external_ids,person:352:loc,insert,wikidata
external_ids,person:352:musicbrainz_artist,insert,wikidata
external_ids,person:352:official_website,insert,wikidata
external_ids,person:352:svensk_film,insert,wikidata
external_ids,person:352:tmdb_person,insert,wikidata
external_ids,person:352:twitter,insert,wikidata
external_ids,person:352:viaf,insert,wikidata
external_ids,person:352:wikitree,insert,wikidata
external_ids,person:352:wikidata,insert,wikidata
people,353:nationality,fill,wikidata
person_citizenships,353:United States,insert,wikidata
person_occupations,353:actor,insert,wikidata
person_occupations,353:television actor,insert,wikidata
person_occupations,353:voice actor,insert,wikidata
person_details,person:353,insert,wikidata
external_ids,person:353:allmovie,insert,wikidata
external_ids,person:353:allocine,insert,wikidata
external_ids,person:353:freebase,insert,wikidata
external_ids,person:353:imdb,insert,wikidata
external_ids,person:353:kinopoisk,insert,wikidata
external_ids,person:353:loc,insert,wikidata
external_ids,person:353:official_website,insert,wikidata
external_ids,person:353:tmdb_person,insert,wikidata
external_ids,person:353:viaf,insert,wikidata
external_ids,person:353:wikidata,insert,wikidata
people,354:nationality,fill,wikidata
person_citizenships,354:Canada,insert,wikidata
person_occupations,354:musician,insert,wikidata
person_occupations,354:voice actor,insert,wikidata
person_details,person:354,insert,wikidata
person_awards,354:Golden Joystick Awards − Best Performer:nominated:2021,insert,wikidata
external_ids,person:354:allmovie,insert,wikidata
external_ids,person:354:allocine,insert,wikidata
external_ids,person:354:bnf,insert,wikidata
external_ids,person:354:discogs,insert,wikidata
external_ids,person:354:freebase,insert,wikidata
external_ids,person:354:imdb,insert,wikidata
external_ids,person:354:instagram,insert,wikidata
external_ids,person:354:kinopoisk,insert,wikidata
external_ids,person:354:loc,insert,wikidata
external_ids,person:354:musicbrainz_artist,insert,wikidata
external_ids,person:354:official_website,insert,wikidata
external_ids,person:354:quora,insert,wikidata
external_ids,person:354:svensk_film,insert,wikidata
external_ids,person:354:tmdb_person,insert,wikidata
external_ids,person:354:twitter,insert,wikidata
external_ids,person:354:viaf,insert,wikidata
external_ids,person:354:wikidata,insert,wikidata
people,355:nationality,fill,wikidata
person_citizenships,355:United States,insert,wikidata
person_occupations,355:actor,insert,wikidata
person_occupations,355:film actor,insert,wikidata
person_occupations,355:voice actor,insert,wikidata
person_details,person:355,insert,wikidata
external_ids,person:355:allmovie,insert,wikidata
external_ids,person:355:allocine,insert,wikidata
external_ids,person:355:freebase,insert,wikidata
external_ids,person:355:imdb,insert,wikidata
external_ids,person:355:kinopoisk,insert,wikidata
external_ids,person:355:musicbrainz_artist,insert,wikidata
external_ids,person:355:svensk_film,insert,wikidata
external_ids,person:355:tmdb_person,insert,wikidata
external_ids,person:355:wikidata,insert,wikidata
people,356:birth_date,fill,wikidata
people,356:wikidata_id,fill,wikidata
people,356:imdb_id,fill,wikidata
people,356:tmdb_id,fill,wikidata
people,356:nationality,fill,wikidata
person_citizenships,356:United States,insert,wikidata
person_occupations,356:film director,insert,wikidata
person_occupations,356:screenwriter,insert,wikidata
person_occupations,356:television producer,insert,wikidata
person_details,person:356,insert,wikidata
external_ids,person:356:allmovie,insert,wikidata
external_ids,person:356:bnf,insert,wikidata
external_ids,person:356:freebase,insert,wikidata
external_ids,person:356:imdb,insert,wikidata
external_ids,person:356:kinopoisk,insert,wikidata
external_ids,person:356:loc,insert,wikidata
external_ids,person:356:tmdb_person,insert,wikidata
external_ids,person:356:viaf,insert,wikidata
external_ids,person:356:wikidata,insert,wikidata
people,357:birth_date,fill,wikidata
people,357:nationality,fill,wikidata
person_citizenships,357:United States,insert,wikidata
person_occupations,357:animator,insert,wikidata
person_occupations,357:television director,insert,wikidata
person_occupations,357:television producer,insert,wikidata
person_occupations,357:film producer,insert,wikidata
person_occupations,357:film director,insert,wikidata
person_details,person:357,insert,wikidata
external_ids,person:357:freebase,insert,wikidata
external_ids,person:357:imdb,insert,wikidata
external_ids,person:357:tmdb_person,insert,wikidata
external_ids,person:357:wikidata,insert,wikidata
people,358:nationality,fill,wikidata
person_citizenships,358:Israel,insert,wikidata
person_citizenships,358:United States,insert,wikidata
person_occupations,358:composer,insert,wikidata
person_occupations,358:screenwriter,insert,wikidata
person_occupations,358:film producer,insert,wikidata
person_occupations,358:film director,insert,wikidata
person_occupations,358:singer,insert,wikidata
person_occupations,358:television producer,insert,wikidata
person_occupations,358:lyricist,insert,wikidata
person_occupations,358:television director,insert,wikidata
person_occupations,358:musician,insert,wikidata
person_occupations,358:director,insert,wikidata
person_details,person:358,insert,wikidata
external_ids,person:358:bnf,insert,wikidata
external_ids,person:358:discogs,insert,wikidata
external_ids,person:358:freebase,insert,wikidata
external_ids,person:358:gnd,insert,wikidata
external_ids,person:358:imdb,insert,wikidata
external_ids,person:358:kinopoisk,insert,wikidata
external_ids,person:358:loc,insert,wikidata
external_ids,person:358:musicbrainz_artist,insert,wikidata
external_ids,person:358:official_website,insert,wikidata
external_ids,person:358:tmdb_person,insert,wikidata
external_ids,person:358:viaf,insert,wikidata
external_ids,person:358:wikidata,insert,wikidata
people,36:nationality,fill,wikidata
person_citizenships,36:United States,insert,wikidata
person_occupations,36:film actor,insert,wikidata
person_occupations,36:actor,insert,wikidata
person_occupations,36:singer,insert,wikidata
person_occupations,36:film director,insert,wikidata
person_occupations,36:character actor,insert,wikidata
person_occupations,36:dub actor,insert,wikidata
person_occupations,36:television actor,insert,wikidata
person_occupations,36:voice actor,insert,wikidata
person_occupations,36:film producer,insert,wikidata
person_details,person:36,insert,wikidata
person_awards,36:Officer of Arts and Letters:won:2016,insert,wikidata
person_awards,36:Alliance of Women Film Journalists Award for Best Actor:won:2014,insert,wikidata
person_awards,36:star on Hollywood Walk of Fame:won:None,insert,wikidata
person_awards,36:Primetime Emmy Award for Outstanding Lead Actor in a Limited or Anthology Series or Movie:won:None,insert,wikidata
person_awards,36:Academy Award for Best Actor:nominated:2015,insert,wikidata
external_ids,person:36:allmovie,insert,wikidata
external_ids,person:36:allocine,insert,wikidata
external_ids,person:36:bnf,insert,wikidata
external_ids,person:36:discogs,insert,wikidata
external_ids,person:36:freebase,insert,wikidata
external_ids,person:36:gnd,insert,wikidata
external_ids,person:36:imdb,insert,wikidata
external_ids,person:36:instagram,insert,wikidata
external_ids,person:36:kinopoisk,insert,wikidata
external_ids,person:36:loc,insert,wikidata
external_ids,person:36:musicbrainz_artist,insert,wikidata
external_ids,person:36:svensk_film,insert,wikidata
external_ids,person:36:tmdb_person,insert,wikidata
external_ids,person:36:twitter,insert,wikidata
external_ids,person:36:viaf,insert,wikidata
external_ids,person:36:wikitree,insert,wikidata
external_ids,person:36:wikidata,insert,wikidata
people,360:nationality,fill,wikidata
person_citizenships,360:United Kingdom,insert,wikidata
person_occupations,360:voice actor,insert,wikidata
person_occupations,360:television actor,insert,wikidata
person_details,person:360,insert,wikidata
external_ids,person:360:allmovie,insert,wikidata
external_ids,person:360:allocine,insert,wikidata
external_ids,person:360:freebase,insert,wikidata
external_ids,person:360:imdb,insert,wikidata
external_ids,person:360:tmdb_person,insert,wikidata
external_ids,person:360:viaf,insert,wikidata
external_ids,person:360:wikidata,insert,wikidata
people,361:birth_date,fill,wikidata
people,361:nationality,fill,wikidata
person_citizenships,361:United States,insert,wikidata
person_occupations,361:film director,insert,wikidata
person_occupations,361:screenwriter,insert,wikidata
person_occupations,361:film producer,insert,wikidata
person_occupations,361:comics artist,insert,wikidata
person_occupations,361:television producer,insert,wikidata
person_occupations,361:writer,insert,wikidata
person_occupations,361:actor,insert,wikidata
person_details,person:361,insert,wikidata
external_ids,person:361:allmovie,insert,wikidata
external_ids,person:361:allocine,insert,wikidata
external_ids,person:361:freebase,insert,wikidata
external_ids,person:361:imdb,insert,wikidata
external_ids,person:361:kinopoisk,insert,wikidata
external_ids,person:361:loc,insert,wikidata
external_ids,person:361:official_website,insert,wikidata
external_ids,person:361:svensk_film,insert,wikidata
external_ids,person:361:tmdb_person,insert,wikidata
external_ids,person:361:viaf,insert,wikidata
external_ids,person:361:wikidata,insert,wikidata
people,362:nationality,fill,wikidata
person_citizenships,362:United States,insert,wikidata
person_occupations,362:animator,insert,wikidata
person_occupations,362:film director,insert,wikidata
person_details,person:362,insert,wikidata
external_ids,person:362:freebase,insert,wikidata
external_ids,person:362:imdb,insert,wikidata
external_ids,person:362:tmdb_person,insert,wikidata
external_ids,person:362:wikidata,insert,wikidata
people,363:birth_date,fill,wikidata
people,363:wikidata_id,fill,wikidata
people,363:imdb_id,fill,wikidata
people,363:nationality,fill,wikidata
person_citizenships,363:United States,insert,wikidata
person_occupations,363:singer-songwriter,insert,wikidata
person_occupations,363:singer,insert,wikidata
person_details,person:363,insert,wikidata
external_ids,person:363:bnf,insert,wikidata
external_ids,person:363:freebase,insert,wikidata
external_ids,person:363:imdb,insert,wikidata
external_ids,person:363:loc,insert,wikidata
external_ids,person:363:musicbrainz_artist,insert,wikidata
external_ids,person:363:viaf,insert,wikidata
external_ids,person:363:wikidata,insert,wikidata
people,365:wikidata_id,fill,wikidata
person_occupations,365:television producer,insert,wikidata
person_occupations,365:chief executive officer,insert,wikidata
person_details,person:365,insert,wikidata
external_ids,person:365:freebase,insert,wikidata
external_ids,person:365:imdb,insert,wikidata
external_ids,person:365:tmdb_person,insert,wikidata
external_ids,person:365:wikidata,insert,wikidata
people,366:nationality,fill,wikidata
person_citizenships,366:United States,insert,wikidata
person_occupations,366:actor,insert,wikidata
person_occupations,366:television actor,insert,wikidata
person_occupations,366:dub actor,insert,wikidata
person_occupations,366:voice actor,insert,wikidata
person_occupations,366:film actor,insert,wikidata
person_occupations,366:film producer,insert,wikidata
person_details,person:366,insert,wikidata
external_ids,person:366:allmovie,insert,wikidata
external_ids,person:366:allocine,insert,wikidata
external_ids,person:366:bnf,insert,wikidata
external_ids,person:366:discogs,insert,wikidata
external_ids,person:366:freebase,insert,wikidata
external_ids,person:366:gnd,insert,wikidata
external_ids,person:366:imdb,insert,wikidata
external_ids,person:366:instagram,insert,wikidata
external_ids,person:366:kinopoisk,insert,wikidata
external_ids,person:366:loc,insert,wikidata
external_ids,person:366:musicbrainz_artist,insert,wikidata
external_ids,person:366:official_website,insert,wikidata
external_ids,person:366:svensk_film,insert,wikidata
external_ids,person:366:tmdb_person,insert,wikidata
external_ids,person:366:twitter,insert,wikidata
external_ids,person:366:viaf,insert,wikidata
external_ids,person:366:wikidata,insert,wikidata
people,367:nationality,fill,wikidata
person_citizenships,367:United States,insert,wikidata
person_occupations,367:film actor,insert,wikidata
person_occupations,367:singer,insert,wikidata
person_occupations,367:character actor,insert,wikidata
person_occupations,367:television actor,insert,wikidata
person_occupations,367:stage actor,insert,wikidata
person_occupations,367:screenwriter,insert,wikidata
person_occupations,367:film producer,insert,wikidata
person_occupations,367:composer,insert,wikidata
person_occupations,367:voice actor,insert,wikidata
person_occupations,367:songwriter,insert,wikidata
person_occupations,367:lyricist,insert,wikidata
person_occupations,367:actor,insert,wikidata
person_details,person:367,insert,wikidata
person_awards,367:Ellis Island Medal of Honor:won:None,insert,wikidata
person_awards,367:Academy Award for Best Original Song:won:1976,insert,wikidata
person_awards,367:Golden Globe Award for Best Original Song:won:1976,insert,wikidata
person_awards,367:star on Hollywood Walk of Fame:won:None,insert,wikidata
person_awards,367:Tony Award for Best Actor in a Musical:nominated:1991,insert,wikidata
external_ids,person:367:allmovie,insert,wikidata
external_ids,person:367:allocine,insert,wikidata
external_ids,person:367:bnf,insert,wikidata
external_ids,person:367:discogs,insert,wikidata
external_ids,person:367:freebase,insert,wikidata
external_ids,person:367:gnd,insert,wikidata
external_ids,person:367:imdb,insert,wikidata
external_ids,person:367:kinopoisk,insert,wikidata
external_ids,person:367:loc,insert,wikidata
external_ids,person:367:musicbrainz_artist,insert,wikidata
external_ids,person:367:svensk_film,insert,wikidata
external_ids,person:367:tmdb_person,insert,wikidata
external_ids,person:367:viaf,insert,wikidata
external_ids,person:367:wikitree,insert,wikidata
external_ids,person:367:wikidata,insert,wikidata
people,368:nationality,fill,wikidata
person_citizenships,368:United States,insert,wikidata
person_occupations,368:actor,insert,wikidata
person_occupations,368:television actor,insert,wikidata
person_occupations,368:voice actor,insert,wikidata
person_occupations,368:film actor,insert,wikidata
person_details,person:368,insert,wikidata
external_ids,person:368:freebase,insert,wikidata
external_ids,person:368:imdb,insert,wikidata
external_ids,person:368:tmdb_person,insert,wikidata
external_ids,person:368:wikidata,insert,wikidata
people,369:nationality,fill,wikidata
person_citizenships,369:United States,insert,wikidata
person_occupations,369:comics artist,insert,wikidata
person_occupations,369:comics writer,insert,wikidata
person_occupations,369:screenwriter,insert,wikidata
person_occupations,369:television producer,insert,wikidata
person_occupations,369:television actor,insert,wikidata
person_occupations,369:film screenwriter,insert,wikidata
person_occupations,369:voice actor,insert,wikidata
person_details,person:369,insert,wikidata
person_awards,369:Eisner Award for Best New Series:won:2001,insert,wikidata
person_awards,369:Eisner Award for Best Writer:won:2002,insert,wikidata
person_awards,369:Eisner Award for Best Writer:won:2003,insert,wikidata
person_awards,369:Eisner Award for Best Continuing Series:won:2003,insert,wikidata
person_awards,369:Inkpot Award:won:2010,insert,wikidata
person_awards,369:Peabody Awards:won:None,insert,wikidata
person_awards,369:Eisner Award for Talent Deserving of Wider Recognition:won:1999,insert,wikidata
person_awards,369:Eisner Award for Best Writer:nominated:None,insert,wikidata
external_ids,person:369:bnf,insert,wikidata
external_ids,person:369:freebase,insert,wikidata
external_ids,person:369:gnd,insert,wikidata
external_ids,person:369:imdb,insert,wikidata
external_ids,person:369:instagram,insert,wikidata
external_ids,person:369:loc,insert,wikidata
external_ids,person:369:official_website,insert,wikidata
external_ids,person:369:tmdb_person,insert,wikidata
external_ids,person:369:twitter,insert,wikidata
external_ids,person:369:viaf,insert,wikidata
external_ids,person:369:wikidata,insert,wikidata
people,37:nationality,fill,wikidata
person_citizenships,37:United States,insert,wikidata
person_occupations,37:actor,insert,wikidata
person_occupations,37:television actor,insert,wikidata
person_occupations,37:film producer,insert,wikidata
person_occupations,37:singer,insert,wikidata
person_occupations,37:musician,insert,wikidata
person_occupations,37:screenwriter,insert,wikidata
person_occupations,37:singer-songwriter,insert,wikidata
person_occupations,37:film director,insert,wikidata
person_occupations,37:voice actor,insert,wikidata
person_occupations,37:manufacturer,insert,wikidata
person_details,person:37,insert,wikidata
person_awards,37:California Hall of Fame:won:2015,insert,wikidata
person_awards,37:Golden Globe Award for Best Actor – Motion Picture Musical or Comedy:won:2010,insert,wikidata
person_awards,37:BAFTA Award for Best Actor in a Leading Role:won:1993,insert,wikidata
person_awards,37:Golden Globe Awards:won:1994,insert,wikidata
person_awards,37:Saturn Award for Best Actor:won:1993,insert,wikidata
person_awards,37:Saturn Award for Best Actor:won:2009,insert,wikidata
person_awards,37:Saturn Award for Best Actor:won:2014,insert,wikidata
person_awards,37:Saturn Award for Best Actor:won:2019,insert,wikidata
person_awards,"37:Golden Globe Award for Best Supporting Actor – Series, Miniseries or Television Film:won:2001",insert,wikidata
person_awards,37:Screen Actors Guild Award for Outstanding Performance by a Male Actor in a Comedy Series:won:2001,insert,wikidata
person_awards,37:Saturn Awards:won:1994,insert,wikidata
person_awards,37:MTV Movie & TV Awards:won:2019,insert,wikidata
person_awards,37:Disney Legends:won:2019,insert,wikidata
person_awards,37:Sitges Film Festival Best Actor award:won:2003,insert,wikidata
person_awards,37:Golden Globe Award for Best Supporting Actor – Motion Picture:won:2023,insert,wikidata
person_awards,37:Broadcast Film Critics Association Award for Best Supporting Actor:won:2023,insert,wikidata
person_awards,37:BAFTA Award for Best Actor in a Supporting Role:won:2024,insert,wikidata
person_awards,37:Academy Award for Best Supporting Actor:won:2024,insert,wikidata
person_awards,37:Academy Award for Best Supporting Actor:nominated:2009,insert,wikidata
person_awards,37:Academy Award for Best Actor:nominated:1993,insert,wikidata
person_awards,37:Academy Award for Best Supporting Actor:nominated:2024,insert,wikidata
external_ids,person:37:allmovie,insert,wikidata
external_ids,person:37:allocine,insert,wikidata
external_ids,person:37:bnf,insert,wikidata
external_ids,person:37:discogs,insert,wikidata
external_ids,person:37:freebase,insert,wikidata
external_ids,person:37:gnd,insert,wikidata
external_ids,person:37:imdb,insert,wikidata
external_ids,person:37:instagram,insert,wikidata
external_ids,person:37:kinopoisk,insert,wikidata
external_ids,person:37:loc,insert,wikidata
external_ids,person:37:musicbrainz_artist,insert,wikidata
external_ids,person:37:quora,insert,wikidata
external_ids,person:37:svensk_film,insert,wikidata
external_ids,person:37:tmdb_person,insert,wikidata
external_ids,person:37:twitter,insert,wikidata
external_ids,person:37:viaf,insert,wikidata
external_ids,person:37:wikitree,insert,wikidata
external_ids,person:37:wikidata,insert,wikidata
people,370:nationality,fill,wikidata
person_citizenships,370:United States,insert,wikidata
person_occupations,370:screenwriter,insert,wikidata
person_occupations,370:television producer,insert,wikidata
person_details,person:370,insert,wikidata
person_awards,370:Hugo Award for Best Dramatic Presentation:won:1993,insert,wikidata
external_ids,person:370:freebase,insert,wikidata
external_ids,person:370:imdb,insert,wikidata
external_ids,person:370:loc,insert,wikidata
external_ids,person:370:tmdb_person,insert,wikidata
external_ids,person:370:viaf,insert,wikidata
external_ids,person:370:wikidata,insert,wikidata
people,372:birth_date,fill,wikidata
people,372:wikidata_id,fill,wikidata
people,372:imdb_id,fill,wikidata
people,372:birth_place,fill,wikidata
people,372:nationality,fill,wikidata
person_citizenships,372:United Kingdom,insert,wikidata
person_occupations,372:record producer,insert,wikidata
person_occupations,372:club DJ,insert,wikidata
person_occupations,372:disc jockey,insert,wikidata
person_occupations,372:composer,insert,wikidata
person_occupations,372:recording artist,insert,wikidata
person_occupations,372:actor,insert,wikidata
person_occupations,372:musician,insert,wikidata
person_details,person:372,insert,wikidata
external_ids,person:372:bnf,insert,wikidata
external_ids,person:372:discogs,insert,wikidata
external_ids,person:372:freebase,insert,wikidata
external_ids,person:372:gnd,insert,wikidata
external_ids,person:372:imdb,insert,wikidata
external_ids,person:372:instagram,insert,wikidata
external_ids,person:372:loc,insert,wikidata
external_ids,person:372:musicbrainz_artist,insert,wikidata
external_ids,person:372:official_website,insert,wikidata
external_ids,person:372:twitter,insert,wikidata
external_ids,person:372:viaf,insert,wikidata
external_ids,person:372:wikidata,insert,wikidata
people,373:wikidata_id,fill,wikidata
person_occupations,373:artist,insert,wikidata
person_details,person:373,insert,wikidata
external_ids,person:373:discogs,insert,wikidata
external_ids,person:373:freebase,insert,wikidata
external_ids,person:373:musicbrainz_artist,insert,wikidata
external_ids,person:373:wikidata,insert,wikidata
people,374:nationality,fill,wikidata
person_citizenships,374:United States,insert,wikidata
person_occupations,374:actor,insert,wikidata
person_occupations,374:dub actor,insert,wikidata
person_occupations,374:voice actor,insert,wikidata
person_occupations,374:podcaster,insert,wikidata
person_occupations,374:disc jockey,insert,wikidata
person_details,person:374,insert,wikidata
external_ids,person:374:allmovie,insert,wikidata
external_ids,person:374:allocine,insert,wikidata
external_ids,person:374:bnf,insert,wikidata
external_ids,person:374:freebase,insert,wikidata
external_ids,person:374:imdb,insert,wikidata
external_ids,person:374:instagram,insert,wikidata
external_ids,person:374:kinopoisk,insert,wikidata
external_ids,person:374:loc,insert,wikidata
external_ids,person:374:musicbrainz_artist,insert,wikidata
external_ids,person:374:official_website,insert,wikidata
external_ids,person:374:svensk_film,insert,wikidata
external_ids,person:374:tmdb_person,insert,wikidata
external_ids,person:374:twitter,insert,wikidata
external_ids,person:374:viaf,insert,wikidata
external_ids,person:374:wikitree,insert,wikidata
external_ids,person:374:wikidata,insert,wikidata
people,375:nationality,fill,wikidata
person_citizenships,375:United States,insert,wikidata
person_occupations,375:film actor,insert,wikidata
person_occupations,375:television actor,insert,wikidata
person_occupations,375:voice actor,insert,wikidata
person_details,person:375,insert,wikidata
external_ids,person:375:allmovie,insert,wikidata
external_ids,person:375:allocine,insert,wikidata
external_ids,person:375:freebase,insert,wikidata
external_ids,person:375:imdb,insert,wikidata
external_ids,person:375:kinopoisk,insert,wikidata
external_ids,person:375:loc,insert,wikidata
external_ids,person:375:quora,insert,wikidata
external_ids,person:375:tmdb_person,insert,wikidata
external_ids,person:375:twitter,insert,wikidata
external_ids,person:375:viaf,insert,wikidata
external_ids,person:375:wikidata,insert,wikidata
people,376:nationality,fill,wikidata
person_citizenships,376:United States,insert,wikidata
person_occupations,376:television actor,insert,wikidata
person_occupations,376:voice actor,insert,wikidata
person_details,person:376,insert,wikidata
external_ids,person:376:freebase,insert,wikidata
external_ids,person:376:imdb,insert,wikidata
external_ids,person:376:instagram,insert,wikidata
external_ids,person:376:loc,insert,wikidata
external_ids,person:376:official_website,insert,wikidata
external_ids,person:376:tmdb_person,insert,wikidata
external_ids,person:376:twitter,insert,wikidata
external_ids,person:376:viaf,insert,wikidata
external_ids,person:376:wikidata,insert,wikidata
people,377:nationality,fill,wikidata
person_citizenships,377:United States,insert,wikidata
person_occupations,377:comics artist,insert,wikidata
person_occupations,377:television producer,insert,wikidata
person_occupations,377:writer,insert,wikidata
person_occupations,377:screenwriter,insert,wikidata
person_occupations,377:voice actor,insert,wikidata
person_occupations,377:comics writer,insert,wikidata
person_details,person:377,insert,wikidata
external_ids,person:377:bnf,insert,wikidata
external_ids,person:377:freebase,insert,wikidata
external_ids,person:377:gnd,insert,wikidata
external_ids,person:377:imdb,insert,wikidata
external_ids,person:377:loc,insert,wikidata
external_ids,person:377:musicbrainz_artist,insert,wikidata
external_ids,person:377:tmdb_person,insert,wikidata
external_ids,person:377:twitter,insert,wikidata
external_ids,person:377:viaf,insert,wikidata
external_ids,person:377:wikidata,insert,wikidata
people,378:birth_date,fill,wikidata
people,378:birth_place,fill,wikidata
people,378:nationality,fill,wikidata
person_citizenships,378:United States,insert,wikidata
person_occupations,378:screenwriter,insert,wikidata
person_occupations,378:film director,insert,wikidata
person_occupations,378:television director,insert,wikidata
person_occupations,378:animator,insert,wikidata
person_occupations,378:television producer,insert,wikidata
person_details,person:378,insert,wikidata
external_ids,person:378:allocine,insert,wikidata
external_ids,person:378:freebase,insert,wikidata
external_ids,person:378:imdb,insert,wikidata
external_ids,person:378:kinopoisk,insert,wikidata
external_ids,person:378:svensk_film,insert,wikidata
external_ids,person:378:tmdb_person,insert,wikidata
external_ids,person:378:wikidata,insert,wikidata
people,38:nationality,fill,wikidata
person_citizenships,38:United States,insert,wikidata
person_occupations,38:film actor,insert,wikidata
person_occupations,38:voice actor,insert,wikidata
person_occupations,38:stage actor,insert,wikidata
person_occupations,38:television actor,insert,wikidata
person_occupations,38:film producer,insert,wikidata
person_occupations,38:actor,insert,wikidata
person_details,person:38,insert,wikidata
person_awards,38:Academy Award for Best Supporting Actress:won:1993,insert,wikidata
person_awards,38:MTV Movie Award for Best Kiss:won:1993,insert,wikidata
person_awards,38:MTV Movie Award for Best Breakthrough Performance:won:1993,insert,wikidata
person_awards,38:Las Vegas Film Critics Society Award for Best Supporting Actress:won:2008,insert,wikidata
person_awards,38:Florida Film Critics Circle Award for Best Supporting Actress:won:2008,insert,wikidata
person_awards,38:Phoenix Film Critics Society Award for Best Supporting Actress:won:2008,insert,wikidata
person_awards,38:San Diego Film Critics Society Award for Best Supporting Actress:won:2008,insert,wikidata
person_awards,38:San Francisco Film Critics Circle Award for Best Supporting Actress:won:2008,insert,wikidata
person_awards,38:Online Film Critics Society Award for Best Supporting Actress:won:2009,insert,wikidata
person_awards,38:Drama Desk Special Award:won:2014,insert,wikidata
person_awards,38:Theatre World Award:won:1986,insert,wikidata
person_awards,38:Academy Award for Best Supporting Actress:nominated:2002,insert,wikidata
person_awards,38:Academy Award for Best Supporting Actress:nominated:1993,insert,wikidata
person_awards,38:MTV Movie Award for Best Breakthrough Performance:nominated:1993,insert,wikidata
person_awards,38:MTV Movie Award for Best Kiss:nominated:1993,insert,wikidata
person_awards,38:Screen Actors Guild Award for Outstanding Performance by a Female Actor in a Supporting Role:nominated:1997,insert,wikidata
person_awards,38:Daytime Emmy Award for Outstanding Lifestyle/Culinary Show Host:nominated:1997,insert,wikidata
person_awards,38:National Society of Film Critics Award for Best Supporting Actress:nominated:2001,insert,wikidata
person_awards,38:Broadcast Film Critics Association Award for Best Supporting Actress:nominated:2001,insert,wikidata
person_awards,38:Golden Globe Award for Best Supporting Actress – Motion Picture:nominated:2001,insert,wikidata
person_awards,38:Screen Actors Guild Award for Outstanding Performance by a Cast in a Motion Picture:nominated:2002,insert,wikidata
person_awards,38:Broadcast Film Critics Association Award for Best Cast:nominated:2007,insert,wikidata
person_awards,38:Golden Globe Award for Best Supporting Actress – Motion Picture:nominated:2008,insert,wikidata
person_awards,38:San Francisco Film Critics Circle Award for Best Supporting Actress:nominated:2008,insert,wikidata
person_awards,38:San Diego Film Critics Society Award for Best Supporting Actress:nominated:2008,insert,wikidata
person_awards,38:Phoenix Film Critics Society Award for Best Supporting Actress:nominated:2008,insert,wikidata
person_awards,38:Florida Film Critics Circle Award for Best Supporting Actress:nominated:2008,insert,wikidata
person_awards,38:Drama Desk Award for Outstanding Featured Actress in a Play:nominated:2008,insert,wikidata
person_awards,38:Las Vegas Film Critics Society Award for Best Supporting Actress:nominated:2008,insert,wikidata
person_awards,38:Independent Spirit Award for Best Supporting Female:nominated:2008,insert,wikidata
person_awards,38:Broadcast Film Critics Association Award for Best Supporting Actress:nominated:2008,insert,wikidata
person_awards,38:Academy Award for Best Supporting Actress:nominated:2009,insert,wikidata
person_awards,38:Online Film Critics Society Award for Best Supporting Actress:nominated:2009,insert,wikidata
person_awards,38:BAFTA Award for Best Actress in a Supporting Role:nominated:2009,insert,wikidata
person_awards,38:Satellite Award for Best Actress – Motion Picture Musical or Comedy:nominated:2010,insert,wikidata
person_awards,38:Broadcast Film Critics Association Award for Best Cast:nominated:2011,insert,wikidata
person_awards,38:Golden Raspberry Award for Worst Supporting Actress:nominated:1992,insert,wikidata
external_ids,person:38:allmovie,insert,wikidata
external_ids,person:38:allocine,insert,wikidata
external_ids,person:38:bnf,insert,wikidata
external_ids,person:38:discogs,insert,wikidata
external_ids,person:38:freebase,insert,wikidata
external_ids,person:38:gnd,insert,wikidata
external_ids,person:38:imdb,insert,wikidata
external_ids,person:38:instagram,insert,wikidata
external_ids,person:38:kinopoisk,insert,wikidata
external_ids,person:38:loc,insert,wikidata
external_ids,person:38:musicbrainz_artist,insert,wikidata
external_ids,person:38:quora,insert,wikidata
external_ids,person:38:svensk_film,insert,wikidata
external_ids,person:38:tmdb_person,insert,wikidata
external_ids,person:38:twitter,insert,wikidata
external_ids,person:38:viaf,insert,wikidata
external_ids,person:38:wikitree,insert,wikidata
external_ids,person:38:wikidata,insert,wikidata
people,380:nationality,fill,wikidata
person_citizenships,380:United States,insert,wikidata
person_occupations,380:composer,insert,wikidata
person_occupations,380:film score composer,insert,wikidata
person_details,person:380,insert,wikidata
external_ids,person:380:bnf,insert,wikidata
external_ids,person:380:discogs,insert,wikidata
external_ids,person:380:freebase,insert,wikidata
external_ids,person:380:imdb,insert,wikidata
external_ids,person:380:loc,insert,wikidata
external_ids,person:380:musicbrainz_artist,insert,wikidata
external_ids,person:380:official_website,insert,wikidata
external_ids,person:380:tmdb_person,insert,wikidata
external_ids,person:380:viaf,insert,wikidata
external_ids,person:380:wikidata,insert,wikidata
people,382:nationality,fill,wikidata
person_citizenships,382:United States,insert,wikidata
person_occupations,382:composer,insert,wikidata
person_occupations,382:film score composer,insert,wikidata
person_details,person:382,insert,wikidata
external_ids,person:382:bnf,insert,wikidata
external_ids,person:382:discogs,insert,wikidata
external_ids,person:382:freebase,insert,wikidata
external_ids,person:382:gnd,insert,wikidata
external_ids,person:382:imdb,insert,wikidata
external_ids,person:382:loc,insert,wikidata
external_ids,person:382:musicbrainz_artist,insert,wikidata
external_ids,person:382:tmdb_person,insert,wikidata
external_ids,person:382:viaf,insert,wikidata
external_ids,person:382:wikidata,insert,wikidata
people,383:nationality,fill,wikidata
person_citizenships,383:United States,insert,wikidata
person_occupations,383:actor,insert,wikidata
person_occupations,383:voice actor,insert,wikidata
person_occupations,383:television actor,insert,wikidata
person_occupations,383:film actor,insert,wikidata
person_details,person:383,insert,wikidata
external_ids,person:383:allmovie,insert,wikidata
external_ids,person:383:allocine,insert,wikidata
external_ids,person:383:bnf,insert,wikidata
external_ids,person:383:freebase,insert,wikidata
external_ids,person:383:gnd,insert,wikidata
external_ids,person:383:imdb,insert,wikidata
external_ids,person:383:instagram,insert,wikidata
external_ids,person:383:kinopoisk,insert,wikidata
external_ids,person:383:loc,insert,wikidata
external_ids,person:383:svensk_film,insert,wikidata
external_ids,person:383:tmdb_person,insert,wikidata
external_ids,person:383:twitter,insert,wikidata
external_ids,person:383:viaf,insert,wikidata
external_ids,person:383:wikitree,insert,wikidata
external_ids,person:383:wikidata,insert,wikidata
people,384:nationality,fill,wikidata
person_citizenships,384:United States,insert,wikidata
person_occupations,384:screenwriter,insert,wikidata
person_occupations,384:television producer,insert,wikidata
person_occupations,384:comics artist,insert,wikidata
person_occupations,384:blogger,insert,wikidata
person_occupations,384:writer,insert,wikidata
person_occupations,384:comics writer,insert,wikidata
person_occupations,384:author,insert,wikidata
person_details,person:384,insert,wikidata
person_awards,384:Writers Guild of America Award:won:1999,insert,wikidata
person_awards,384:Inkpot Award:won:2013,insert,wikidata
person_awards,384:Eisner Award for Best Single Issue/One-Shot:won:1994,insert,wikidata
person_awards,384:Eisner Award for Best Single Issue/One-Shot:won:1995,insert,wikidata
person_awards,384:Eisner Award for Best Title for Younger Readers:won:1996,insert,wikidata
person_awards,384:Eisner Award for Best Graphic Album — New:won:1998,insert,wikidata
person_awards,384:Eisner Award for Best Comics-Related Book:won:1999,insert,wikidata
person_awards,384:Eisner Award for Best Graphic Album — New:won:1999,insert,wikidata
person_awards,384:Eisner Award for Best Graphic Album — Reprint:won:2004,insert,wikidata
person_awards,384:Writers Guild of America Award:won:2006,insert,wikidata
person_awards,384:Harvey Award for Best Single Issue or Story:won:1994,insert,wikidata
person_awards,384:Harvey Award for Best Graphic Album of Original Work:won:2000,insert,wikidata
external_ids,person:384:allmovie,insert,wikidata
external_ids,person:384:allocine,insert,wikidata
external_ids,person:384:bnf,insert,wikidata
external_ids,person:384:discogs,insert,wikidata
external_ids,person:384:freebase,insert,wikidata
external_ids,person:384:gnd,insert,wikidata
external_ids,person:384:imdb,insert,wikidata
external_ids,person:384:kinopoisk,insert,wikidata
external_ids,person:384:loc,insert,wikidata
external_ids,person:384:svensk_film,insert,wikidata
external_ids,person:384:tmdb_person,insert,wikidata
external_ids,person:384:twitter,insert,wikidata
external_ids,person:384:viaf,insert,wikidata
external_ids,person:384:wikidata,insert,wikidata
people,385:birth_date,fill,wikidata
people,385:nationality,fill,wikidata
person_citizenships,385:United States,insert,wikidata
person_occupations,385:screenwriter,insert,wikidata
person_occupations,385:comics artist,insert,wikidata
person_occupations,385:television producer,insert,wikidata
person_occupations,385:writer,insert,wikidata
person_occupations,385:comics editor,insert,wikidata
person_occupations,385:comics writer,insert,wikidata
person_details,person:385,insert,wikidata
external_ids,person:385:allocine,insert,wikidata
external_ids,person:385:bnf,insert,wikidata
external_ids,person:385:freebase,insert,wikidata
external_ids,person:385:gnd,insert,wikidata
external_ids,person:385:imdb,insert,wikidata
external_ids,person:385:kinopoisk,insert,wikidata
external_ids,person:385:loc,insert,wikidata
external_ids,person:385:tmdb_person,insert,wikidata
external_ids,person:385:twitter,insert,wikidata
external_ids,person:385:viaf,insert,wikidata
external_ids,person:385:wikidata,insert,wikidata
people,386:birth_date,fill,wikidata
people,386:wikidata_id,fill,wikidata
people,386:imdb_id,fill,wikidata
people,386:tmdb_id,fill,wikidata
people,386:birth_place,fill,wikidata
people,386:nationality,fill,wikidata
person_citizenships,386:United States,insert,wikidata
person_occupations,386:writer,insert,wikidata
person_occupations,386:comics artist,insert,wikidata
person_occupations,386:television producer,insert,wikidata
person_details,person:386,insert,wikidata
person_awards,386:Eisner Award for Best Writer:nominated:None,insert,wikidata
external_ids,person:386:bnf,insert,wikidata
external_ids,person:386:freebase,insert,wikidata
external_ids,person:386:gnd,insert,wikidata
external_ids,person:386:imdb,insert,wikidata
external_ids,person:386:loc,insert,wikidata
external_ids,person:386:tmdb_person,insert,wikidata
external_ids,person:386:viaf,insert,wikidata
external_ids,person:386:wikidata,insert,wikidata
people,387:birth_date,fill,wikidata
people,387:death_date,fill,wikidata
people,387:wikidata_id,fill,wikidata
people,387:birth_place,fill,wikidata
people,387:nationality,fill,wikidata
person_citizenships,387:United States,insert,wikidata
person_occupations,387:actor,insert,wikidata
person_occupations,387:comedian,insert,wikidata
person_occupations,387:television actor,insert,wikidata
person_details,person:387,insert,wikidata
external_ids,person:387:freebase,insert,wikidata
external_ids,person:387:wikidata,insert,wikidata
people,388:birth_date,fill,wikidata
people,388:birth_place,fill,wikidata
people,388:nationality,fill,wikidata
person_citizenships,388:United States,insert,wikidata
person_occupations,388:composer,insert,wikidata
person_details,person:388,insert,wikidata
external_ids,person:388:bnf,insert,wikidata
external_ids,person:388:discogs,insert,wikidata
external_ids,person:388:freebase,insert,wikidata
external_ids,person:388:gnd,insert,wikidata
external_ids,person:388:imdb,insert,wikidata
external_ids,person:388:musicbrainz_artist,insert,wikidata
external_ids,person:388:tmdb_person,insert,wikidata
external_ids,person:388:viaf,insert,wikidata
external_ids,person:388:wikidata,insert,wikidata
people,389:nationality,fill,wikidata
person_citizenships,389:United States,insert,wikidata
person_occupations,389:voice actor,insert,wikidata
person_occupations,389:actor,insert,wikidata
person_occupations,389:television producer,insert,wikidata
person_details,person:389,insert,wikidata
external_ids,person:389:allmovie,insert,wikidata
external_ids,person:389:freebase,insert,wikidata
external_ids,person:389:imdb,insert,wikidata
external_ids,person:389:instagram,insert,wikidata
external_ids,person:389:kinopoisk,insert,wikidata
external_ids,person:389:official_website,insert,wikidata
external_ids,person:389:tmdb_person,insert,wikidata
external_ids,person:389:twitter,insert,wikidata
external_ids,person:389:wikidata,insert,wikidata
people,39:nationality,fill,wikidata
person_citizenships,39:United States,insert,wikidata
person_occupations,39:actor,insert,wikidata
person_occupations,39:screenwriter,insert,wikidata
person_occupations,39:film director,insert,wikidata
person_occupations,39:film producer,insert,wikidata
person_occupations,39:voice actor,insert,wikidata
person_occupations,39:writer,insert,wikidata
person_occupations,39:character actor,insert,wikidata
person_occupations,39:film actor,insert,wikidata
person_occupations,39:television actor,insert,wikidata
person_occupations,39:executive producer,insert,wikidata
person_occupations,39:showrunner,insert,wikidata
person_occupations,39:television producer,insert,wikidata
person_occupations,39:director,insert,wikidata
person_occupations,39:comedian,insert,wikidata
person_occupations,39:film screenwriter,insert,wikidata
person_details,person:39,insert,wikidata
person_awards,39:Disney Legends:won:2019,insert,wikidata
external_ids,person:39:allmovie,insert,wikidata
external_ids,person:39:allocine,insert,wikidata
external_ids,person:39:bnf,insert,wikidata
external_ids,person:39:discogs,insert,wikidata
external_ids,person:39:freebase,insert,wikidata
external_ids,person:39:gnd,insert,wikidata
external_ids,person:39:imdb,insert,wikidata
external_ids,person:39:instagram,insert,wikidata
external_ids,person:39:kinopoisk,insert,wikidata
external_ids,person:39:loc,insert,wikidata
external_ids,person:39:musicbrainz_artist,insert,wikidata
external_ids,person:39:quora,insert,wikidata
external_ids,person:39:svensk_film,insert,wikidata
external_ids,person:39:tmdb_person,insert,wikidata
external_ids,person:39:twitter,insert,wikidata
external_ids,person:39:viaf,insert,wikidata
external_ids,person:39:wikitree,insert,wikidata
external_ids,person:39:wikidata,insert,wikidata
people,390:nationality,fill,wikidata
person_citizenships,390:United States,insert,wikidata
person_occupations,390:actor,insert,wikidata
person_occupations,390:musician,insert,wikidata
person_occupations,390:dub actor,insert,wikidata
person_details,person:390,insert,wikidata
external_ids,person:390:allmovie,insert,wikidata
external_ids,person:390:allocine,insert,wikidata
external_ids,person:390:bnf,insert,wikidata
external_ids,person:390:freebase,insert,wikidata
external_ids,person:390:gnd,insert,wikidata
external_ids,person:390:imdb,insert,wikidata
external_ids,person:390:instagram,insert,wikidata
external_ids,person:390:kinopoisk,insert,wikidata
external_ids,person:390:loc,insert,wikidata
external_ids,person:390:musicbrainz_artist,insert,wikidata
external_ids,person:390:tmdb_person,insert,wikidata
external_ids,person:390:twitter,insert,wikidata
external_ids,person:390:viaf,insert,wikidata
external_ids,person:390:wikidata,insert,wikidata
people,391:nationality,fill,wikidata
person_citizenships,391:United States,insert,wikidata
person_occupations,391:film producer,insert,wikidata
person_occupations,391:stage actor,insert,wikidata
person_occupations,391:voice actor,insert,wikidata
person_occupations,391:comics writer,insert,wikidata
person_occupations,391:writer,insert,wikidata
person_occupations,391:director,insert,wikidata
person_occupations,391:actor,insert,wikidata
person_occupations,391:manufacturer,insert,wikidata
person_details,person:391,insert,wikidata
external_ids,person:391:allmovie,insert,wikidata
external_ids,person:391:allocine,insert,wikidata
external_ids,person:391:bnf,insert,wikidata
external_ids,person:391:freebase,insert,wikidata
external_ids,person:391:gnd,insert,wikidata
external_ids,person:391:imdb,insert,wikidata
external_ids,person:391:kinopoisk,insert,wikidata
external_ids,person:391:loc,insert,wikidata
external_ids,person:391:musicbrainz_artist,insert,wikidata
external_ids,person:391:tmdb_person,insert,wikidata
external_ids,person:391:viaf,insert,wikidata
external_ids,person:391:wikidata,insert,wikidata
people,392:wikidata_id,fill,wikidata
people,392:imdb_id,fill,wikidata
person_occupations,392:animator,insert,wikidata
person_details,person:392,insert,wikidata
external_ids,person:392:imdb,insert,wikidata
external_ids,person:392:wikidata,insert,wikidata
people,396:nationality,fill,wikidata
person_citizenships,396:United States,insert,wikidata
person_occupations,396:actor,insert,wikidata
person_occupations,396:singer,insert,wikidata
person_occupations,396:marionetteist,insert,wikidata
person_occupations,396:blogger,insert,wikidata
person_occupations,396:dub actor,insert,wikidata
person_occupations,396:television actor,insert,wikidata
person_occupations,396:voice actor,insert,wikidata
person_occupations,396:film actor,insert,wikidata
person_details,person:396,insert,wikidata
person_awards,396:Boettcher Scholarship:won:None,insert,wikidata
external_ids,person:396:allmovie,insert,wikidata
external_ids,person:396:allocine,insert,wikidata
external_ids,person:396:bnf,insert,wikidata
external_ids,person:396:discogs,insert,wikidata
external_ids,person:396:freebase,insert,wikidata
external_ids,person:396:imdb,insert,wikidata
external_ids,person:396:kinopoisk,insert,wikidata
external_ids,person:396:loc,insert,wikidata
external_ids,person:396:musicbrainz_artist,insert,wikidata
external_ids,person:396:official_website,insert,wikidata
external_ids,person:396:svensk_film,insert,wikidata
external_ids,person:396:tmdb_person,insert,wikidata
external_ids,person:396:twitter,insert,wikidata
external_ids,person:396:viaf,insert,wikidata
external_ids,person:396:wikidata,insert,wikidata
people,4:nationality,fill,wikidata
person_citizenships,4:United States,insert,wikidata
person_occupations,4:stage actor,insert,wikidata
person_occupations,4:film actor,insert,wikidata
person_occupations,4:television actor,insert,wikidata
person_occupations,4:singer,insert,wikidata
person_occupations,4:actor,insert,wikidata
person_details,person:4,insert,wikidata
person_awards,4:Tony Award for Best Actor in a Musical:won:1951,insert,wikidata
external_ids,person:4:allmovie,insert,wikidata
external_ids,person:4:allocine,insert,wikidata
external_ids,person:4:bnf,insert,wikidata
external_ids,person:4:discogs,insert,wikidata
external_ids,person:4:find_a_grave,insert,wikidata
external_ids,person:4:freebase,insert,wikidata
external_ids,person:4:gnd,insert,wikidata
external_ids,person:4:imdb,insert,wikidata
external_ids,person:4:kinopoisk,insert,wikidata
external_ids,person:4:loc,insert,wikidata
external_ids,person:4:musicbrainz_artist,insert,wikidata
external_ids,person:4:svensk_film,insert,wikidata
external_ids,person:4:tmdb_person,insert,wikidata
external_ids,person:4:viaf,insert,wikidata
external_ids,person:4:wikitree,insert,wikidata
external_ids,person:4:wikidata,insert,wikidata
people,40:nationality,fill,wikidata
person_citizenships,40:United States,insert,wikidata
person_occupations,40:film actor,insert,wikidata
person_occupations,40:singer,insert,wikidata
person_occupations,40:musician,insert,wikidata
person_occupations,40:stage actor,insert,wikidata
person_occupations,40:television actor,insert,wikidata
person_occupations,40:songwriter,insert,wikidata
person_occupations,40:businessperson,insert,wikidata
person_occupations,40:screenwriter,insert,wikidata
person_occupations,40:television producer,insert,wikidata
person_occupations,40:actor,insert,wikidata
person_occupations,40:film director,insert,wikidata
person_occupations,40:wellness guru,insert,wikidata
person_details,person:40,insert,wikidata
person_awards,40:Academy Award for Best Actress:won:1999,insert,wikidata
person_awards,40:Crystal Award:won:2004,insert,wikidata
person_awards,40:Primetime Emmy Award for Outstanding Guest Actress in a Comedy Series:won:2011,insert,wikidata
person_awards,40:star on Hollywood Walk of Fame:won:None,insert,wikidata
person_awards,40:Golden Globe Award for Best Actress in a Motion Picture – Musical or Comedy:won:1999,insert,wikidata
person_awards,40:Screen Actors Guild Award for Outstanding Performance by a Female Actor in a Leading Role:won:1999,insert,wikidata
person_awards,40:Academy Award for Best Actress:nominated:1999,insert,wikidata
external_ids,person:40:allmovie,insert,wikidata
external_ids,person:40:allocine,insert,wikidata
external_ids,person:40:bnf,insert,wikidata
external_ids,person:40:discogs,insert,wikidata
external_ids,person:40:freebase,insert,wikidata
external_ids,person:40:gnd,insert,wikidata
external_ids,person:40:imdb,insert,wikidata
external_ids,person:40:instagram,insert,wikidata
external_ids,person:40:kinopoisk,insert,wikidata
external_ids,person:40:loc,insert,wikidata
external_ids,person:40:musicbrainz_artist,insert,wikidata
external_ids,person:40:official_website,insert,wikidata
external_ids,person:40:quora,insert,wikidata
external_ids,person:40:svensk_film,insert,wikidata
external_ids,person:40:tmdb_person,insert,wikidata
external_ids,person:40:twitter,insert,wikidata
external_ids,person:40:viaf,insert,wikidata
external_ids,person:40:wikitree,insert,wikidata
external_ids,person:40:wikidata,insert,wikidata
people,400:nationality,fill,wikidata
person_citizenships,400:United States,insert,wikidata
person_occupations,400:guitarist,insert,wikidata
person_occupations,400:singer,insert,wikidata
person_occupations,400:record producer,insert,wikidata
person_occupations,400:actor,insert,wikidata
person_occupations,400:composer,insert,wikidata
person_occupations,400:songwriter,insert,wikidata
person_occupations,400:lyricist,insert,wikidata
person_occupations,400:rock singer,insert,wikidata
person_details,person:400,insert,wikidata
person_awards,400:Alternative Press Music Award for Best Vocalist:won:None,insert,wikidata
external_ids,person:400:allocine,insert,wikidata
external_ids,person:400:discogs,insert,wikidata
external_ids,person:400:freebase,insert,wikidata
external_ids,person:400:gnd,insert,wikidata
external_ids,person:400:imdb,insert,wikidata
external_ids,person:400:kinopoisk,insert,wikidata
external_ids,person:400:loc,insert,wikidata
external_ids,person:400:musicbrainz_artist,insert,wikidata
external_ids,person:400:official_website,insert,wikidata
external_ids,person:400:quora,insert,wikidata
external_ids,person:400:tmdb_person,insert,wikidata
external_ids,person:400:twitter,insert,wikidata
external_ids,person:400:viaf,insert,wikidata
external_ids,person:400:wikidata,insert,wikidata
people,401:nationality,fill,wikidata
person_citizenships,401:United States,insert,wikidata
person_occupations,401:voice actor,insert,wikidata
person_occupations,401:comedian,insert,wikidata
person_details,person:401,insert,wikidata
person_awards,401:Crunchyroll Anime Award for Best VA Performance:won:None,insert,wikidata
external_ids,person:401:imdb,insert,wikidata
external_ids,person:401:instagram,insert,wikidata
external_ids,person:401:tmdb_person,insert,wikidata
external_ids,person:401:twitter,insert,wikidata
external_ids,person:401:wikidata,insert,wikidata
people,405:wikidata_id,fill,wikidata
people,405:imdb_id,fill,wikidata
person_occupations,405:director,insert,wikidata
person_details,person:405,insert,wikidata
external_ids,person:405:imdb,insert,wikidata
external_ids,person:405:wikidata,insert,wikidata
people,406:nationality,fill,wikidata
person_citizenships,406:United States,insert,wikidata
person_occupations,406:composer,insert,wikidata
person_details,person:406,insert,wikidata
external_ids,person:406:freebase,insert,wikidata
external_ids,person:406:imdb,insert,wikidata
external_ids,person:406:loc,insert,wikidata
external_ids,person:406:tmdb_person,insert,wikidata
external_ids,person:406:viaf,insert,wikidata
external_ids,person:406:wikidata,insert,wikidata
people,408:nationality,fill,wikidata
person_citizenships,408:United States,insert,wikidata
person_occupations,408:actor,insert,wikidata
person_occupations,408:film actor,insert,wikidata
person_occupations,408:television actor,insert,wikidata
person_occupations,408:screenwriter,insert,wikidata
person_occupations,408:voice actor,insert,wikidata
person_occupations,408:video game actor,insert,wikidata
person_occupations,408:television producer,insert,wikidata
person_occupations,408:television director,insert,wikidata
person_details,person:408,insert,wikidata
external_ids,person:408:allmovie,insert,wikidata
external_ids,person:408:allocine,insert,wikidata
external_ids,person:408:freebase,insert,wikidata
external_ids,person:408:imdb,insert,wikidata
external_ids,person:408:instagram,insert,wikidata
external_ids,person:408:kinopoisk,insert,wikidata
external_ids,person:408:loc,insert,wikidata
external_ids,person:408:tmdb_person,insert,wikidata
external_ids,person:408:twitter,insert,wikidata
external_ids,person:408:viaf,insert,wikidata
external_ids,person:408:wikidata,insert,wikidata
people,409:nationality,fill,wikidata
person_citizenships,409:Ireland,insert,wikidata
person_occupations,409:actor,insert,wikidata
person_occupations,409:character actor,insert,wikidata
person_occupations,409:stage actor,insert,wikidata
person_occupations,409:film actor,insert,wikidata
person_occupations,409:television actor,insert,wikidata
person_occupations,409:screenwriter,insert,wikidata
person_details,person:409,insert,wikidata
person_awards,409:Emmy Award:won:2009,insert,wikidata
person_awards,409:Primetime Emmy Award for Outstanding Lead Actor in a Miniseries or a Movie:won:2009,insert,wikidata
person_awards,409:European Film Award for Best Actor:nominated:2014,insert,wikidata
person_awards,409:Golden Globe Award for Best Supporting Actor – Motion Picture:nominated:2023,insert,wikidata
person_awards,409:Academy Award for Best Supporting Actor:nominated:2023,insert,wikidata
external_ids,person:409:allmovie,insert,wikidata
external_ids,person:409:allocine,insert,wikidata
external_ids,person:409:bnf,insert,wikidata
external_ids,person:409:discogs,insert,wikidata
external_ids,person:409:freebase,insert,wikidata
external_ids,person:409:gnd,insert,wikidata
external_ids,person:409:imdb,insert,wikidata
external_ids,person:409:kinopoisk,insert,wikidata
external_ids,person:409:loc,insert,wikidata
external_ids,person:409:musicbrainz_artist,insert,wikidata
external_ids,person:409:svensk_film,insert,wikidata
external_ids,person:409:tmdb_person,insert,wikidata
external_ids,person:409:viaf,insert,wikidata
external_ids,person:409:wikitree,insert,wikidata
external_ids,person:409:wikidata,insert,wikidata
people,41:nationality,fill,wikidata
person_citizenships,41:United States,insert,wikidata
person_occupations,41:actor,insert,wikidata
person_details,person:41,insert,wikidata
external_ids,person:41:allmovie,insert,wikidata
external_ids,person:41:allocine,insert,wikidata
external_ids,person:41:bnf,insert,wikidata
external_ids,person:41:freebase,insert,wikidata
external_ids,person:41:gnd,insert,wikidata
external_ids,person:41:imdb,insert,wikidata
external_ids,person:41:instagram,insert,wikidata
external_ids,person:41:kinopoisk,insert,wikidata
external_ids,person:41:loc,insert,wikidata
external_ids,person:41:quora,insert,wikidata
external_ids,person:41:svensk_film,insert,wikidata
external_ids,person:41:tmdb_person,insert,wikidata
external_ids,person:41:twitter,insert,wikidata
external_ids,person:41:viaf,insert,wikidata
external_ids,person:41:wikidata,insert,wikidata
people,410:birth_date,fill,wikidata
people,410:nationality,fill,wikidata
person_citizenships,410:United States,insert,wikidata
person_occupations,410:actor,insert,wikidata
person_occupations,410:television actor,insert,wikidata
person_occupations,410:film actor,insert,wikidata
person_details,person:410,insert,wikidata
external_ids,person:410:allmovie,insert,wikidata
external_ids,person:410:allocine,insert,wikidata
external_ids,person:410:freebase,insert,wikidata
external_ids,person:410:imdb,insert,wikidata
external_ids,person:410:musicbrainz_artist,insert,wikidata
external_ids,person:410:tmdb_person,insert,wikidata
external_ids,person:410:viaf,insert,wikidata
external_ids,person:410:wikidata,insert,wikidata
people,411:nationality,fill,wikidata
person_citizenships,411:United Kingdom,insert,wikidata
person_occupations,411:film actor,insert,wikidata
person_occupations,411:stage actor,insert,wikidata
person_occupations,411:television actor,insert,wikidata
person_occupations,411:voice actor,insert,wikidata
person_occupations,411:video game actor,insert,wikidata
person_occupations,411:film director,insert,wikidata
person_occupations,411:film screenwriter,insert,wikidata
person_occupations,411:film producer,insert,wikidata
person_occupations,411:actor,insert,wikidata
person_details,person:411,insert,wikidata
person_awards,411:Screen Actors Guild Award for Outstanding Performance by an Ensemble in a Drama Series:won:2012,insert,wikidata
person_awards,411:Screen Actors Guild Award for Outstanding Performance by a Cast in a Motion Picture:won:2014,insert,wikidata
external_ids,person:411:allmovie,insert,wikidata
external_ids,person:411:allocine,insert,wikidata
external_ids,person:411:bnf,insert,wikidata
external_ids,person:411:discogs,insert,wikidata
external_ids,person:411:freebase,insert,wikidata
external_ids,person:411:gnd,insert,wikidata
external_ids,person:411:imdb,insert,wikidata
external_ids,person:411:kinopoisk,insert,wikidata
external_ids,person:411:loc,insert,wikidata
external_ids,person:411:musicbrainz_artist,insert,wikidata
external_ids,person:411:quora,insert,wikidata
external_ids,person:411:svensk_film,insert,wikidata
external_ids,person:411:tmdb_person,insert,wikidata
external_ids,person:411:twitter,insert,wikidata
external_ids,person:411:viaf,insert,wikidata
external_ids,person:411:wikitree,insert,wikidata
external_ids,person:411:wikidata,insert,wikidata
people,412:nationality,fill,wikidata
person_citizenships,412:United States,insert,wikidata
person_occupations,412:screenwriter,insert,wikidata
person_occupations,412:film director,insert,wikidata
person_occupations,412:director,insert,wikidata
person_occupations,412:manufacturer,insert,wikidata
person_details,person:412,insert,wikidata
external_ids,person:412:allocine,insert,wikidata
external_ids,person:412:bnf,insert,wikidata
external_ids,person:412:freebase,insert,wikidata
external_ids,person:412:gnd,insert,wikidata
external_ids,person:412:imdb,insert,wikidata
external_ids,person:412:loc,insert,wikidata
external_ids,person:412:tmdb_person,insert,wikidata
external_ids,person:412:twitter,insert,wikidata
external_ids,person:412:viaf,insert,wikidata
external_ids,person:412:wikidata,insert,wikidata
person_occupations,413:screenwriter,insert,wikidata
person_occupations,413:television producer,insert,wikidata
person_details,person:413,insert,wikidata
external_ids,person:413:allocine,insert,wikidata
external_ids,person:413:freebase,insert,wikidata
external_ids,person:413:imdb,insert,wikidata
external_ids,person:413:tmdb_person,insert,wikidata
external_ids,person:413:twitter,insert,wikidata
external_ids,person:413:wikidata,insert,wikidata
people,414:nationality,fill,wikidata
person_citizenships,414:United Kingdom,insert,wikidata
person_occupations,414:film director,insert,wikidata
person_details,person:414,insert,wikidata
person_awards,414:Primetime Emmy Award for Outstanding Directing for a Comedy Series:won:2019,insert,wikidata
external_ids,person:414:allocine,insert,wikidata
external_ids,person:414:freebase,insert,wikidata
external_ids,person:414:imdb,insert,wikidata
external_ids,person:414:loc,insert,wikidata
external_ids,person:414:tmdb_person,insert,wikidata
external_ids,person:414:viaf,insert,wikidata
external_ids,person:414:wikidata,insert,wikidata
people,415:birth_date,fill,wikidata
people,415:death_date,fill,wikidata
people,415:wikidata_id,fill,wikidata
people,415:birth_place,fill,wikidata
people,415:nationality,fill,wikidata
person_citizenships,415:United States,insert,wikidata
person_occupations,415:video game developer,insert,wikidata
person_occupations,415:software developer,insert,wikidata
person_details,person:415,insert,wikidata
external_ids,person:415:wikidata,insert,wikidata
people,417:birth_date,fill,wikidata
people,417:wikidata_id,fill,wikidata
people,417:birth_place,fill,wikidata
people,417:nationality,fill,wikidata
person_citizenships,417:United States,insert,wikidata
person_occupations,417:writer,insert,wikidata
person_occupations,417:editor,insert,wikidata
person_occupations,417:penciller,insert,wikidata
person_occupations,417:inker,insert,wikidata
person_occupations,417:comics editor,insert,wikidata
person_occupations,417:draftsperson,insert,wikidata
person_occupations,417:screenwriter,insert,wikidata
person_occupations,417:comics artist,insert,wikidata
person_details,person:417,insert,wikidata
person_awards,417:Special Recognition Award:won:2017,insert,wikidata
external_ids,person:417:bnf,insert,wikidata
external_ids,person:417:freebase,insert,wikidata
external_ids,person:417:gnd,insert,wikidata
external_ids,person:417:loc,insert,wikidata
external_ids,person:417:viaf,insert,wikidata
external_ids,person:417:wikidata,insert,wikidata
people,42:nationality,fill,wikidata
person_citizenships,42:United States,insert,wikidata
person_occupations,42:actor,insert,wikidata
person_occupations,42:television actor,insert,wikidata
person_occupations,42:film actor,insert,wikidata
person_occupations,42:singer,insert,wikidata
person_details,person:42,insert,wikidata
external_ids,person:42:allmovie,insert,wikidata
external_ids,person:42:allocine,insert,wikidata
external_ids,person:42:bnf,insert,wikidata
external_ids,person:42:discogs,insert,wikidata
external_ids,person:42:freebase,insert,wikidata
external_ids,person:42:gnd,insert,wikidata
external_ids,person:42:imdb,insert,wikidata
external_ids,person:42:kinopoisk,insert,wikidata
external_ids,person:42:loc,insert,wikidata
external_ids,person:42:musicbrainz_artist,insert,wikidata
external_ids,person:42:svensk_film,insert,wikidata
external_ids,person:42:tmdb_person,insert,wikidata
external_ids,person:42:viaf,insert,wikidata
external_ids,person:42:wikidata,insert,wikidata
people,43:nationality,fill,wikidata
person_citizenships,43:United States,insert,wikidata
person_occupations,43:television actor,insert,wikidata
person_occupations,43:stage actor,insert,wikidata
person_occupations,43:film actor,insert,wikidata
person_occupations,43:actor,insert,wikidata
person_details,person:43,insert,wikidata
person_awards,43:Tony Award for Best Actress in a Musical:won:1990,insert,wikidata
person_awards,43:Lucy Award:won:2002,insert,wikidata
person_awards,43:Primetime Emmy Award for Outstanding Lead Actress in a Drama Series:won:1983,insert,wikidata
person_awards,43:Primetime Emmy Award for Outstanding Lead Actress in a Drama Series:won:1984,insert,wikidata
person_awards,43:Primetime Emmy Award for Outstanding Lead Actress in a Drama Series:won:1985,insert,wikidata
person_awards,43:Primetime Emmy Award for Outstanding Lead Actress in a Drama Series:won:1988,insert,wikidata
person_awards,43:Primetime Emmy Award for Outstanding Supporting Actress in a Drama Series:won:1996,insert,wikidata
person_awards,43:Primetime Emmy Award for Outstanding Supporting Actress in a Drama Series:won:2003,insert,wikidata
person_awards,43:star on Hollywood Walk of Fame:won:None,insert,wikidata
person_awards,43:Drama Desk Award for Outstanding Actress in a Musical:won:None,insert,wikidata
person_awards,43:Tony Award for Best Actress in a Play:nominated:2014,insert,wikidata
person_awards,43:Tony Award for Best Featured Actress in a Play:nominated:2006,insert,wikidata
person_awards,"43:Grammy Award for Best Audio Book, Narration & Storytelling Recording:nominated:2005",insert,wikidata
external_ids,person:43:allmovie,insert,wikidata
external_ids,person:43:allocine,insert,wikidata
external_ids,person:43:bnf,insert,wikidata
external_ids,person:43:discogs,insert,wikidata
external_ids,person:43:freebase,insert,wikidata
external_ids,person:43:gnd,insert,wikidata
external_ids,person:43:imdb,insert,wikidata
external_ids,person:43:instagram,insert,wikidata
external_ids,person:43:kinopoisk,insert,wikidata
external_ids,person:43:loc,insert,wikidata
external_ids,person:43:musicbrainz_artist,insert,wikidata
external_ids,person:43:official_website,insert,wikidata
external_ids,person:43:svensk_film,insert,wikidata
external_ids,person:43:tmdb_person,insert,wikidata
external_ids,person:43:twitter,insert,wikidata
external_ids,person:43:viaf,insert,wikidata
external_ids,person:43:wikidata,insert,wikidata
people,430:wikidata_id,fill,wikidata
person_occupations,430:researcher,insert,wikidata
person_details,person:430,insert,wikidata
external_ids,person:430:wikidata,insert,wikidata
people,431:birth_date,fill,wikidata
people,431:wikidata_id,fill,wikidata
people,431:imdb_id,fill,wikidata
people,431:nationality,fill,wikidata
person_citizenships,431:United States,insert,wikidata
person_occupations,431:engineer,insert,wikidata
person_occupations,431:composer,insert,wikidata
person_details,person:431,insert,wikidata
external_ids,person:431:discogs,insert,wikidata
external_ids,person:431:freebase,insert,wikidata
external_ids,person:431:imdb,insert,wikidata
external_ids,person:431:loc,insert,wikidata
external_ids,person:431:musicbrainz_artist,insert,wikidata
external_ids,person:431:viaf,insert,wikidata
external_ids,person:431:wikidata,insert,wikidata
people,432:birth_date,fill,wikidata
people,432:death_date,fill,wikidata
people,432:wikidata_id,fill,wikidata
people,432:imdb_id,fill,wikidata
people,432:birth_place,fill,wikidata
people,432:nationality,fill,wikidata
person_citizenships,432:United Kingdom,insert,wikidata
person_occupations,432:musician,insert,wikidata
person_occupations,432:audio engineer,insert,wikidata
person_occupations,432:record producer,insert,wikidata
person_occupations,432:guitarist,insert,wikidata
person_occupations,432:psychologist,insert,wikidata
person_details,person:432,insert,wikidata
external_ids,person:432:discogs,insert,wikidata
external_ids,person:432:freebase,insert,wikidata
external_ids,person:432:gnd,insert,wikidata
external_ids,person:432:imdb,insert,wikidata
external_ids,person:432:loc,insert,wikidata
external_ids,person:432:musicbrainz_artist,insert,wikidata
external_ids,person:432:viaf,insert,wikidata
external_ids,person:432:wikidata,insert,wikidata
people,438:birth_date,fill,wikidata
people,438:wikidata_id,fill,wikidata
people,438:imdb_id,fill,wikidata
people,438:birth_place,fill,wikidata
people,438:nationality,fill,wikidata
person_citizenships,438:United Kingdom,insert,wikidata
person_occupations,438:musician,insert,wikidata
person_occupations,438:composer,insert,wikidata
person_occupations,438:programmer,insert,wikidata
person_details,person:438,insert,wikidata
external_ids,person:438:discogs,insert,wikidata
external_ids,person:438:freebase,insert,wikidata
external_ids,person:438:imdb,insert,wikidata
external_ids,person:438:kinopoisk,insert,wikidata
external_ids,person:438:loc,insert,wikidata
external_ids,person:438:musicbrainz_artist,insert,wikidata
external_ids,person:438:viaf,insert,wikidata
external_ids,person:438:wikidata,insert,wikidata
people,439:birth_date,fill,wikidata
people,439:wikidata_id,fill,wikidata
people,439:imdb_id,fill,wikidata
people,439:tmdb_id,fill,wikidata
people,439:nationality,fill,wikidata
person_citizenships,439:United Kingdom,insert,wikidata
person_occupations,439:composer,insert,wikidata
person_details,person:439,insert,wikidata
external_ids,person:439:bnf,insert,wikidata
external_ids,person:439:discogs,insert,wikidata
external_ids,person:439:freebase,insert,wikidata
external_ids,person:439:imdb,insert,wikidata
external_ids,person:439:musicbrainz_artist,insert,wikidata
external_ids,person:439:official_website,insert,wikidata
external_ids,person:439:tmdb_person,insert,wikidata
external_ids,person:439:twitter,insert,wikidata
external_ids,person:439:viaf,insert,wikidata
external_ids,person:439:wikidata,insert,wikidata
people,44:nationality,fill,wikidata
person_citizenships,44:United States,insert,wikidata
person_occupations,44:film actor,insert,wikidata
person_occupations,44:singer,insert,wikidata
person_occupations,44:rapper,insert,wikidata
person_occupations,44:television actor,insert,wikidata
person_occupations,44:actor,insert,wikidata
person_occupations,44:dancer,insert,wikidata
person_details,person:44,insert,wikidata
external_ids,person:44:allmovie,insert,wikidata
external_ids,person:44:allocine,insert,wikidata
external_ids,person:44:bnf,insert,wikidata
external_ids,person:44:discogs,insert,wikidata
external_ids,person:44:freebase,insert,wikidata
external_ids,person:44:gnd,insert,wikidata
external_ids,person:44:imdb,insert,wikidata
external_ids,person:44:instagram,insert,wikidata
external_ids,person:44:kinopoisk,insert,wikidata
external_ids,person:44:loc,insert,wikidata
external_ids,person:44:musicbrainz_artist,insert,wikidata
external_ids,person:44:svensk_film,insert,wikidata
external_ids,person:44:tmdb_person,insert,wikidata
external_ids,person:44:twitter,insert,wikidata
external_ids,person:44:viaf,insert,wikidata
external_ids,person:44:wikidata,insert,wikidata
people,440:birth_date,fill,wikidata
people,440:death_date,fill,wikidata
people,440:wikidata_id,fill,wikidata
people,440:imdb_id,fill,wikidata
person_occupations,440:composer,insert,wikidata
person_details,person:440,insert,wikidata
external_ids,person:440:discogs,insert,wikidata
external_ids,person:440:imdb,insert,wikidata
external_ids,person:440:musicbrainz_artist,insert,wikidata
external_ids,person:440:wikidata,insert,wikidata
people,447:wikidata_id,fill,wikidata
people,447:imdb_id,fill,wikidata
people,447:tmdb_id,fill,wikidata
person_occupations,447:actor,insert,wikidata
person_occupations,447:film score composer,insert,wikidata
person_occupations,447:screenwriter,insert,wikidata
person_details,person:447,insert,wikidata
external_ids,person:447:imdb,insert,wikidata
external_ids,person:447:tmdb_person,insert,wikidata
external_ids,person:447:wikidata,insert,wikidata
people,448:birth_date,fill,wikidata
people,448:death_date,fill,wikidata
people,448:wikidata_id,fill,wikidata
people,448:imdb_id,fill,wikidata
people,448:birth_place,fill,wikidata
people,448:nationality,fill,wikidata
person_citizenships,448:United States,insert,wikidata
person_occupations,448:musician,insert,wikidata
person_occupations,448:singer,insert,wikidata
person_details,person:448,insert,wikidata
external_ids,person:448:bnf,insert,wikidata
external_ids,person:448:discogs,insert,wikidata
external_ids,person:448:find_a_grave,insert,wikidata
external_ids,person:448:freebase,insert,wikidata
external_ids,person:448:imdb,insert,wikidata
external_ids,person:448:loc,insert,wikidata
external_ids,person:448:musicbrainz_artist,insert,wikidata
external_ids,person:448:viaf,insert,wikidata
external_ids,person:448:wikitree,insert,wikidata
external_ids,person:448:wikidata,insert,wikidata
people,45:nationality,fill,wikidata
person_citizenships,45:United States,insert,wikidata
person_occupations,45:actor,insert,wikidata
person_occupations,45:television actor,insert,wikidata
person_occupations,45:film actor,insert,wikidata
person_occupations,45:voice actor,insert,wikidata
person_occupations,45:screenwriter,insert,wikidata
person_occupations,45:film director,insert,wikidata
person_occupations,45:comedian,insert,wikidata
person_details,person:45,insert,wikidata
external_ids,person:45:allmovie,insert,wikidata
external_ids,person:45:allocine,insert,wikidata
external_ids,person:45:bnf,insert,wikidata
external_ids,person:45:freebase,insert,wikidata
external_ids,person:45:gnd,insert,wikidata
external_ids,person:45:imdb,insert,wikidata
external_ids,person:45:instagram,insert,wikidata
external_ids,person:45:kinopoisk,insert,wikidata
external_ids,person:45:loc,insert,wikidata
external_ids,person:45:musicbrainz_artist,insert,wikidata
external_ids,person:45:quora,insert,wikidata
external_ids,person:45:svensk_film,insert,wikidata
external_ids,person:45:tmdb_person,insert,wikidata
external_ids,person:45:twitter,insert,wikidata
external_ids,person:45:viaf,insert,wikidata
external_ids,person:45:wikidata,insert,wikidata
people,455:birth_date,fill,wikidata
people,455:death_date,fill,wikidata
people,455:wikidata_id,fill,wikidata
people,455:imdb_id,fill,wikidata
people,455:birth_place,fill,wikidata
people,455:nationality,fill,wikidata
person_citizenships,455:Japan,insert,wikidata
person_citizenships,455:Empire of Japan,insert,wikidata
person_occupations,455:composer,insert,wikidata
person_occupations,455:lyricist,insert,wikidata
person_details,person:455,insert,wikidata
person_awards,455:Medal with Purple Ribbon:won:1990,insert,wikidata
person_awards,455:Person of Cultural Merit:won:2003,insert,wikidata
person_awards,455:People's Honour Award:won:2009,insert,wikidata
person_awards,"455:Order of the Rising Sun, 3rd class:won:2002",insert,wikidata
person_awards,"455:Order of the Rising Sun, Gold and Silver Star:won:2009",insert,wikidata
external_ids,person:455:discogs,insert,wikidata
external_ids,person:455:gnd,insert,wikidata
external_ids,person:455:imdb,insert,wikidata
external_ids,person:455:loc,insert,wikidata
external_ids,person:455:musicbrainz_artist,insert,wikidata
external_ids,person:455:viaf,insert,wikidata
external_ids,person:455:wikidata,insert,wikidata
people,456:wikidata_id,fill,wikidata
person_occupations,456:researcher,insert,wikidata
person_details,person:456,insert,wikidata
external_ids,person:456:wikidata,insert,wikidata
people,458:nationality,fill,wikidata
person_citizenships,458:United States,insert,wikidata
person_occupations,458:comics artist,insert,wikidata
person_details,person:458,insert,wikidata
person_awards,458:Yellow Kid Award:won:1996,insert,wikidata
external_ids,person:458:bnf,insert,wikidata
external_ids,person:458:freebase,insert,wikidata
external_ids,person:458:gnd,insert,wikidata
external_ids,person:458:imdb,insert,wikidata
external_ids,person:458:loc,insert,wikidata
external_ids,person:458:tmdb_person,insert,wikidata
external_ids,person:458:viaf,insert,wikidata
external_ids,person:458:wikidata,insert,wikidata
people,459:birth_date,fill,wikidata
people,459:wikidata_id,fill,wikidata
people,459:imdb_id,fill,wikidata
people,459:tmdb_id,fill,wikidata
people,459:birth_place,fill,wikidata
people,459:nationality,fill,wikidata
person_citizenships,459:United States,insert,wikidata
person_occupations,459:screenwriter,insert,wikidata
person_occupations,459:comics artist,insert,wikidata
person_occupations,459:comics writer,insert,wikidata
person_occupations,459:writer,insert,wikidata
person_occupations,459:illustrator,insert,wikidata
person_details,person:459,insert,wikidata
external_ids,person:459:bnf,insert,wikidata
external_ids,person:459:freebase,insert,wikidata
external_ids,person:459:gnd,insert,wikidata
external_ids,person:459:imdb,insert,wikidata
external_ids,person:459:loc,insert,wikidata
external_ids,person:459:tmdb_person,insert,wikidata
external_ids,person:459:twitter,insert,wikidata
external_ids,person:459:viaf,insert,wikidata
external_ids,person:459:wikidata,insert,wikidata
people,46:nationality,fill,wikidata
person_citizenships,46:United States,insert,wikidata
person_occupations,46:actor,insert,wikidata
person_occupations,46:singer,insert,wikidata
person_occupations,46:television actor,insert,wikidata
person_occupations,46:film actor,insert,wikidata
person_occupations,46:voice actor,insert,wikidata
person_occupations,46:singer-songwriter,insert,wikidata
person_occupations,46:model,insert,wikidata
person_details,person:46,insert,wikidata
person_awards,46:Billboard Music Awards:won:2017,insert,wikidata
person_awards,46:MTV Europe Music Award for Best Push Act:won:2017,insert,wikidata
person_awards,46:MTV Europe Music Award for Best Pop:won:2018,insert,wikidata
person_awards,46:Max Mara Face of the Future Award:won:2013,insert,wikidata
person_awards,46:Academy Award for Best Supporting Actress:nominated:2011,insert,wikidata
external_ids,person:46:allmovie,insert,wikidata
external_ids,person:46:allocine,insert,wikidata
external_ids,person:46:bnf,insert,wikidata
external_ids,person:46:discogs,insert,wikidata
external_ids,person:46:freebase,insert,wikidata
external_ids,person:46:gnd,insert,wikidata
external_ids,person:46:imdb,insert,wikidata
external_ids,person:46:instagram,insert,wikidata
external_ids,person:46:kinopoisk,insert,wikidata
external_ids,person:46:loc,insert,wikidata
external_ids,person:46:musicbrainz_artist,insert,wikidata
external_ids,person:46:official_website,insert,wikidata
external_ids,person:46:svensk_film,insert,wikidata
external_ids,person:46:tmdb_person,insert,wikidata
external_ids,person:46:twitter,insert,wikidata
external_ids,person:46:viaf,insert,wikidata
external_ids,person:46:wikidata,insert,wikidata
people,460:birth_date,fill,wikidata
people,460:wikidata_id,fill,wikidata
people,460:imdb_id,fill,wikidata
person_occupations,460:comics artist,insert,wikidata
person_occupations,460:comics colorist,insert,wikidata
person_details,person:460,insert,wikidata
external_ids,person:460:bnf,insert,wikidata
external_ids,person:460:freebase,insert,wikidata
external_ids,person:460:imdb,insert,wikidata
external_ids,person:460:loc,insert,wikidata
external_ids,person:460:viaf,insert,wikidata
external_ids,person:460:wikidata,insert,wikidata
people,466:wikidata_id,fill,wikidata
people,466:imdb_id,fill,wikidata
people,466:nationality,fill,wikidata
person_citizenships,466:United States,insert,wikidata
person_occupations,466:composer,insert,wikidata
person_details,person:466,insert,wikidata
external_ids,person:466:discogs,insert,wikidata
external_ids,person:466:imdb,insert,wikidata
external_ids,person:466:wikidata,insert,wikidata
people,47:nationality,fill,wikidata
person_citizenships,47:United States,insert,wikidata
person_occupations,47:actor,insert,wikidata
person_occupations,47:television actor,insert,wikidata
person_occupations,47:film actor,insert,wikidata
person_details,person:47,insert,wikidata
person_awards,47:Academy Award for Best Supporting Actor:nominated:2023,insert,wikidata
external_ids,person:47:allocine,insert,wikidata
external_ids,person:47:freebase,insert,wikidata
external_ids,person:47:gnd,insert,wikidata
external_ids,person:47:imdb,insert,wikidata
external_ids,person:47:instagram,insert,wikidata
external_ids,person:47:loc,insert,wikidata
external_ids,person:47:musicbrainz_artist,insert,wikidata
external_ids,person:47:svensk_film,insert,wikidata
external_ids,person:47:tmdb_person,insert,wikidata
external_ids,person:47:viaf,insert,wikidata
external_ids,person:47:wikidata,insert,wikidata
people,48:nationality,fill,wikidata
person_citizenships,48:United States,insert,wikidata
person_occupations,48:actor,insert,wikidata
person_occupations,48:stage actor,insert,wikidata
person_occupations,48:film actor,insert,wikidata
person_details,person:48,insert,wikidata
external_ids,person:48:allmovie,insert,wikidata
external_ids,person:48:allocine,insert,wikidata
external_ids,person:48:freebase,insert,wikidata
external_ids,person:48:gnd,insert,wikidata
external_ids,person:48:imdb,insert,wikidata
external_ids,person:48:instagram,insert,wikidata
external_ids,person:48:kinopoisk,insert,wikidata
external_ids,person:48:loc,insert,wikidata
external_ids,person:48:svensk_film,insert,wikidata
external_ids,person:48:tmdb_person,insert,wikidata
external_ids,person:48:viaf,insert,wikidata
external_ids,person:48:wikidata,insert,wikidata
people,480:birth_date,fill,wikidata
people,480:wikidata_id,fill,wikidata
people,480:imdb_id,fill,wikidata
people,480:tmdb_id,fill,wikidata
people,480:birth_place,fill,wikidata
people,480:nationality,fill,wikidata
person_citizenships,480:United States,insert,wikidata
person_occupations,480:composer,insert,wikidata
person_occupations,480:musician,insert,wikidata
person_details,person:480,insert,wikidata
external_ids,person:480:allmovie,insert,wikidata
external_ids,person:480:bnf,insert,wikidata
external_ids,person:480:discogs,insert,wikidata
external_ids,person:480:freebase,insert,wikidata
external_ids,person:480:gnd,insert,wikidata
external_ids,person:480:imdb,insert,wikidata
external_ids,person:480:instagram,insert,wikidata
external_ids,person:480:kinopoisk,insert,wikidata
external_ids,person:480:loc,insert,wikidata
external_ids,person:480:musicbrainz_artist,insert,wikidata
external_ids,person:480:official_website,insert,wikidata
external_ids,person:480:quora,insert,wikidata
external_ids,person:480:tmdb_person,insert,wikidata
external_ids,person:480:twitter,insert,wikidata
external_ids,person:480:viaf,insert,wikidata
external_ids,person:480:wikidata,insert,wikidata
people,488:birth_date,fill,wikidata
people,488:death_date,fill,wikidata
people,488:wikidata_id,fill,wikidata
people,488:imdb_id,fill,wikidata
people,488:tmdb_id,fill,wikidata
people,488:birth_place,fill,wikidata
people,488:nationality,fill,wikidata
person_citizenships,488:Switzerland,insert,wikidata
person_occupations,488:film actor,insert,wikidata
person_occupations,488:stage actor,insert,wikidata
person_occupations,488:photographer,insert,wikidata
person_occupations,488:manufacturer,insert,wikidata
person_occupations,488:actor,insert,wikidata
person_occupations,488:director,insert,wikidata
person_occupations,488:writer,insert,wikidata
person_details,person:488,insert,wikidata
external_ids,person:488:allmovie,insert,wikidata
external_ids,person:488:freebase,insert,wikidata
external_ids,person:488:gnd,insert,wikidata
external_ids,person:488:imdb,insert,wikidata
external_ids,person:488:kinopoisk,insert,wikidata
external_ids,person:488:loc,insert,wikidata
external_ids,person:488:musicbrainz_artist,insert,wikidata
external_ids,person:488:svensk_film,insert,wikidata
external_ids,person:488:tmdb_person,insert,wikidata
external_ids,person:488:twitter,insert,wikidata
external_ids,person:488:viaf,insert,wikidata
external_ids,person:488:wikitree,insert,wikidata
external_ids,person:488:wikidata,insert,wikidata
people,49:nationality,fill,wikidata
person_citizenships,49:United States,insert,wikidata
person_occupations,49:stage actor,insert,wikidata
person_occupations,49:film actor,insert,wikidata
person_occupations,49:television actor,insert,wikidata
person_occupations,49:voice actor,insert,wikidata
person_occupations,49:writer,insert,wikidata
person_occupations,49:screenwriter,insert,wikidata
person_details,person:49,insert,wikidata
person_awards,49:Kennedy Center Honors:won:2014,insert,wikidata
person_awards,49:Tony Award for Best Actress in a Play:won:1986,insert,wikidata
person_awards,49:Michigan Women's Hall of Fame:won:1998,insert,wikidata
person_awards,49:Screen Actors Guild Life Achievement Award:won:2017,insert,wikidata
person_awards,49:Mark Twain Prize for American Humor:won:2003,insert,wikidata
person_awards,49:Silver Bear for Best Actress:won:1977,insert,wikidata
person_awards,49:Crystal Award:won:1992,insert,wikidata
person_awards,49:Lucy Award:won:2003,insert,wikidata
person_awards,49:Los Angeles Times Women of the Year Silver Cup:won:None,insert,wikidata
person_awards,49:Drama Desk Award for Outstanding Actress in a Play:won:None,insert,wikidata
person_awards,"49:Primetime Emmy Award for Outstanding Variety, Music or Comedy Series:won:1981",insert,wikidata
person_awards,49:Primetime Emmy Award for Outstanding Voice-Over Performance:won:2013,insert,wikidata
person_awards,49:Special Tony Award:won:1977,insert,wikidata
person_awards,49:Grammy Award for Best Comedy Album:won:1972,insert,wikidata
person_awards,49:Academy Award for Best Supporting Actress:nominated:1976,insert,wikidata
external_ids,person:49:allmovie,insert,wikidata
external_ids,person:49:allocine,insert,wikidata
external_ids,person:49:bnf,insert,wikidata
external_ids,person:49:discogs,insert,wikidata
external_ids,person:49:freebase,insert,wikidata
external_ids,person:49:gnd,insert,wikidata
external_ids,person:49:imdb,insert,wikidata
external_ids,person:49:kinopoisk,insert,wikidata
external_ids,person:49:loc,insert,wikidata
external_ids,person:49:musicbrainz_artist,insert,wikidata
external_ids,person:49:official_website,insert,wikidata
external_ids,person:49:svensk_film,insert,wikidata
external_ids,person:49:tmdb_person,insert,wikidata
external_ids,person:49:twitter,insert,wikidata
external_ids,person:49:viaf,insert,wikidata
external_ids,person:49:wikitree,insert,wikidata
external_ids,person:49:wikidata,insert,wikidata
people,5:nationality,fill,wikidata
person_citizenships,5:United States,insert,wikidata
person_occupations,5:actor,insert,wikidata
person_occupations,5:television actor,insert,wikidata
person_occupations,5:film actor,insert,wikidata
person_details,person:5,insert,wikidata
external_ids,person:5:allmovie,insert,wikidata
external_ids,person:5:allocine,insert,wikidata
external_ids,person:5:freebase,insert,wikidata
external_ids,person:5:imdb,insert,wikidata
external_ids,person:5:kinopoisk,insert,wikidata
external_ids,person:5:loc,insert,wikidata
external_ids,person:5:svensk_film,insert,wikidata
external_ids,person:5:tmdb_person,insert,wikidata
external_ids,person:5:viaf,insert,wikidata
external_ids,person:5:wikidata,insert,wikidata
people,50:nationality,fill,wikidata
person_citizenships,50:United States,insert,wikidata
person_occupations,50:writer,insert,wikidata
person_occupations,50:actor,insert,wikidata
person_occupations,50:television actor,insert,wikidata
person_occupations,50:screenwriter,insert,wikidata
person_occupations,50:stand-up comedian,insert,wikidata
person_details,person:50,insert,wikidata
person_awards,50:Primetime Emmy Award for Outstanding Original Music and Lyrics:won:2011,insert,wikidata
person_awards,50:Primetime Emmy Award for Outstanding Writing for a Variety Special:won:2018,insert,wikidata
person_awards,50:Peabody Awards:won:2009,insert,wikidata
person_awards,50:Writers Guild of America Award for Television: Comedy-Variety Talk Series:won:2009,insert,wikidata
person_awards,50:Writers Guild of America Award for Television: Comedy-Variety Talk Series:won:2010,insert,wikidata
external_ids,person:50:allocine,insert,wikidata
external_ids,person:50:discogs,insert,wikidata
external_ids,person:50:freebase,insert,wikidata
external_ids,person:50:imdb,insert,wikidata
external_ids,person:50:instagram,insert,wikidata
external_ids,person:50:kinopoisk,insert,wikidata
external_ids,person:50:loc,insert,wikidata
external_ids,person:50:musicbrainz_artist,insert,wikidata
external_ids,person:50:official_website,insert,wikidata
external_ids,person:50:quora,insert,wikidata
external_ids,person:50:tmdb_person,insert,wikidata
external_ids,person:50:twitter,insert,wikidata
external_ids,person:50:viaf,insert,wikidata
external_ids,person:50:wikitree,insert,wikidata
external_ids,person:50:wikidata,insert,wikidata
people,500:birth_date,fill,wikidata
people,500:wikidata_id,fill,wikidata
people,500:imdb_id,fill,wikidata
people,500:birth_place,fill,wikidata
people,500:nationality,fill,wikidata
person_citizenships,500:United States,insert,wikidata
person_occupations,500:comics writer,insert,wikidata
person_occupations,500:screenwriter,insert,wikidata
person_occupations,500:writer,insert,wikidata
person_occupations,500:author,insert,wikidata
person_details,person:500,insert,wikidata
external_ids,person:500:bnf,insert,wikidata
external_ids,person:500:gnd,insert,wikidata
external_ids,person:500:imdb,insert,wikidata
external_ids,person:500:kinopoisk,insert,wikidata
external_ids,person:500:loc,insert,wikidata
external_ids,person:500:official_website,insert,wikidata
external_ids,person:500:viaf,insert,wikidata
external_ids,person:500:wikidata,insert,wikidata
people,51:nationality,fill,wikidata
person_citizenships,51:United States,insert,wikidata
person_occupations,51:actor,insert,wikidata
person_occupations,51:stage actor,insert,wikidata
person_occupations,51:television actor,insert,wikidata
person_occupations,51:film actor,insert,wikidata
person_occupations,51:voice actor,insert,wikidata
person_details,person:51,insert,wikidata
external_ids,person:51:allmovie,insert,wikidata
external_ids,person:51:allocine,insert,wikidata
external_ids,person:51:freebase,insert,wikidata
external_ids,person:51:imdb,insert,wikidata
external_ids,person:51:instagram,insert,wikidata
external_ids,person:51:kinopoisk,insert,wikidata
external_ids,person:51:loc,insert,wikidata
external_ids,person:51:musicbrainz_artist,insert,wikidata
external_ids,person:51:official_website,insert,wikidata
external_ids,person:51:tmdb_person,insert,wikidata
external_ids,person:51:twitter,insert,wikidata
external_ids,person:51:viaf,insert,wikidata
external_ids,person:51:wikidata,insert,wikidata
people,510:wikidata_id,fill,wikidata
people,510:imdb_id,fill,wikidata
people,510:tmdb_id,fill,wikidata
people,510:nationality,fill,wikidata
person_citizenships,510:United States,insert,wikidata
person_occupations,510:composer,insert,wikidata
person_details,person:510,insert,wikidata
external_ids,person:510:discogs,insert,wikidata
external_ids,person:510:freebase,insert,wikidata
external_ids,person:510:imdb,insert,wikidata
external_ids,person:510:instagram,insert,wikidata
external_ids,person:510:musicbrainz_artist,insert,wikidata
external_ids,person:510:tmdb_person,insert,wikidata
external_ids,person:510:twitter,insert,wikidata
external_ids,person:510:wikidata,insert,wikidata
people,511:wikidata_id,fill,wikidata
person_occupations,511:composer,insert,wikidata
person_details,person:511,insert,wikidata
external_ids,person:511:loc,insert,wikidata
external_ids,person:511:viaf,insert,wikidata
external_ids,person:511:wikidata,insert,wikidata
people,517:nationality,fill,wikidata
person_citizenships,517:United States,insert,wikidata
person_occupations,517:composer,insert,wikidata
person_occupations,517:film score composer,insert,wikidata
person_details,person:517,insert,wikidata
external_ids,person:517:bnf,insert,wikidata
external_ids,person:517:discogs,insert,wikidata
external_ids,person:517:freebase,insert,wikidata
external_ids,person:517:gnd,insert,wikidata
external_ids,person:517:imdb,insert,wikidata
external_ids,person:517:loc,insert,wikidata
external_ids,person:517:musicbrainz_artist,insert,wikidata
external_ids,person:517:official_website,insert,wikidata
external_ids,person:517:tmdb_person,insert,wikidata
external_ids,person:517:twitter,insert,wikidata
external_ids,person:517:viaf,insert,wikidata
external_ids,person:517:wikidata,insert,wikidata
people,518:birth_date,fill,wikidata
people,518:wikidata_id,fill,wikidata
people,518:imdb_id,fill,wikidata
people,518:tmdb_id,fill,wikidata
people,518:birth_place,fill,wikidata
people,518:nationality,fill,wikidata
person_citizenships,518:United States,insert,wikidata
person_occupations,518:composer,insert,wikidata
person_occupations,518:musician,insert,wikidata
person_details,person:518,insert,wikidata
external_ids,person:518:bnf,insert,wikidata
external_ids,person:518:discogs,insert,wikidata
external_ids,person:518:freebase,insert,wikidata
external_ids,person:518:gnd,insert,wikidata
external_ids,person:518:imdb,insert,wikidata
external_ids,person:518:instagram,insert,wikidata
external_ids,person:518:loc,insert,wikidata
external_ids,person:518:musicbrainz_artist,insert,wikidata
external_ids,person:518:official_website,insert,wikidata
external_ids,person:518:tmdb_person,insert,wikidata
external_ids,person:518:twitter,insert,wikidata
external_ids,person:518:viaf,insert,wikidata
external_ids,person:518:wikidata,insert,wikidata
people,52:nationality,fill,wikidata
person_citizenships,52:United States,insert,wikidata
person_occupations,52:actor,insert,wikidata
person_occupations,52:film actor,insert,wikidata
person_occupations,52:film director,insert,wikidata
person_occupations,52:film producer,insert,wikidata
person_occupations,52:voice actor,insert,wikidata
person_occupations,52:character actor,insert,wikidata
person_occupations,52:screenwriter,insert,wikidata
person_occupations,52:television producer,insert,wikidata
person_occupations,52:executive producer,insert,wikidata
person_occupations,52:television presenter,insert,wikidata
person_occupations,52:director,insert,wikidata
person_occupations,52:writer,insert,wikidata
person_details,person:52,insert,wikidata
person_awards,52:Academy Award for Best Actor:won:1996,insert,wikidata
person_awards,52:Golden Globe Award for Best Actor – Motion Picture Drama:won:1996,insert,wikidata
person_awards,52:MTV Movie Award for Best On-Screen Duo:won:1997,insert,wikidata
person_awards,52:Toronto Film Critics Association Award for Best Actor:won:2002,insert,wikidata
person_awards,52:National Board of Review Award for Best Actor:won:1995,insert,wikidata
person_awards,52:MTV Movie Award for Best On-Screen Duo:won:1998,insert,wikidata
person_awards,52:National Society of Film Critics Award for Best Actor:won:1996,insert,wikidata
person_awards,52:Toronto Film Critics Association Award for Best Actor:won:2009,insert,wikidata
person_awards,52:New York Film Critics Circle Award for Best Actor:won:1995,insert,wikidata
person_awards,52:Screen Actors Guild Award for Outstanding Performance by a Male Actor in a Leading Role:won:1996,insert,wikidata
person_awards,52:Los Angeles Film Critics Association Award for Best Actor:won:1995,insert,wikidata
person_awards,52:Sitges Film Festival Best Actor award:won:1989,insert,wikidata
person_awards,52:Boston Society of Film Critics Award for Best Actor:won:1995,insert,wikidata
person_awards,52:Chicago Film Critics Association Award for Best Actor:won:1996,insert,wikidata
person_awards,52:Dallas-Fort Worth Film Critics Association Award for Best Actor:won:1996,insert,wikidata
person_awards,52:St. Louis Film Critics Association Award for Best Actor:won:2021,insert,wikidata
person_awards,52:Women Film Critics Circle Awards:won:2005,insert,wikidata
person_awards,52:Chicago International Film Festival Awards:won:2003,insert,wikidata
person_awards,52:Silver Shell for Best Actor:won:1995,insert,wikidata
person_awards,52:Blockbuster Entertainment Awards:won:1997,insert,wikidata
person_awards,52:Blockbuster Entertainment Awards:won:1998,insert,wikidata
person_awards,52:Blockbuster Entertainment Awards:won:1999,insert,wikidata
person_awards,52:Blockbuster Entertainment Awards:won:2001,insert,wikidata
person_awards,52:Goldene Kamera:won:2007,insert,wikidata
person_awards,52:Jupiter Awards:won:1997,insert,wikidata
person_awards,52:Jupiter Awards:won:1998,insert,wikidata
person_awards,52:Stinkers Bad Movie Awards:won:2001,insert,wikidata
person_awards,52:Sitges Grand Honorary Award:won:2018,insert,wikidata
person_awards,52:Saturn Award for Best Supporting Actor:won:2023,insert,wikidata
person_awards,52:Academy Award for Best Actor:nominated:2003,insert,wikidata
person_awards,52:Academy Award for Best Actor:nominated:1996,insert,wikidata
person_awards,52:Independent Spirit Award for Best Male Lead:nominated:1990,insert,wikidata
person_awards,52:National Society of Film Critics Award for Best Actor:nominated:2010,insert,wikidata
external_ids,person:52:allmovie,insert,wikidata
external_ids,person:52:allocine,insert,wikidata
external_ids,person:52:bnf,insert,wikidata
external_ids,person:52:discogs,insert,wikidata
external_ids,person:52:freebase,insert,wikidata
external_ids,person:52:gnd,insert,wikidata
external_ids,person:52:imdb,insert,wikidata
external_ids,person:52:kinopoisk,insert,wikidata
external_ids,person:52:loc,insert,wikidata
external_ids,person:52:musicbrainz_artist,insert,wikidata
external_ids,person:52:svensk_film,insert,wikidata
external_ids,person:52:tmdb_person,insert,wikidata
external_ids,person:52:viaf,insert,wikidata
external_ids,person:52:wikitree,insert,wikidata
external_ids,person:52:wikidata,insert,wikidata
people,520:wikidata_id,fill,wikidata
people,520:imdb_id,fill,wikidata
people,520:tmdb_id,fill,wikidata
person_occupations,520:director,insert,wikidata
person_details,person:520,insert,wikidata
external_ids,person:520:imdb,insert,wikidata
external_ids,person:520:tmdb_person,insert,wikidata
external_ids,person:520:wikidata,insert,wikidata
people,521:birth_date,fill,wikidata
people,521:wikidata_id,fill,wikidata
people,521:imdb_id,fill,wikidata
people,521:tmdb_id,fill,wikidata
people,521:nationality,fill,wikidata
person_citizenships,521:United States,insert,wikidata
person_occupations,521:voice actor,insert,wikidata
person_occupations,521:actor,insert,wikidata
person_occupations,521:casting director,insert,wikidata
person_details,person:521,insert,wikidata
external_ids,person:521:imdb,insert,wikidata
external_ids,person:521:tmdb_person,insert,wikidata
external_ids,person:521:wikidata,insert,wikidata
person_occupations,525:animator,insert,wikidata
person_occupations,525:visual artist,insert,wikidata
person_occupations,525:film screenwriter,insert,wikidata
person_occupations,525:writer,insert,wikidata
person_details,person:525,insert,wikidata
external_ids,person:525:bnf,insert,wikidata
external_ids,person:525:freebase,insert,wikidata
external_ids,person:525:imdb,insert,wikidata
external_ids,person:525:loc,insert,wikidata
external_ids,person:525:tmdb_person,insert,wikidata
external_ids,person:525:viaf,insert,wikidata
external_ids,person:525:wikidata,insert,wikidata
people,526:wikidata_id,fill,wikidata
people,526:imdb_id,fill,wikidata
person_occupations,526:film director,insert,wikidata
person_occupations,526:film producer,insert,wikidata
person_details,person:526,insert,wikidata
external_ids,person:526:imdb,insert,wikidata
external_ids,person:526:wikidata,insert,wikidata
people,527:nationality,fill,wikidata
person_citizenships,527:United States,insert,wikidata
person_occupations,527:comics artist,insert,wikidata
person_occupations,527:comics creator,insert,wikidata
person_occupations,527:writer,insert,wikidata
person_details,person:527,insert,wikidata
external_ids,person:527:bnf,insert,wikidata
external_ids,person:527:freebase,insert,wikidata
external_ids,person:527:gnd,insert,wikidata
external_ids,person:527:imdb,insert,wikidata
external_ids,person:527:kinopoisk,insert,wikidata
external_ids,person:527:loc,insert,wikidata
external_ids,person:527:tmdb_person,insert,wikidata
external_ids,person:527:twitter,insert,wikidata
external_ids,person:527:viaf,insert,wikidata
external_ids,person:527:wikidata,insert,wikidata
people,53:nationality,fill,wikidata
person_citizenships,53:United States,insert,wikidata
person_occupations,53:screenwriter,insert,wikidata
person_occupations,53:film producer,insert,wikidata
person_occupations,53:film director,insert,wikidata
person_occupations,53:voice actor,insert,wikidata
person_occupations,53:writer,insert,wikidata
person_occupations,53:stage actor,insert,wikidata
person_occupations,53:film actor,insert,wikidata
person_occupations,53:television actor,insert,wikidata
person_occupations,53:actor,insert,wikidata
person_occupations,53:director,insert,wikidata
person_details,person:53,insert,wikidata
person_awards,53:Tony Award for Best Featured Actor in a Play:won:2005,insert,wikidata
person_awards,53:Fellow of the American Academy of Arts and Sciences:won:None,insert,wikidata
person_awards,53:Drama Desk Award for Outstanding Actor in a Play:won:None,insert,wikidata
person_awards,53:Tony Awards:won:2005,insert,wikidata
person_awards,53:Drama League Award:won:None,insert,wikidata
person_awards,"53:Order of Merit (Ukraine), 3rd class:won:2022",insert,wikidata
person_awards,"53:Order of Merit (Ukraine), 2nd class:won:None",insert,wikidata
person_awards,53:Tony Award for Best Actor in a Play:nominated:2007,insert,wikidata
person_awards,53:Tony Award for Best Actor in a Play:nominated:2010,insert,wikidata
external_ids,person:53:allmovie,insert,wikidata
external_ids,person:53:allocine,insert,wikidata
external_ids,person:53:bnf,insert,wikidata
external_ids,person:53:discogs,insert,wikidata
external_ids,person:53:freebase,insert,wikidata
external_ids,person:53:gnd,insert,wikidata
external_ids,person:53:imdb,insert,wikidata
external_ids,person:53:instagram,insert,wikidata
external_ids,person:53:kinopoisk,insert,wikidata
external_ids,person:53:loc,insert,wikidata
external_ids,person:53:musicbrainz_artist,insert,wikidata
external_ids,person:53:official_website,insert,wikidata
external_ids,person:53:quora,insert,wikidata
external_ids,person:53:svensk_film,insert,wikidata
external_ids,person:53:tmdb_person,insert,wikidata
external_ids,person:53:twitter,insert,wikidata
external_ids,person:53:viaf,insert,wikidata
external_ids,person:53:wikitree,insert,wikidata
external_ids,person:53:wikidata,insert,wikidata
people,532:birth_date,fill,wikidata
people,532:death_date,fill,wikidata
people,532:wikidata_id,fill,wikidata
people,532:imdb_id,fill,wikidata
people,532:tmdb_id,fill,wikidata
people,532:birth_place,fill,wikidata
people,532:nationality,fill,wikidata
person_citizenships,532:United States,insert,wikidata
person_occupations,532:writer,insert,wikidata
person_occupations,532:novelist,insert,wikidata
person_occupations,532:screenwriter,insert,wikidata
person_occupations,532:science fiction writer,insert,wikidata
person_occupations,532:comics writer,insert,wikidata
person_occupations,532:television writer,insert,wikidata
person_details,person:532,insert,wikidata
person_awards,532:Inkpot Award:won:2016,insert,wikidata
person_awards,532:Eisner Award for Best Writer/Artist:won:1992,insert,wikidata
person_awards,532:Eisner Award for Best Writer:nominated:None,insert,wikidata
external_ids,person:532:bnf,insert,wikidata
external_ids,person:532:freebase,insert,wikidata
external_ids,person:532:gnd,insert,wikidata
external_ids,person:532:imdb,insert,wikidata
external_ids,person:532:loc,insert,wikidata
external_ids,person:532:musicbrainz_artist,insert,wikidata
external_ids,person:532:official_website,insert,wikidata
external_ids,person:532:tmdb_person,insert,wikidata
external_ids,person:532:twitter,insert,wikidata
external_ids,person:532:viaf,insert,wikidata
external_ids,person:532:wikidata,insert,wikidata
people,533:birth_date,fill,wikidata
people,533:wikidata_id,fill,wikidata
people,533:imdb_id,fill,wikidata
people,533:tmdb_id,fill,wikidata
people,533:birth_place,fill,wikidata
people,533:nationality,fill,wikidata
person_citizenships,533:United States,insert,wikidata
person_occupations,533:composer,insert,wikidata
person_details,person:533,insert,wikidata
external_ids,person:533:bnf,insert,wikidata
external_ids,person:533:discogs,insert,wikidata
external_ids,person:533:freebase,insert,wikidata
external_ids,person:533:gnd,insert,wikidata
external_ids,person:533:imdb,insert,wikidata
external_ids,person:533:loc,insert,wikidata
external_ids,person:533:musicbrainz_artist,insert,wikidata
external_ids,person:533:official_website,insert,wikidata
external_ids,person:533:tmdb_person,insert,wikidata
external_ids,person:533:viaf,insert,wikidata
external_ids,person:533:wikidata,insert,wikidata
people,537:birth_date,fill,wikidata
people,537:wikidata_id,fill,wikidata
people,537:birth_place,fill,wikidata
people,537:nationality,fill,wikidata
person_citizenships,537:Canada,insert,wikidata
person_occupations,537:musician,insert,wikidata
person_details,person:537,insert,wikidata
external_ids,person:537:instagram,insert,wikidata
external_ids,person:537:official_website,insert,wikidata
external_ids,person:537:twitter,insert,wikidata
external_ids,person:537:wikidata,insert,wikidata
people,538:birth_date,fill,wikidata
people,538:wikidata_id,fill,wikidata
people,538:imdb_id,fill,wikidata
people,538:tmdb_id,fill,wikidata
people,538:birth_place,fill,wikidata
people,538:nationality,fill,wikidata
person_citizenships,538:Israel,insert,wikidata
person_occupations,538:composer,insert,wikidata
person_occupations,538:film score composer,insert,wikidata
person_details,person:538,insert,wikidata
external_ids,person:538:bnf,insert,wikidata
external_ids,person:538:discogs,insert,wikidata
external_ids,person:538:freebase,insert,wikidata
external_ids,person:538:gnd,insert,wikidata
external_ids,person:538:imdb,insert,wikidata
external_ids,person:538:loc,insert,wikidata
external_ids,person:538:musicbrainz_artist,insert,wikidata
external_ids,person:538:official_website,insert,wikidata
external_ids,person:538:tmdb_person,insert,wikidata
external_ids,person:538:twitter,insert,wikidata
external_ids,person:538:viaf,insert,wikidata
external_ids,person:538:wikidata,insert,wikidata
people,54:nationality,fill,wikidata
person_citizenships,54:United States,insert,wikidata
person_occupations,54:film actor,insert,wikidata
person_occupations,54:stage actor,insert,wikidata
person_occupations,54:television actor,insert,wikidata
person_occupations,54:voice actor,insert,wikidata
person_occupations,54:executive producer,insert,wikidata
person_occupations,54:actor,insert,wikidata
person_details,person:54,insert,wikidata
person_awards,54:BAFTA Award for Best Actor in a Supporting Role:won:2005,insert,wikidata
person_awards,54:Academy Award for Best Supporting Actor:nominated:2006,insert,wikidata
external_ids,person:54:allmovie,insert,wikidata
external_ids,person:54:allocine,insert,wikidata
external_ids,person:54:bnf,insert,wikidata
external_ids,person:54:discogs,insert,wikidata
external_ids,person:54:freebase,insert,wikidata
external_ids,person:54:gnd,insert,wikidata
external_ids,person:54:imdb,insert,wikidata
external_ids,person:54:instagram,insert,wikidata
external_ids,person:54:kinopoisk,insert,wikidata
external_ids,person:54:loc,insert,wikidata
external_ids,person:54:musicbrainz_artist,insert,wikidata
external_ids,person:54:omni,insert,wikidata
external_ids,person:54:quora,insert,wikidata
external_ids,person:54:svensk_film,insert,wikidata
external_ids,person:54:tmdb_person,insert,wikidata
external_ids,person:54:viaf,insert,wikidata
external_ids,person:54:wikitree,insert,wikidata
external_ids,person:54:wikidata,insert,wikidata
people,541:birth_date,fill,wikidata
people,541:wikidata_id,fill,wikidata
people,541:imdb_id,fill,wikidata
people,541:tmdb_id,fill,wikidata
people,541:birth_place,fill,wikidata
people,541:nationality,fill,wikidata
person_citizenships,541:United States,insert,wikidata
person_occupations,541:writer,insert,wikidata
person_occupations,541:screenwriter,insert,wikidata
person_occupations,541:film screenwriter,insert,wikidata
person_occupations,541:television writer,insert,wikidata
person_occupations,541:comics writer,insert,wikidata
person_details,person:541,insert,wikidata
external_ids,person:541:allocine,insert,wikidata
external_ids,person:541:bnf,insert,wikidata
external_ids,person:541:freebase,insert,wikidata
external_ids,person:541:gnd,insert,wikidata
external_ids,person:541:imdb,insert,wikidata
external_ids,person:541:loc,insert,wikidata
external_ids,person:541:official_website,insert,wikidata
external_ids,person:541:tmdb_person,insert,wikidata
external_ids,person:541:twitter,insert,wikidata
external_ids,person:541:viaf,insert,wikidata
external_ids,person:541:wikidata,insert,wikidata
people,542:wikidata_id,fill,wikidata
person_occupations,542:musician,insert,wikidata
person_occupations,542:composer,insert,wikidata
person_details,person:542,insert,wikidata
external_ids,person:542:wikidata,insert,wikidata
people,546:birth_date,fill,wikidata
person_occupations,546:television director,insert,wikidata
person_occupations,546:film producer,insert,wikidata
person_details,person:546,insert,wikidata
person_awards,546:Academy Award for Best Visual Effects:nominated:2000,insert,wikidata
external_ids,person:546:freebase,insert,wikidata
external_ids,person:546:imdb,insert,wikidata
external_ids,person:546:tmdb_person,insert,wikidata
external_ids,person:546:wikidata,insert,wikidata
people,549:birth_date,fill,wikidata
people,549:death_date,fill,wikidata
people,549:wikidata_id,fill,wikidata
people,549:birth_place,fill,wikidata
people,549:nationality,fill,wikidata
person_citizenships,549:United States,insert,wikidata
person_citizenships,549:France,insert,wikidata
person_occupations,549:composer,insert,wikidata
person_occupations,549:pianist,insert,wikidata
person_occupations,549:music critic,insert,wikidata
person_occupations,549:opinion journalist,insert,wikidata
person_details,person:549,insert,wikidata
external_ids,person:549:bnf,insert,wikidata
external_ids,person:549:discogs,insert,wikidata
external_ids,person:549:freebase,insert,wikidata
external_ids,person:549:gnd,insert,wikidata
external_ids,person:549:loc,insert,wikidata
external_ids,person:549:musicbrainz_artist,insert,wikidata
external_ids,person:549:official_website,insert,wikidata
external_ids,person:549:viaf,insert,wikidata
external_ids,person:549:wikidata,insert,wikidata
people,55:nationality,fill,wikidata
person_citizenships,55:United States,insert,wikidata
person_citizenships,55:Gabon,insert,wikidata
person_occupations,55:film actor,insert,wikidata
person_occupations,55:actor,insert,wikidata
person_occupations,55:film producer,insert,wikidata
person_occupations,55:voice actor,insert,wikidata
person_occupations,55:character actor,insert,wikidata
person_occupations,55:television actor,insert,wikidata
person_occupations,55:television producer,insert,wikidata
person_details,person:55,insert,wikidata
person_awards,55:Silver Bear for Best Actor:won:1997,insert,wikidata
person_awards,55:star on Hollywood Walk of Fame:won:None,insert,wikidata
person_awards,55:BAFTA Award for Best Actor in a Supporting Role:won:1994,insert,wikidata
person_awards,55:Cannes Film Festival Award for Best Actor:won:1991,insert,wikidata
person_awards,55:Academy Honorary Award:won:2022,insert,wikidata
person_awards,55:Film Independent Spirit Awards:won:1995,insert,wikidata
person_awards,55:Silver Bear:won:1998,insert,wikidata
person_awards,55:Academy Award for Best Supporting Actor:nominated:1995,insert,wikidata
external_ids,person:55:allmovie,insert,wikidata
external_ids,person:55:allocine,insert,wikidata
external_ids,person:55:bnf,insert,wikidata
external_ids,person:55:discogs,insert,wikidata
external_ids,person:55:freebase,insert,wikidata
external_ids,person:55:gnd,insert,wikidata
external_ids,person:55:imdb,insert,wikidata
external_ids,person:55:instagram,insert,wikidata
external_ids,person:55:kinopoisk,insert,wikidata
external_ids,person:55:loc,insert,wikidata
external_ids,person:55:musicbrainz_artist,insert,wikidata
external_ids,person:55:official_website,insert,wikidata
external_ids,person:55:quora,insert,wikidata
external_ids,person:55:svensk_film,insert,wikidata
external_ids,person:55:tmdb_person,insert,wikidata
external_ids,person:55:twitter,insert,wikidata
external_ids,person:55:viaf,insert,wikidata
external_ids,person:55:wikitree,insert,wikidata
external_ids,person:55:wikidata,insert,wikidata
people,550:birth_date,fill,wikidata
people,550:wikidata_id,fill,wikidata
people,550:imdb_id,fill,wikidata
people,550:tmdb_id,fill,wikidata
people,550:birth_place,fill,wikidata
people,550:nationality,fill,wikidata
person_citizenships,550:United Kingdom,insert,wikidata
person_occupations,550:businessperson,insert,wikidata
person_occupations,550:animator,insert,wikidata
person_occupations,550:film director,insert,wikidata
person_occupations,550:designer,insert,wikidata
person_occupations,550:writer,insert,wikidata
person_occupations,550:video game producer,insert,wikidata
person_details,person:550,insert,wikidata
external_ids,person:550:bnf,insert,wikidata
external_ids,person:550:freebase,insert,wikidata
external_ids,person:550:imdb,insert,wikidata
external_ids,person:550:loc,insert,wikidata
external_ids,person:550:musicbrainz_artist,insert,wikidata
external_ids,person:550:tmdb_person,insert,wikidata
external_ids,person:550:viaf,insert,wikidata
external_ids,person:550:wikidata,insert,wikidata
people,558:birth_date,fill,wikidata
people,558:wikidata_id,fill,wikidata
people,558:imdb_id,fill,wikidata
people,558:tmdb_id,fill,wikidata
people,558:birth_place,fill,wikidata
people,558:nationality,fill,wikidata
person_citizenships,558:United States,insert,wikidata
person_occupations,558:comics artist,insert,wikidata
person_occupations,558:comics writer,insert,wikidata
person_details,person:558,insert,wikidata
person_awards,558:Inkpot Award:won:2010,insert,wikidata
person_awards,558:Eisner Award for Best Writer:won:1999,insert,wikidata
person_awards,558:Harvey Award for Best Writer:won:1998,insert,wikidata
person_awards,558:Eisner Award for Best Writer:nominated:None,insert,wikidata
external_ids,person:558:bnf,insert,wikidata
external_ids,person:558:freebase,insert,wikidata
external_ids,person:558:gnd,insert,wikidata
external_ids,person:558:imdb,insert,wikidata
external_ids,person:558:loc,insert,wikidata
external_ids,person:558:official_website,insert,wikidata
external_ids,person:558:tmdb_person,insert,wikidata
external_ids,person:558:twitter,insert,wikidata
external_ids,person:558:viaf,insert,wikidata
external_ids,person:558:wikidata,insert,wikidata
people,56:nationality,fill,wikidata
person_citizenships,56:Canada,insert,wikidata
person_citizenships,56:United States,insert,wikidata
person_occupations,56:film actor,insert,wikidata
person_occupations,56:stage actor,insert,wikidata
person_occupations,56:television actor,insert,wikidata
person_occupations,56:model,insert,wikidata
person_occupations,56:actor,insert,wikidata
person_details,person:56,insert,wikidata
external_ids,person:56:allmovie,insert,wikidata
external_ids,person:56:allocine,insert,wikidata
external_ids,person:56:bnf,insert,wikidata
external_ids,person:56:discogs,insert,wikidata
external_ids,person:56:freebase,insert,wikidata
external_ids,person:56:gnd,insert,wikidata
external_ids,person:56:imdb,insert,wikidata
external_ids,person:56:instagram,insert,wikidata
external_ids,person:56:kinopoisk,insert,wikidata
external_ids,person:56:loc,insert,wikidata
external_ids,person:56:musicbrainz_artist,insert,wikidata
external_ids,person:56:quora,insert,wikidata
external_ids,person:56:svensk_film,insert,wikidata
external_ids,person:56:tmdb_person,insert,wikidata
external_ids,person:56:twitter,insert,wikidata
external_ids,person:56:viaf,insert,wikidata
external_ids,person:56:wikidata,insert,wikidata
people,560:birth_date,fill,wikidata
people,560:wikidata_id,fill,wikidata
person_occupations,560:baseball player,insert,wikidata
person_details,person:560,insert,wikidata
external_ids,person:560:wikidata,insert,wikidata
people,563:wikidata_id,fill,wikidata
person_occupations,563:researcher,insert,wikidata
person_details,person:563,insert,wikidata
external_ids,person:563:wikidata,insert,wikidata
people,57:nationality,fill,wikidata
person_citizenships,57:United States,insert,wikidata
person_occupations,57:actor,insert,wikidata
person_details,person:57,insert,wikidata
external_ids,person:57:gnd,insert,wikidata
external_ids,person:57:imdb,insert,wikidata
external_ids,person:57:instagram,insert,wikidata
external_ids,person:57:loc,insert,wikidata
external_ids,person:57:svensk_film,insert,wikidata
external_ids,person:57:tmdb_person,insert,wikidata
external_ids,person:57:viaf,insert,wikidata
external_ids,person:57:wikidata,insert,wikidata
people,570:birth_date,fill,wikidata
people,570:wikidata_id,fill,wikidata
people,570:imdb_id,fill,wikidata
people,570:tmdb_id,fill,wikidata
people,570:birth_place,fill,wikidata
people,570:nationality,fill,wikidata
person_citizenships,570:United States,insert,wikidata
person_occupations,570:film score composer,insert,wikidata
person_occupations,570:composer,insert,wikidata
person_occupations,570:musician,insert,wikidata
person_details,person:570,insert,wikidata
external_ids,person:570:bnf,insert,wikidata
external_ids,person:570:discogs,insert,wikidata
external_ids,person:570:freebase,insert,wikidata
external_ids,person:570:gnd,insert,wikidata
external_ids,person:570:imdb,insert,wikidata
external_ids,person:570:loc,insert,wikidata
external_ids,person:570:musicbrainz_artist,insert,wikidata
external_ids,person:570:official_website,insert,wikidata
external_ids,person:570:tmdb_person,insert,wikidata
external_ids,person:570:twitter,insert,wikidata
external_ids,person:570:viaf,insert,wikidata
external_ids,person:570:wikidata,insert,wikidata
people,574:wikidata_id,fill,wikidata
person_occupations,574:researcher,insert,wikidata
person_details,person:574,insert,wikidata
external_ids,person:574:wikidata,insert,wikidata
people,58:nationality,fill,wikidata
person_citizenships,58:United States,insert,wikidata
person_occupations,58:actor,insert,wikidata
person_occupations,58:television actor,insert,wikidata
person_occupations,58:film actor,insert,wikidata
person_occupations,58:film producer,insert,wikidata
person_details,person:58,insert,wikidata
external_ids,person:58:allocine,insert,wikidata
external_ids,person:58:bnf,insert,wikidata
external_ids,person:58:freebase,insert,wikidata
external_ids,person:58:gnd,insert,wikidata
external_ids,person:58:imdb,insert,wikidata
external_ids,person:58:instagram,insert,wikidata
external_ids,person:58:loc,insert,wikidata
external_ids,person:58:musicbrainz_artist,insert,wikidata
external_ids,person:58:svensk_film,insert,wikidata
external_ids,person:58:tmdb_person,insert,wikidata
external_ids,person:58:twitter,insert,wikidata
external_ids,person:58:viaf,insert,wikidata
external_ids,person:58:wikidata,insert,wikidata
people,580:birth_date,fill,wikidata
people,580:death_date,fill,wikidata
people,580:wikidata_id,fill,wikidata
people,580:birth_place,fill,wikidata
people,580:nationality,fill,wikidata
person_citizenships,580:United States,insert,wikidata
person_occupations,580:baseball player,insert,wikidata
person_details,person:580,insert,wikidata
external_ids,person:580:find_a_grave,insert,wikidata
external_ids,person:580:freebase,insert,wikidata
external_ids,person:580:wikidata,insert,wikidata
people,581:nationality,fill,wikidata
person_citizenships,581:United States,insert,wikidata
person_occupations,581:television actor,insert,wikidata
person_occupations,581:film actor,insert,wikidata
person_occupations,581:voice actor,insert,wikidata
person_occupations,581:screenwriter,insert,wikidata
person_occupations,581:actor,insert,wikidata
person_details,person:581,insert,wikidata
person_awards,581:The Game Awards − Best Performance:nominated:2018,insert,wikidata
person_awards,581:The Game Awards − Best Performance:nominated:2023,insert,wikidata
external_ids,person:581:allmovie,insert,wikidata
external_ids,person:581:allocine,insert,wikidata
external_ids,person:581:bnf,insert,wikidata
external_ids,person:581:freebase,insert,wikidata
external_ids,person:581:imdb,insert,wikidata
external_ids,person:581:instagram,insert,wikidata
external_ids,person:581:kinopoisk,insert,wikidata
external_ids,person:581:loc,insert,wikidata
external_ids,person:581:musicbrainz_artist,insert,wikidata
external_ids,person:581:official_website,insert,wikidata
external_ids,person:581:svensk_film,insert,wikidata
external_ids,person:581:tmdb_person,insert,wikidata
external_ids,person:581:twitter,insert,wikidata
external_ids,person:581:viaf,insert,wikidata
external_ids,person:581:wikitree,insert,wikidata
external_ids,person:581:wikidata,insert,wikidata
people,59:birth_date,fill,wikidata
people,59:wikidata_id,fill,wikidata
people,59:imdb_id,fill,wikidata
people,59:tmdb_id,fill,wikidata
people,59:birth_place,fill,wikidata
people,59:nationality,fill,wikidata
person_citizenships,59:United States,insert,wikidata
person_occupations,59:comedian,insert,wikidata
person_occupations,59:actor,insert,wikidata
person_occupations,59:screenwriter,insert,wikidata
person_occupations,59:television actor,insert,wikidata
person_occupations,59:voice actor,insert,wikidata
person_occupations,59:film actor,insert,wikidata
person_occupations,59:film producer,insert,wikidata
person_occupations,59:writer,insert,wikidata
person_details,person:59,insert,wikidata
external_ids,person:59:allmovie,insert,wikidata
external_ids,person:59:allocine,insert,wikidata
external_ids,person:59:freebase,insert,wikidata
external_ids,person:59:imdb,insert,wikidata
external_ids,person:59:instagram,insert,wikidata
external_ids,person:59:kinopoisk,insert,wikidata
external_ids,person:59:loc,insert,wikidata
external_ids,person:59:official_website,insert,wikidata
external_ids,person:59:svensk_film,insert,wikidata
external_ids,person:59:tmdb_person,insert,wikidata
external_ids,person:59:twitter,insert,wikidata
external_ids,person:59:viaf,insert,wikidata
external_ids,person:59:wikitree,insert,wikidata
external_ids,person:59:wikidata,insert,wikidata
people,6:nationality,fill,wikidata
person_citizenships,6:United States,insert,wikidata
person_occupations,6:actor,insert,wikidata
person_occupations,6:television actor,insert,wikidata
person_occupations,6:film actor,insert,wikidata
person_occupations,6:voice actor,insert,wikidata
person_details,person:6,insert,wikidata
external_ids,person:6:allmovie,insert,wikidata
external_ids,person:6:allocine,insert,wikidata
external_ids,person:6:freebase,insert,wikidata
external_ids,person:6:gnd,insert,wikidata
external_ids,person:6:imdb,insert,wikidata
external_ids,person:6:instagram,insert,wikidata
external_ids,person:6:kinopoisk,insert,wikidata
external_ids,person:6:loc,insert,wikidata
external_ids,person:6:musicbrainz_artist,insert,wikidata
external_ids,person:6:svensk_film,insert,wikidata
external_ids,person:6:tmdb_person,insert,wikidata
external_ids,person:6:twitter,insert,wikidata
external_ids,person:6:viaf,insert,wikidata
external_ids,person:6:wikidata,insert,wikidata
people,60:nationality,fill,wikidata
person_citizenships,60:United Kingdom,insert,wikidata
person_occupations,60:dub actor,insert,wikidata
person_occupations,60:stage actor,insert,wikidata
person_occupations,60:film actor,insert,wikidata
person_occupations,60:actor,insert,wikidata
person_occupations,60:television actor,insert,wikidata
person_details,person:60,insert,wikidata
external_ids,person:60:allmovie,insert,wikidata
external_ids,person:60:allocine,insert,wikidata
external_ids,person:60:freebase,insert,wikidata
external_ids,person:60:gnd,insert,wikidata
external_ids,person:60:imdb,insert,wikidata
external_ids,person:60:instagram,insert,wikidata
external_ids,person:60:kinopoisk,insert,wikidata
external_ids,person:60:loc,insert,wikidata
external_ids,person:60:svensk_film,insert,wikidata
external_ids,person:60:tmdb_person,insert,wikidata
external_ids,person:60:twitter,insert,wikidata
external_ids,person:60:viaf,insert,wikidata
external_ids,person:60:wikidata,insert,wikidata
people,61:nationality,fill,wikidata
person_citizenships,61:Guatemala,insert,wikidata
person_citizenships,61:United States,insert,wikidata
person_occupations,61:stage actor,insert,wikidata
person_occupations,61:film actor,insert,wikidata
person_occupations,61:television actor,insert,wikidata
person_occupations,61:actor,insert,wikidata
person_occupations,61:singer,insert,wikidata
person_occupations,61:musician,insert,wikidata
person_occupations,61:guitarist,insert,wikidata
person_details,person:61,insert,wikidata
person_awards,61:AACTA Award for Best Actor in a Supporting Role:won:2009,insert,wikidata
person_awards,61:National Society of Film Critics Award for Best Actor:won:2013,insert,wikidata
person_awards,61:National Board of Review Award for Best Actor:won:2014,insert,wikidata
person_awards,61:Golden Globe Award for Best Actor – Miniseries or Television Film:won:2015,insert,wikidata
person_awards,61:Saturn Award for Best Actor in Streaming Presentation:won:2022,insert,wikidata
person_awards,61:AACTA Award for Best Actor in a Supporting Role:nominated:2009,insert,wikidata
person_awards,61:Broadcast Film Critics Association Award for Best Song:nominated:2013,insert,wikidata
person_awards,61:Golden Globe Award for Best Actor – Motion Picture Musical or Comedy:nominated:2013,insert,wikidata
person_awards,61:National Society of Film Critics Award for Best Actor:nominated:2013,insert,wikidata
person_awards,61:Independent Spirit Award for Best Male Lead:nominated:2014,insert,wikidata
external_ids,person:61:allmovie,insert,wikidata
external_ids,person:61:allocine,insert,wikidata
external_ids,person:61:bnf,insert,wikidata
external_ids,person:61:discogs,insert,wikidata
external_ids,person:61:freebase,insert,wikidata
external_ids,person:61:gnd,insert,wikidata
external_ids,person:61:imdb,insert,wikidata
external_ids,person:61:instagram,insert,wikidata
external_ids,person:61:kinopoisk,insert,wikidata
external_ids,person:61:loc,insert,wikidata
external_ids,person:61:musicbrainz_artist,insert,wikidata
external_ids,person:61:quora,insert,wikidata
external_ids,person:61:svensk_film,insert,wikidata
external_ids,person:61:tmdb_person,insert,wikidata
external_ids,person:61:viaf,insert,wikidata
external_ids,person:61:wikitree,insert,wikidata
external_ids,person:61:wikidata,insert,wikidata
people,62:nationality,fill,wikidata
person_citizenships,62:United States,insert,wikidata
person_occupations,62:actor,insert,wikidata
person_occupations,62:composer,insert,wikidata
person_occupations,62:musician,insert,wikidata
person_occupations,62:television actor,insert,wikidata
person_occupations,62:film actor,insert,wikidata
person_occupations,62:voice actor,insert,wikidata
person_occupations,62:video game actor,insert,wikidata
person_occupations,62:film screenwriter,insert,wikidata
person_occupations,62:television director,insert,wikidata
person_details,person:62,insert,wikidata
external_ids,person:62:allmovie,insert,wikidata
external_ids,person:62:allocine,insert,wikidata
external_ids,person:62:bnf,insert,wikidata
external_ids,person:62:discogs,insert,wikidata
external_ids,person:62:freebase,insert,wikidata
external_ids,person:62:gnd,insert,wikidata
external_ids,person:62:imdb,insert,wikidata
external_ids,person:62:kinopoisk,insert,wikidata
external_ids,person:62:loc,insert,wikidata
external_ids,person:62:musicbrainz_artist,insert,wikidata
external_ids,person:62:svensk_film,insert,wikidata
external_ids,person:62:tmdb_person,insert,wikidata
external_ids,person:62:viaf,insert,wikidata
external_ids,person:62:wikitree,insert,wikidata
external_ids,person:62:wikidata,insert,wikidata
people,63:nationality,fill,wikidata
person_citizenships,63:United Kingdom,insert,wikidata
person_occupations,63:comedian,insert,wikidata
person_occupations,63:film actor,insert,wikidata
person_occupations,63:stage actor,insert,wikidata
person_occupations,63:television presenter,insert,wikidata
person_occupations,63:television actor,insert,wikidata
person_occupations,63:actor,insert,wikidata
person_occupations,63:screenwriter,insert,wikidata
person_occupations,63:voice actor,insert,wikidata
person_occupations,63:film screenwriter,insert,wikidata
person_occupations,63:film producer,insert,wikidata
person_occupations,63:film director,insert,wikidata
person_details,person:63,insert,wikidata
person_awards,63:Academy Award for Best Supporting Actor:won:2021,insert,wikidata
person_awards,63:Time 100:won:2021,insert,wikidata
person_awards,63:BAFTA Award for Best Actor in a Supporting Role:won:2021,insert,wikidata
person_awards,63:Academy Award for Best Actor:nominated:2018,insert,wikidata
person_awards,63:Academy Award for Best Supporting Actor:nominated:2021,insert,wikidata
external_ids,person:63:allmovie,insert,wikidata
external_ids,person:63:allocine,insert,wikidata
external_ids,person:63:bnf,insert,wikidata
external_ids,person:63:freebase,insert,wikidata
external_ids,person:63:gnd,insert,wikidata
external_ids,person:63:imdb,insert,wikidata
external_ids,person:63:kinopoisk,insert,wikidata
external_ids,person:63:loc,insert,wikidata
external_ids,person:63:musicbrainz_artist,insert,wikidata
external_ids,person:63:svensk_film,insert,wikidata
external_ids,person:63:tmdb_person,insert,wikidata
external_ids,person:63:viaf,insert,wikidata
external_ids,person:63:wikidata,insert,wikidata
people,64:nationality,fill,wikidata
person_citizenships,64:United States,insert,wikidata
person_citizenships,64:India,insert,wikidata
person_occupations,64:actor,insert,wikidata
person_occupations,64:television actor,insert,wikidata
person_occupations,64:film actor,insert,wikidata
person_details,person:64,insert,wikidata
external_ids,person:64:allmovie,insert,wikidata
external_ids,person:64:allocine,insert,wikidata
external_ids,person:64:gnd,insert,wikidata
external_ids,person:64:imdb,insert,wikidata
external_ids,person:64:instagram,insert,wikidata
external_ids,person:64:loc,insert,wikidata
external_ids,person:64:svensk_film,insert,wikidata
external_ids,person:64:tmdb_person,insert,wikidata
external_ids,person:64:twitter,insert,wikidata
external_ids,person:64:viaf,insert,wikidata
external_ids,person:64:wikidata,insert,wikidata
people,65:birth_date,fill,wikidata
people,65:wikidata_id,fill,wikidata
people,65:imdb_id,fill,wikidata
people,65:tmdb_id,fill,wikidata
people,65:birth_place,fill,wikidata
people,65:nationality,fill,wikidata
person_citizenships,65:United States,insert,wikidata
person_occupations,65:actor,insert,wikidata
person_occupations,65:stage actor,insert,wikidata
person_occupations,65:film actor,insert,wikidata
person_details,person:65,insert,wikidata
external_ids,person:65:allmovie,insert,wikidata
external_ids,person:65:allocine,insert,wikidata
external_ids,person:65:freebase,insert,wikidata
external_ids,person:65:gnd,insert,wikidata
external_ids,person:65:imdb,insert,wikidata
external_ids,person:65:instagram,insert,wikidata
external_ids,person:65:kinopoisk,insert,wikidata
external_ids,person:65:loc,insert,wikidata
external_ids,person:65:svensk_film,insert,wikidata
external_ids,person:65:tmdb_person,insert,wikidata
external_ids,person:65:viaf,insert,wikidata
external_ids,person:65:wikidata,insert,wikidata
people,66:nationality,fill,wikidata
person_citizenships,66:United States,insert,wikidata
person_occupations,66:actor,insert,wikidata
person_occupations,66:television actor,insert,wikidata
person_occupations,66:film actor,insert,wikidata
person_occupations,66:stage actor,insert,wikidata
person_details,person:66,insert,wikidata
external_ids,person:66:allmovie,insert,wikidata
external_ids,person:66:allocine,insert,wikidata
external_ids,person:66:bnf,insert,wikidata
external_ids,person:66:freebase,insert,wikidata
external_ids,person:66:gnd,insert,wikidata
external_ids,person:66:imdb,insert,wikidata
external_ids,person:66:kinopoisk,insert,wikidata
external_ids,person:66:loc,insert,wikidata
external_ids,person:66:musicbrainz_artist,insert,wikidata
external_ids,person:66:svensk_film,insert,wikidata
external_ids,person:66:tmdb_person,insert,wikidata
external_ids,person:66:viaf,insert,wikidata
external_ids,person:66:wikidata,insert,wikidata
people,67:nationality,fill,wikidata
person_citizenships,67:United States,insert,wikidata
person_occupations,67:television actor,insert,wikidata
person_occupations,67:film actor,insert,wikidata
person_occupations,67:stage actor,insert,wikidata
person_occupations,67:actor,insert,wikidata
person_occupations,67:basketball player,insert,wikidata
person_occupations,67:musician,insert,wikidata
person_details,person:67,insert,wikidata
person_awards,67:Academy Award for Best Supporting Actor:won:2017,insert,wikidata
person_awards,67:Academy Award for Best Supporting Actor:won:2019,insert,wikidata
person_awards,67:Golden Globe Awards:won:None,insert,wikidata
person_awards,67:BAFTA Award for Best Actor in a Supporting Role:won:2019,insert,wikidata
person_awards,67:Academy Award for Best Supporting Actor:nominated:2017,insert,wikidata
person_awards,67:Academy Award for Best Supporting Actor:nominated:2019,insert,wikidata
external_ids,person:67:allmovie,insert,wikidata
external_ids,person:67:allocine,insert,wikidata
external_ids,person:67:freebase,insert,wikidata
external_ids,person:67:gnd,insert,wikidata
external_ids,person:67:imdb,insert,wikidata
external_ids,person:67:instagram,insert,wikidata
external_ids,person:67:kinopoisk,insert,wikidata
external_ids,person:67:loc,insert,wikidata
external_ids,person:67:musicbrainz_artist,insert,wikidata
external_ids,person:67:svensk_film,insert,wikidata
external_ids,person:67:tmdb_person,insert,wikidata
external_ids,person:67:viaf,insert,wikidata
external_ids,person:67:wikitree,insert,wikidata
external_ids,person:67:wikidata,insert,wikidata
people,68:nationality,fill,wikidata
person_citizenships,68:United States,insert,wikidata
person_occupations,68:film actor,insert,wikidata
person_occupations,68:rapper,insert,wikidata
person_occupations,68:television actor,insert,wikidata
person_occupations,68:actor,insert,wikidata
person_details,person:68,insert,wikidata
person_awards,68:Primetime Emmy Award for Outstanding Lead Actor in a Miniseries or a Movie:won:2019,insert,wikidata
person_awards,68:Critics' Choice Television Award for Best Movie/Miniseries Actor:won:2020,insert,wikidata
person_awards,"68:NAACP Image Award for Outstanding Actor in a Television Movie, Mini-Series or Dramatic Special:won:2020",insert,wikidata
external_ids,person:68:allocine,insert,wikidata
external_ids,person:68:gnd,insert,wikidata
external_ids,person:68:imdb,insert,wikidata
external_ids,person:68:instagram,insert,wikidata
external_ids,person:68:kinopoisk,insert,wikidata
external_ids,person:68:loc,insert,wikidata
external_ids,person:68:svensk_film,insert,wikidata
external_ids,person:68:tmdb_person,insert,wikidata
external_ids,person:68:twitter,insert,wikidata
external_ids,person:68:viaf,insert,wikidata
external_ids,person:68:wikidata,insert,wikidata
people,69:nationality,fill,wikidata
person_citizenships,69:United Kingdom,insert,wikidata
person_occupations,69:screenwriter,insert,wikidata
person_occupations,69:stage actor,insert,wikidata
person_occupations,69:film actor,insert,wikidata
person_occupations,69:model,insert,wikidata
person_occupations,69:executive producer,insert,wikidata
person_occupations,69:film producer,insert,wikidata
person_occupations,69:television actor,insert,wikidata
person_occupations,69:actor,insert,wikidata
person_details,person:69,insert,wikidata
person_awards,69:British Independent Film Award for Best Performance by an Actor in a British Independent Film:won:2009,insert,wikidata
person_awards,69:BAFTA Rising Star Award:won:2011,insert,wikidata
person_awards,69:Commander of the Order of the British Empire:won:None,insert,wikidata
person_awards,69:Academy Award for Best Supporting Actor:nominated:2016,insert,wikidata
person_awards,69:European Film Award for Best Actor:nominated:2014,insert,wikidata
external_ids,person:69:allmovie,insert,wikidata
external_ids,person:69:allocine,insert,wikidata
external_ids,person:69:bnf,insert,wikidata
external_ids,person:69:discogs,insert,wikidata
external_ids,person:69:freebase,insert,wikidata
external_ids,person:69:gnd,insert,wikidata
external_ids,person:69:imdb,insert,wikidata
external_ids,person:69:instagram,insert,wikidata
external_ids,person:69:kinopoisk,insert,wikidata
external_ids,person:69:loc,insert,wikidata
external_ids,person:69:musicbrainz_artist,insert,wikidata
external_ids,person:69:omni,insert,wikidata
external_ids,person:69:quora,insert,wikidata
external_ids,person:69:svensk_film,insert,wikidata
external_ids,person:69:tmdb_person,insert,wikidata
external_ids,person:69:viaf,insert,wikidata
external_ids,person:69:wikitree,insert,wikidata
external_ids,person:69:wikidata,insert,wikidata
people,7:nationality,fill,wikidata
person_citizenships,7:United States,insert,wikidata
person_occupations,7:actor,insert,wikidata
person_occupations,7:film director,insert,wikidata
person_occupations,7:television actor,insert,wikidata
person_occupations,7:voice actor,insert,wikidata
person_details,person:7,insert,wikidata
external_ids,person:7:allmovie,insert,wikidata
external_ids,person:7:allocine,insert,wikidata
external_ids,person:7:bnf,insert,wikidata
external_ids,person:7:find_a_grave,insert,wikidata
external_ids,person:7:freebase,insert,wikidata
external_ids,person:7:gnd,insert,wikidata
external_ids,person:7:imdb,insert,wikidata
external_ids,person:7:kinopoisk,insert,wikidata
external_ids,person:7:loc,insert,wikidata
external_ids,person:7:svensk_film,insert,wikidata
external_ids,person:7:tmdb_person,insert,wikidata
external_ids,person:7:viaf,insert,wikidata
external_ids,person:7:wikitree,insert,wikidata
external_ids,person:7:wikidata,insert,wikidata
people,70:nationality,fill,wikidata
person_citizenships,70:United States,insert,wikidata
person_occupations,70:television actor,insert,wikidata
person_occupations,70:film actor,insert,wikidata
person_occupations,70:film producer,insert,wikidata
person_occupations,70:stage actor,insert,wikidata
person_occupations,70:actor,insert,wikidata
person_occupations,70:musician,insert,wikidata
person_details,person:70,insert,wikidata
person_awards,70:Lucy Award:won:2000,insert,wikidata
person_awards,70:Golden Globe Award for Best Actress – Miniseries or Television Film:won:2020,insert,wikidata
person_awards,70:Primetime Emmy Award for Outstanding Lead Actress in a Miniseries or a Movie:won:2019,insert,wikidata
person_awards,70:Golden Globe Award for Best Actress in a Motion Picture – Musical or Comedy:won:2012,insert,wikidata
person_awards,70:Golden Globe Award for Best Actress – Miniseries or Television Film:won:2026,insert,wikidata
person_awards,70:Screen Actors Guild Award for Outstanding Performance by a Female Actor in a Miniseries or Television Movie:won:2026,insert,wikidata
person_awards,70:Academy Award for Best Supporting Actress:nominated:2006,insert,wikidata
person_awards,70:Academy Award for Best Actress:nominated:2011,insert,wikidata
person_awards,70:Academy Award for Best Actress:nominated:2012,insert,wikidata
person_awards,70:Tony Award for Best Actress in a Play:nominated:2016,insert,wikidata
person_awards,70:Academy Award for Best Supporting Actress:nominated:2017,insert,wikidata
person_awards,70:Golden Globe Award for Best Actress – Motion Picture Drama:nominated:2023,insert,wikidata
person_awards,70:Academy Award for Best Actress:nominated:2023,insert,wikidata
external_ids,person:70:allmovie,insert,wikidata
external_ids,person:70:allocine,insert,wikidata
external_ids,person:70:bnf,insert,wikidata
external_ids,person:70:discogs,insert,wikidata
external_ids,person:70:freebase,insert,wikidata
external_ids,person:70:gnd,insert,wikidata
external_ids,person:70:imdb,insert,wikidata
external_ids,person:70:kinopoisk,insert,wikidata
external_ids,person:70:loc,insert,wikidata
external_ids,person:70:musicbrainz_artist,insert,wikidata
external_ids,person:70:quora,insert,wikidata
external_ids,person:70:svensk_film,insert,wikidata
external_ids,person:70:tmdb_person,insert,wikidata
external_ids,person:70:twitter,insert,wikidata
external_ids,person:70:viaf,insert,wikidata
external_ids,person:70:wikitree,insert,wikidata
external_ids,person:70:wikidata,insert,wikidata
people,71:nationality,fill,wikidata
person_citizenships,71:United Kingdom,insert,wikidata
person_occupations,71:actor,insert,wikidata
person_occupations,71:rapper,insert,wikidata
person_occupations,71:film actor,insert,wikidata
person_occupations,71:singer,insert,wikidata
person_occupations,71:television actor,insert,wikidata
person_occupations,71:voice actor,insert,wikidata
person_occupations,71:activist,insert,wikidata
person_details,person:71,insert,wikidata
person_awards,71:Primetime Emmy Award for Outstanding Lead Actor in a Miniseries or a Movie:won:2017,insert,wikidata
person_awards,71:Academy Award for Best Live Action Short Film:won:2022,insert,wikidata
person_awards,71:Academy Award for Best Live Action Short Film:nominated:2022,insert,wikidata
person_awards,71:Academy Award for Best Actor:nominated:2021,insert,wikidata
external_ids,person:71:allocine,insert,wikidata
external_ids,person:71:bnf,insert,wikidata
external_ids,person:71:discogs,insert,wikidata
external_ids,person:71:freebase,insert,wikidata
external_ids,person:71:gnd,insert,wikidata
external_ids,person:71:imdb,insert,wikidata
external_ids,person:71:instagram,insert,wikidata
external_ids,person:71:kinopoisk,insert,wikidata
external_ids,person:71:loc,insert,wikidata
external_ids,person:71:musicbrainz_artist,insert,wikidata
external_ids,person:71:official_website,insert,wikidata
external_ids,person:71:quora,insert,wikidata
external_ids,person:71:svensk_film,insert,wikidata
external_ids,person:71:tmdb_person,insert,wikidata
external_ids,person:71:twitter,insert,wikidata
external_ids,person:71:viaf,insert,wikidata
external_ids,person:71:wikidata,insert,wikidata
people,72:nationality,fill,wikidata
person_citizenships,72:United States,insert,wikidata
person_occupations,72:actor,insert,wikidata
person_occupations,72:television actor,insert,wikidata
person_occupations,72:screenwriter,insert,wikidata
person_occupations,72:film director,insert,wikidata
person_details,person:72,insert,wikidata
external_ids,person:72:allocine,insert,wikidata
external_ids,person:72:freebase,insert,wikidata
external_ids,person:72:gnd,insert,wikidata
external_ids,person:72:imdb,insert,wikidata
external_ids,person:72:loc,insert,wikidata
external_ids,person:72:tmdb_person,insert,wikidata
external_ids,person:72:viaf,insert,wikidata
external_ids,person:72:wikidata,insert,wikidata
people,73:nationality,fill,wikidata
person_citizenships,73:United States,insert,wikidata
person_occupations,73:stand-up comedian,insert,wikidata
person_occupations,73:actor,insert,wikidata
person_occupations,73:film producer,insert,wikidata
person_occupations,73:writer,insert,wikidata
person_occupations,73:screenwriter,insert,wikidata
person_occupations,73:children's writer,insert,wikidata
person_occupations,73:singer,insert,wikidata
person_occupations,73:voice actor,insert,wikidata
person_occupations,73:comedian,insert,wikidata
person_details,person:73,insert,wikidata
person_awards,73:Critics' Choice Movie Award for Best Actress in a Comedy:won:None,insert,wikidata
external_ids,person:73:allmovie,insert,wikidata
external_ids,person:73:allocine,insert,wikidata
external_ids,person:73:discogs,insert,wikidata
external_ids,person:73:freebase,insert,wikidata
external_ids,person:73:gnd,insert,wikidata
external_ids,person:73:imdb,insert,wikidata
external_ids,person:73:instagram,insert,wikidata
external_ids,person:73:kinopoisk,insert,wikidata
external_ids,person:73:loc,insert,wikidata
external_ids,person:73:musicbrainz_artist,insert,wikidata
external_ids,person:73:svensk_film,insert,wikidata
external_ids,person:73:tmdb_person,insert,wikidata
external_ids,person:73:twitter,insert,wikidata
external_ids,person:73:viaf,insert,wikidata
external_ids,person:73:wikitree,insert,wikidata
external_ids,person:73:wikidata,insert,wikidata
people,74:nationality,fill,wikidata
person_citizenships,74:United States,insert,wikidata
person_occupations,74:television actor,insert,wikidata
person_occupations,74:film actor,insert,wikidata
person_occupations,74:stage actor,insert,wikidata
person_occupations,74:theatre director,insert,wikidata
person_occupations,74:film director,insert,wikidata
person_occupations,74:screenwriter,insert,wikidata
person_occupations,74:film producer,insert,wikidata
person_occupations,74:voice actor,insert,wikidata
person_occupations,74:actor,insert,wikidata
person_details,person:74,insert,wikidata
person_awards,74:Independent Spirit Award for Best Supporting Male:won:2009,insert,wikidata
person_awards,74:Primetime Emmy Award for Outstanding Supporting Actor in a Comedy Series:won:1989,insert,wikidata
person_awards,74:Screen Actors Guild Award for Outstanding Performance by a Cast in a Motion Picture:won:2008,insert,wikidata
person_awards,74:Academy Award for Best Supporting Actor:nominated:2010,insert,wikidata
person_awards,74:Academy Award for Best Actor:nominated:1997,insert,wikidata
person_awards,74:Academy Award for Best Supporting Actor:nominated:2018,insert,wikidata
external_ids,person:74:allmovie,insert,wikidata
external_ids,person:74:allocine,insert,wikidata
external_ids,person:74:bnf,insert,wikidata
external_ids,person:74:discogs,insert,wikidata
external_ids,person:74:freebase,insert,wikidata
external_ids,person:74:gnd,insert,wikidata
external_ids,person:74:imdb,insert,wikidata
external_ids,person:74:instagram,insert,wikidata
external_ids,person:74:kinopoisk,insert,wikidata
external_ids,person:74:loc,insert,wikidata
external_ids,person:74:musicbrainz_artist,insert,wikidata
external_ids,person:74:omni,insert,wikidata
external_ids,person:74:quora,insert,wikidata
external_ids,person:74:svensk_film,insert,wikidata
external_ids,person:74:tmdb_person,insert,wikidata
external_ids,person:74:twitter,insert,wikidata
external_ids,person:74:viaf,insert,wikidata
external_ids,person:74:wikitree,insert,wikidata
external_ids,person:74:wikidata,insert,wikidata
people,75:nationality,fill,wikidata
person_citizenships,75:United States,insert,wikidata
person_occupations,75:television actor,insert,wikidata
person_occupations,75:film actor,insert,wikidata
person_occupations,75:actor,insert,wikidata
person_occupations,75:pharmacist,insert,wikidata
person_details,person:75,insert,wikidata
external_ids,person:75:freebase,insert,wikidata
external_ids,person:75:imdb,insert,wikidata
external_ids,person:75:tmdb_person,insert,wikidata
external_ids,person:75:wikidata,insert,wikidata
people,76:nationality,fill,wikidata
person_citizenships,76:United States,insert,wikidata
person_occupations,76:film actor,insert,wikidata
person_occupations,76:television actor,insert,wikidata
person_occupations,76:stage actor,insert,wikidata
person_occupations,76:film director,insert,wikidata
person_occupations,76:actor,insert,wikidata
person_details,person:76,insert,wikidata
external_ids,person:76:allmovie,insert,wikidata
external_ids,person:76:allocine,insert,wikidata
external_ids,person:76:bnf,insert,wikidata
external_ids,person:76:freebase,insert,wikidata
external_ids,person:76:gnd,insert,wikidata
external_ids,person:76:imdb,insert,wikidata
external_ids,person:76:kinopoisk,insert,wikidata
external_ids,person:76:svensk_film,insert,wikidata
external_ids,person:76:tmdb_person,insert,wikidata
external_ids,person:76:viaf,insert,wikidata
external_ids,person:76:wikidata,insert,wikidata
people,77:nationality,fill,wikidata
person_citizenships,77:United Kingdom,insert,wikidata
person_occupations,77:actor,insert,wikidata
person_occupations,77:film actor,insert,wikidata
person_details,person:77,insert,wikidata
person_awards,77:Officer of the Order of the British Empire:won:2017,insert,wikidata
person_awards,77:Academy Award for Best Supporting Actress:nominated:2017,insert,wikidata
external_ids,person:77:allmovie,insert,wikidata
external_ids,person:77:allocine,insert,wikidata
external_ids,person:77:bnf,insert,wikidata
external_ids,person:77:freebase,insert,wikidata
external_ids,person:77:gnd,insert,wikidata
external_ids,person:77:imdb,insert,wikidata
external_ids,person:77:instagram,insert,wikidata
external_ids,person:77:kinopoisk,insert,wikidata
external_ids,person:77:loc,insert,wikidata
external_ids,person:77:svensk_film,insert,wikidata
external_ids,person:77:tmdb_person,insert,wikidata
external_ids,person:77:twitter,insert,wikidata
external_ids,person:77:viaf,insert,wikidata
external_ids,person:77:wikitree,insert,wikidata
external_ids,person:77:wikidata,insert,wikidata
people,78:nationality,fill,wikidata
person_citizenships,78:United States,insert,wikidata
person_occupations,78:actor,insert,wikidata
person_occupations,78:television actor,insert,wikidata
person_occupations,78:voice actor,insert,wikidata
person_details,person:78,insert,wikidata
external_ids,person:78:allocine,insert,wikidata
external_ids,person:78:freebase,insert,wikidata
external_ids,person:78:gnd,insert,wikidata
external_ids,person:78:imdb,insert,wikidata
external_ids,person:78:instagram,insert,wikidata
external_ids,person:78:loc,insert,wikidata
external_ids,person:78:tmdb_person,insert,wikidata
external_ids,person:78:twitter,insert,wikidata
external_ids,person:78:viaf,insert,wikidata
external_ids,person:78:wikidata,insert,wikidata
people,79:nationality,fill,wikidata
person_citizenships,79:United Kingdom,insert,wikidata
person_occupations,79:television actor,insert,wikidata
person_occupations,79:film actor,insert,wikidata
person_occupations,79:stage actor,insert,wikidata
person_occupations,79:actor,insert,wikidata
person_occupations,79:accountant,insert,wikidata
person_details,person:79,insert,wikidata
person_awards,79:British Academy Television Award for Best Actor:nominated:2011,insert,wikidata
external_ids,person:79:allmovie,insert,wikidata
external_ids,person:79:allocine,insert,wikidata
external_ids,person:79:bnf,insert,wikidata
external_ids,person:79:discogs,insert,wikidata
external_ids,person:79:freebase,insert,wikidata
external_ids,person:79:gnd,insert,wikidata
external_ids,person:79:imdb,insert,wikidata
external_ids,person:79:kinopoisk,insert,wikidata
external_ids,person:79:loc,insert,wikidata
external_ids,person:79:musicbrainz_artist,insert,wikidata
external_ids,person:79:quora,insert,wikidata
external_ids,person:79:tmdb_person,insert,wikidata
external_ids,person:79:viaf,insert,wikidata
external_ids,person:79:wikitree,insert,wikidata
external_ids,person:79:wikidata,insert,wikidata
people,8:nationality,fill,wikidata
person_citizenships,8:Japan,insert,wikidata
person_occupations,8:television actor,insert,wikidata
person_details,person:8,insert,wikidata
external_ids,person:8:freebase,insert,wikidata
external_ids,person:8:imdb,insert,wikidata
external_ids,person:8:tmdb_person,insert,wikidata
external_ids,person:8:wikidata,insert,wikidata
people,80:nationality,fill,wikidata
person_citizenships,80:United States,insert,wikidata
person_occupations,80:film actor,insert,wikidata
person_occupations,80:television actor,insert,wikidata
person_occupations,80:actor,insert,wikidata
person_details,person:80,insert,wikidata
external_ids,person:80:allmovie,insert,wikidata
external_ids,person:80:allocine,insert,wikidata
external_ids,person:80:freebase,insert,wikidata
external_ids,person:80:gnd,insert,wikidata
external_ids,person:80:imdb,insert,wikidata
external_ids,person:80:instagram,insert,wikidata
external_ids,person:80:kinopoisk,insert,wikidata
external_ids,person:80:loc,insert,wikidata
external_ids,person:80:tmdb_person,insert,wikidata
external_ids,person:80:twitter,insert,wikidata
external_ids,person:80:viaf,insert,wikidata
external_ids,person:80:wikidata,insert,wikidata
people,81:nationality,fill,wikidata
person_citizenships,81:United Kingdom,insert,wikidata
person_occupations,81:actor,insert,wikidata
person_occupations,81:film actor,insert,wikidata
person_occupations,81:television actor,insert,wikidata
person_occupations,81:film director,insert,wikidata
person_occupations,81:stage actor,insert,wikidata
person_details,person:81,insert,wikidata
person_awards,81:Sitges Film Festival Best Actor award:won:1998,insert,wikidata
external_ids,person:81:allmovie,insert,wikidata
external_ids,person:81:allocine,insert,wikidata
external_ids,person:81:bnf,insert,wikidata
external_ids,person:81:discogs,insert,wikidata
external_ids,person:81:freebase,insert,wikidata
external_ids,person:81:gnd,insert,wikidata
external_ids,person:81:imdb,insert,wikidata
external_ids,person:81:instagram,insert,wikidata
external_ids,person:81:kinopoisk,insert,wikidata
external_ids,person:81:loc,insert,wikidata
external_ids,person:81:musicbrainz_artist,insert,wikidata
external_ids,person:81:svensk_film,insert,wikidata
external_ids,person:81:tmdb_person,insert,wikidata
external_ids,person:81:twitter,insert,wikidata
external_ids,person:81:viaf,insert,wikidata
external_ids,person:81:wikidata,insert,wikidata
people,82:nationality,fill,wikidata
person_citizenships,82:United States,insert,wikidata
person_occupations,82:actor,insert,wikidata
person_occupations,82:television actor,insert,wikidata
person_occupations,82:film actor,insert,wikidata
person_occupations,82:singer,insert,wikidata
person_occupations,82:rapper,insert,wikidata
person_occupations,82:film producer,insert,wikidata
person_occupations,82:musician,insert,wikidata
person_details,person:82,insert,wikidata
external_ids,person:82:allmovie,insert,wikidata
external_ids,person:82:allocine,insert,wikidata
external_ids,person:82:bnf,insert,wikidata
external_ids,person:82:discogs,insert,wikidata
external_ids,person:82:freebase,insert,wikidata
external_ids,person:82:gnd,insert,wikidata
external_ids,person:82:imdb,insert,wikidata
external_ids,person:82:instagram,insert,wikidata
external_ids,person:82:kinopoisk,insert,wikidata
external_ids,person:82:loc,insert,wikidata
external_ids,person:82:musicbrainz_artist,insert,wikidata
external_ids,person:82:official_website,insert,wikidata
external_ids,person:82:quora,insert,wikidata
external_ids,person:82:svensk_film,insert,wikidata
external_ids,person:82:tmdb_person,insert,wikidata
external_ids,person:82:twitter,insert,wikidata
external_ids,person:82:viaf,insert,wikidata
external_ids,person:82:wikidata,insert,wikidata
people,83:nationality,fill,wikidata
person_citizenships,83:United States,insert,wikidata
person_occupations,83:actor,insert,wikidata
person_occupations,83:television actor,insert,wikidata
person_occupations,83:screenwriter,insert,wikidata
person_occupations,83:film producer,insert,wikidata
person_details,person:83,insert,wikidata
external_ids,person:83:freebase,insert,wikidata
external_ids,person:83:imdb,insert,wikidata
external_ids,person:83:instagram,insert,wikidata
external_ids,person:83:loc,insert,wikidata
external_ids,person:83:musicbrainz_artist,insert,wikidata
external_ids,person:83:official_website,insert,wikidata
external_ids,person:83:tmdb_person,insert,wikidata
external_ids,person:83:twitter,insert,wikidata
external_ids,person:83:viaf,insert,wikidata
external_ids,person:83:wikidata,insert,wikidata
people,84:nationality,fill,wikidata
person_citizenships,84:United States,insert,wikidata
person_occupations,84:actor,insert,wikidata
person_occupations,84:model,insert,wikidata
person_occupations,84:film producer,insert,wikidata
person_occupations,84:child actor,insert,wikidata
person_occupations,84:businessperson,insert,wikidata
person_details,person:84,insert,wikidata
person_awards,84:Independent Spirit Robert Altman Award:won:2019,insert,wikidata
person_awards,84:Phoenix Film Critics Society Award for Best Cast:won:2010,insert,wikidata
person_awards,84:Golden Globe Ambassador:won:2006,insert,wikidata
person_awards,84:Golden Raspberry Award for Worst Screen Couple/Ensemble:won:2015,insert,wikidata
person_awards,84:Golden Raspberry Award for Worst Actress:won:2015,insert,wikidata
person_awards,84:People's Choice Awards:won:2016,insert,wikidata
person_awards,84:Golden Raspberry Award for Worst Actress:won:2025,insert,wikidata
person_awards,84:BAFTA Rising Star Award:nominated:2016,insert,wikidata
person_awards,84:Women's Image Network Awards:nominated:2013,insert,wikidata
person_awards,84:Young Hollywood Awards:nominated:2014,insert,wikidata
person_awards,84:Golden Raspberry Award for Worst Actress:nominated:2017,insert,wikidata
person_awards,84:San Diego Film Critics Society Award for Best Performance by an Ensemble:nominated:2010,insert,wikidata
person_awards,84:MTV Movie Award for Best Breakthrough Performance:nominated:2016,insert,wikidata
person_awards,84:MTV Movie Award for Best Kiss:nominated:2016,insert,wikidata
person_awards,84:Washington D.C. Area Film Critics Association:nominated:2010,insert,wikidata
external_ids,person:84:allmovie,insert,wikidata
external_ids,person:84:allocine,insert,wikidata
external_ids,person:84:bnf,insert,wikidata
external_ids,person:84:freebase,insert,wikidata
external_ids,person:84:gnd,insert,wikidata
external_ids,person:84:imdb,insert,wikidata
external_ids,person:84:instagram,insert,wikidata
external_ids,person:84:kinopoisk,insert,wikidata
external_ids,person:84:loc,insert,wikidata
external_ids,person:84:musicbrainz_artist,insert,wikidata
external_ids,person:84:quora,insert,wikidata
external_ids,person:84:svensk_film,insert,wikidata
external_ids,person:84:tmdb_person,insert,wikidata
external_ids,person:84:viaf,insert,wikidata
external_ids,person:84:wikitree,insert,wikidata
external_ids,person:84:wikidata,insert,wikidata
people,85:nationality,fill,wikidata
person_citizenships,85:France,insert,wikidata
person_occupations,85:actor,insert,wikidata
person_occupations,85:stage actor,insert,wikidata
person_occupations,85:film actor,insert,wikidata
person_occupations,85:television actor,insert,wikidata
person_details,person:85,insert,wikidata
person_awards,85:César Award for Best Male Revelation:won:2010,insert,wikidata
person_awards,85:César Award for Best Actor:won:2010,insert,wikidata
person_awards,85:Officer of Arts and Letters:won:2017,insert,wikidata
person_awards,85:European Film Award for Best Actor:won:2009,insert,wikidata
person_awards,85:César Award for Best Male Revelation:nominated:2010,insert,wikidata
person_awards,85:César Award for Best Actor:nominated:2010,insert,wikidata
person_awards,85:BAFTA Rising Star Award:nominated:2010,insert,wikidata
person_awards,85:European Film Award for Best Actor:nominated:2009,insert,wikidata
person_awards,85:European Film Award – People's Choice Award for Best European Film:nominated:2015,insert,wikidata
person_awards,85:European Film Award for Best Actor:nominated:2021,insert,wikidata
external_ids,person:85:allmovie,insert,wikidata
external_ids,person:85:allocine,insert,wikidata
external_ids,person:85:bnf,insert,wikidata
external_ids,person:85:freebase,insert,wikidata
external_ids,person:85:gnd,insert,wikidata
external_ids,person:85:imdb,insert,wikidata
external_ids,person:85:instagram,insert,wikidata
external_ids,person:85:kinopoisk,insert,wikidata
external_ids,person:85:loc,insert,wikidata
external_ids,person:85:svensk_film,insert,wikidata
external_ids,person:85:tmdb_person,insert,wikidata
external_ids,person:85:viaf,insert,wikidata
external_ids,person:85:wikidata,insert,wikidata
people,86:nationality,fill,wikidata
person_citizenships,86:United States,insert,wikidata
person_occupations,86:actor,insert,wikidata
person_occupations,86:singer,insert,wikidata
person_occupations,86:model,insert,wikidata
person_occupations,86:television actor,insert,wikidata
person_occupations,86:film actor,insert,wikidata
person_occupations,86:voice actor,insert,wikidata
person_occupations,86:fashion model,insert,wikidata
person_details,person:86,insert,wikidata
external_ids,person:86:allmovie,insert,wikidata
external_ids,person:86:allocine,insert,wikidata
external_ids,person:86:bnf,insert,wikidata
external_ids,person:86:discogs,insert,wikidata
external_ids,person:86:freebase,insert,wikidata
external_ids,person:86:gnd,insert,wikidata
external_ids,person:86:imdb,insert,wikidata
external_ids,person:86:instagram,insert,wikidata
external_ids,person:86:kinopoisk,insert,wikidata
external_ids,person:86:loc,insert,wikidata
external_ids,person:86:musicbrainz_artist,insert,wikidata
external_ids,person:86:quora,insert,wikidata
external_ids,person:86:svensk_film,insert,wikidata
external_ids,person:86:tmdb_person,insert,wikidata
external_ids,person:86:twitter,insert,wikidata
external_ids,person:86:viaf,insert,wikidata
external_ids,person:86:wikitree,insert,wikidata
external_ids,person:86:wikidata,insert,wikidata
people,87:nationality,fill,wikidata
person_citizenships,87:United States,insert,wikidata
person_citizenships,87:New Zealand,insert,wikidata
person_occupations,87:television actor,insert,wikidata
person_occupations,87:film actor,insert,wikidata
person_occupations,87:actor,insert,wikidata
person_details,person:87,insert,wikidata
external_ids,person:87:allmovie,insert,wikidata
external_ids,person:87:allocine,insert,wikidata
external_ids,person:87:freebase,insert,wikidata
external_ids,person:87:gnd,insert,wikidata
external_ids,person:87:imdb,insert,wikidata
external_ids,person:87:instagram,insert,wikidata
external_ids,person:87:kinopoisk,insert,wikidata
external_ids,person:87:loc,insert,wikidata
external_ids,person:87:svensk_film,insert,wikidata
external_ids,person:87:tmdb_person,insert,wikidata
external_ids,person:87:viaf,insert,wikidata
external_ids,person:87:wikidata,insert,wikidata
people,88:nationality,fill,wikidata
person_citizenships,88:United States,insert,wikidata
person_occupations,88:comedian,insert,wikidata
person_occupations,88:film producer,insert,wikidata
person_occupations,88:director,insert,wikidata
person_occupations,88:television actor,insert,wikidata
person_occupations,88:film actor,insert,wikidata
person_occupations,88:voice actor,insert,wikidata
person_occupations,88:screenwriter,insert,wikidata
person_occupations,88:singer,insert,wikidata
person_occupations,88:writer,insert,wikidata
person_occupations,88:rapper,insert,wikidata
person_occupations,88:actor,insert,wikidata
person_details,person:88,insert,wikidata
external_ids,person:88:allmovie,insert,wikidata
external_ids,person:88:allocine,insert,wikidata
external_ids,person:88:bnf,insert,wikidata
external_ids,person:88:discogs,insert,wikidata
external_ids,person:88:freebase,insert,wikidata
external_ids,person:88:gnd,insert,wikidata
external_ids,person:88:imdb,insert,wikidata
external_ids,person:88:instagram,insert,wikidata
external_ids,person:88:kinopoisk,insert,wikidata
external_ids,person:88:loc,insert,wikidata
external_ids,person:88:musicbrainz_artist,insert,wikidata
external_ids,person:88:official_website,insert,wikidata
external_ids,person:88:quora,insert,wikidata
external_ids,person:88:svensk_film,insert,wikidata
external_ids,person:88:tmdb_person,insert,wikidata
external_ids,person:88:twitter,insert,wikidata
external_ids,person:88:viaf,insert,wikidata
external_ids,person:88:wikidata,insert,wikidata
people,89:nationality,fill,wikidata
person_citizenships,89:Mexico,insert,wikidata
person_occupations,89:actor,insert,wikidata
person_occupations,89:television actor,insert,wikidata
person_occupations,89:film actor,insert,wikidata
person_occupations,89:voice actor,insert,wikidata
person_occupations,89:film director,insert,wikidata
person_details,person:89,insert,wikidata
external_ids,person:89:freebase,insert,wikidata
external_ids,person:89:imdb,insert,wikidata
external_ids,person:89:tmdb_person,insert,wikidata
external_ids,person:89:twitter,insert,wikidata
external_ids,person:89:wikidata,insert,wikidata
people,9:nationality,fill,wikidata
person_citizenships,9:Japan,insert,wikidata
person_citizenships,9:Empire of Japan,insert,wikidata
person_occupations,9:actor,insert,wikidata
person_occupations,9:film actor,insert,wikidata
person_details,person:9,insert,wikidata
person_awards,9:Kikuta Kazuo engeki shō:won:None,insert,wikidata
external_ids,person:9:imdb,insert,wikidata
external_ids,person:9:loc,insert,wikidata
external_ids,person:9:tmdb_person,insert,wikidata
external_ids,person:9:viaf,insert,wikidata
external_ids,person:9:wikitree,insert,wikidata
external_ids,person:9:wikidata,insert,wikidata
people,90:nationality,fill,wikidata
person_citizenships,90:United States,insert,wikidata
person_occupations,90:actor,insert,wikidata
person_occupations,90:singer,insert,wikidata
person_occupations,90:television actor,insert,wikidata
person_details,person:90,insert,wikidata
external_ids,person:90:allmovie,insert,wikidata
external_ids,person:90:allocine,insert,wikidata
external_ids,person:90:freebase,insert,wikidata
external_ids,person:90:gnd,insert,wikidata
external_ids,person:90:imdb,insert,wikidata
external_ids,person:90:instagram,insert,wikidata
external_ids,person:90:kinopoisk,insert,wikidata
external_ids,person:90:loc,insert,wikidata
external_ids,person:90:musicbrainz_artist,insert,wikidata
external_ids,person:90:official_website,insert,wikidata
external_ids,person:90:svensk_film,insert,wikidata
external_ids,person:90:tmdb_person,insert,wikidata
external_ids,person:90:twitter,insert,wikidata
external_ids,person:90:viaf,insert,wikidata
external_ids,person:90:wikidata,insert,wikidata
people,91:nationality,fill,wikidata
person_citizenships,91:United Kingdom,insert,wikidata
person_occupations,91:actor,insert,wikidata
person_occupations,91:film actor,insert,wikidata
person_occupations,91:stage actor,insert,wikidata
person_occupations,91:child actor,insert,wikidata
person_occupations,91:television actor,insert,wikidata
person_occupations,91:film screenwriter,insert,wikidata
person_occupations,91:voice actor,insert,wikidata
person_occupations,91:film producer,insert,wikidata
person_details,person:91,insert,wikidata
person_awards,91:Golden Globe Awards:won:2016,insert,wikidata
external_ids,person:91:allmovie,insert,wikidata
external_ids,person:91:allocine,insert,wikidata
external_ids,person:91:bnf,insert,wikidata
external_ids,person:91:freebase,insert,wikidata
external_ids,person:91:gnd,insert,wikidata
external_ids,person:91:imdb,insert,wikidata
external_ids,person:91:instagram,insert,wikidata
external_ids,person:91:kinopoisk,insert,wikidata
external_ids,person:91:loc,insert,wikidata
external_ids,person:91:musicbrainz_artist,insert,wikidata
external_ids,person:91:svensk_film,insert,wikidata
external_ids,person:91:tmdb_person,insert,wikidata
external_ids,person:91:viaf,insert,wikidata
external_ids,person:91:wikidata,insert,wikidata
people,92:nationality,fill,wikidata
person_citizenships,92:United States,insert,wikidata
person_occupations,92:actor,insert,wikidata
person_occupations,92:film director,insert,wikidata
person_details,person:92,insert,wikidata
external_ids,person:92:allmovie,insert,wikidata
external_ids,person:92:allocine,insert,wikidata
external_ids,person:92:imdb,insert,wikidata
external_ids,person:92:instagram,insert,wikidata
external_ids,person:92:loc,insert,wikidata
external_ids,person:92:tmdb_person,insert,wikidata
external_ids,person:92:viaf,insert,wikidata
external_ids,person:92:wikidata,insert,wikidata
people,93:nationality,fill,wikidata
person_citizenships,93:United Kingdom,insert,wikidata
person_citizenships,93:United States,insert,wikidata
person_citizenships,93:Italy,insert,wikidata
person_occupations,93:actor,insert,wikidata
person_occupations,93:stage actor,insert,wikidata
person_occupations,93:television actor,insert,wikidata
person_occupations,93:film actor,insert,wikidata
person_details,person:93,insert,wikidata
person_awards,93:Tony Award for Best Featured Actor in a Play:nominated:2015,insert,wikidata
external_ids,person:93:allmovie,insert,wikidata
external_ids,person:93:allocine,insert,wikidata
external_ids,person:93:bnf,insert,wikidata
external_ids,person:93:discogs,insert,wikidata
external_ids,person:93:freebase,insert,wikidata
external_ids,person:93:gnd,insert,wikidata
external_ids,person:93:imdb,insert,wikidata
external_ids,person:93:kinopoisk,insert,wikidata
external_ids,person:93:loc,insert,wikidata
external_ids,person:93:musicbrainz_artist,insert,wikidata
external_ids,person:93:svensk_film,insert,wikidata
external_ids,person:93:tmdb_person,insert,wikidata
external_ids,person:93:viaf,insert,wikidata
external_ids,person:93:wikitree,insert,wikidata
external_ids,person:93:wikidata,insert,wikidata
people,94:nationality,fill,wikidata
person_citizenships,94:United States,insert,wikidata
person_occupations,94:actor,insert,wikidata
person_occupations,94:singer,insert,wikidata
person_occupations,94:dancer,insert,wikidata
person_occupations,94:musical theatre actor,insert,wikidata
person_details,person:94,insert,wikidata
person_awards,94:Golden Globe Award for Best Supporting Actress – Motion Picture:won:2021,insert,wikidata
person_awards,94:Academy Award for Best Supporting Actress:won:2022,insert,wikidata
person_awards,94:Time 100:won:2022,insert,wikidata
person_awards,94:Out100:won:2021,insert,wikidata
person_awards,94:BAFTA Award for Best Actress in a Supporting Role:won:2022,insert,wikidata
person_awards,94:Academy Award for Best Supporting Actress:nominated:2022,insert,wikidata
external_ids,person:94:allocine,insert,wikidata
external_ids,person:94:gnd,insert,wikidata
external_ids,person:94:imdb,insert,wikidata
external_ids,person:94:instagram,insert,wikidata
external_ids,person:94:loc,insert,wikidata
external_ids,person:94:musicbrainz_artist,insert,wikidata
external_ids,person:94:tmdb_person,insert,wikidata
external_ids,person:94:twitter,insert,wikidata
external_ids,person:94:viaf,insert,wikidata
external_ids,person:94:wikidata,insert,wikidata
people,95:nationality,fill,wikidata
person_citizenships,95:United States,insert,wikidata
person_occupations,95:actor,insert,wikidata
person_details,person:95,insert,wikidata
external_ids,person:95:allmovie,insert,wikidata
external_ids,person:95:allocine,insert,wikidata
external_ids,person:95:bnf,insert,wikidata
external_ids,person:95:freebase,insert,wikidata
external_ids,person:95:gnd,insert,wikidata
external_ids,person:95:imdb,insert,wikidata
external_ids,person:95:kinopoisk,insert,wikidata
external_ids,person:95:loc,insert,wikidata
external_ids,person:95:quora,insert,wikidata
external_ids,person:95:tmdb_person,insert,wikidata
external_ids,person:95:viaf,insert,wikidata
external_ids,person:95:wikidata,insert,wikidata
people,96:nationality,fill,wikidata
person_citizenships,96:New Zealand,insert,wikidata
person_citizenships,96:Australia,insert,wikidata
person_occupations,96:actor,insert,wikidata
person_occupations,96:film producer,insert,wikidata
person_occupations,96:singer,insert,wikidata
person_occupations,96:character actor,insert,wikidata
person_occupations,96:screenwriter,insert,wikidata
person_occupations,96:film actor,insert,wikidata
person_occupations,96:television actor,insert,wikidata
person_occupations,96:film director,insert,wikidata
person_occupations,96:composer,insert,wikidata
person_occupations,96:director,insert,wikidata
person_occupations,96:producer,insert,wikidata
person_occupations,96:writer,insert,wikidata
person_details,person:96,insert,wikidata
person_awards,96:Centenary Medal:won:2001,insert,wikidata
person_awards,96:Academy Award for Best Actor:won:2001,insert,wikidata
person_awards,96:Australian National Living Treasure:won:None,insert,wikidata
person_awards,96:BAFTA Award for Best Actor in a Leading Role:won:2002,insert,wikidata
person_awards,96:star on Hollywood Walk of Fame:won:None,insert,wikidata
person_awards,96:Golden Globe Award for Best Actor – Motion Picture Drama:won:2002,insert,wikidata
person_awards,96:Screen Actors Guild Award for Outstanding Performance by a Male Actor in a Leading Role:won:None,insert,wikidata
person_awards,96:Academy Award for Best Actor:nominated:2000,insert,wikidata
person_awards,96:Academy Award for Best Actor:nominated:2001,insert,wikidata
person_awards,96:Academy Award for Best Actor:nominated:2002,insert,wikidata
external_ids,person:96:allmovie,insert,wikidata
external_ids,person:96:allocine,insert,wikidata
external_ids,person:96:bnf,insert,wikidata
external_ids,person:96:discogs,insert,wikidata
external_ids,person:96:freebase,insert,wikidata
external_ids,person:96:gnd,insert,wikidata
external_ids,person:96:imdb,insert,wikidata
external_ids,person:96:instagram,insert,wikidata
external_ids,person:96:kinopoisk,insert,wikidata
external_ids,person:96:loc,insert,wikidata
external_ids,person:96:musicbrainz_artist,insert,wikidata
external_ids,person:96:quora,insert,wikidata
external_ids,person:96:svensk_film,insert,wikidata
external_ids,person:96:tmdb_person,insert,wikidata
external_ids,person:96:twitter,insert,wikidata
external_ids,person:96:viaf,insert,wikidata
external_ids,person:96:wikitree,insert,wikidata
external_ids,person:96:wikidata,insert,wikidata
people,97:nationality,fill,wikidata
person_citizenships,97:Germany,insert,wikidata
person_occupations,97:actor,insert,wikidata
person_details,person:97,insert,wikidata
external_ids,person:97:allocine,insert,wikidata
external_ids,person:97:gnd,insert,wikidata
external_ids,person:97:imdb,insert,wikidata
external_ids,person:97:kinopoisk,insert,wikidata
external_ids,person:97:viaf,insert,wikidata
external_ids,person:97:wikidata,insert,wikidata
people,98:nationality,fill,wikidata
person_citizenships,98:Russia,insert,wikidata
person_citizenships,98:Canada,insert,wikidata
person_citizenships,98:Soviet Union,insert,wikidata
person_occupations,98:film actor,insert,wikidata
person_occupations,98:actor,insert,wikidata
person_occupations,98:film producer,insert,wikidata
person_occupations,98:television actor,insert,wikidata
person_details,person:98,insert,wikidata
person_awards,98:Chayka:won:2003,insert,wikidata
person_awards,98:Triumph:won:2004,insert,wikidata
external_ids,person:98:freebase,insert,wikidata
external_ids,person:98:gnd,insert,wikidata
external_ids,person:98:imdb,insert,wikidata
external_ids,person:98:instagram,insert,wikidata
external_ids,person:98:kinopoisk,insert,wikidata
external_ids,person:98:loc,insert,wikidata
external_ids,person:98:tmdb_person,insert,wikidata
external_ids,person:98:viaf,insert,wikidata
external_ids,person:98:wikidata,insert,wikidata
people,99:nationality,fill,wikidata
person_citizenships,99:United Kingdom,insert,wikidata
person_citizenships,99:Nigeria,insert,wikidata
person_occupations,99:stage actor,insert,wikidata
person_occupations,99:film actor,insert,wikidata
person_occupations,99:actor,insert,wikidata
person_occupations,99:director,insert,wikidata
person_occupations,99:screenwriter,insert,wikidata
person_occupations,99:television actor,insert,wikidata
person_occupations,99:film director,insert,wikidata
person_occupations,99:voice actor,insert,wikidata
person_details,person:99,insert,wikidata
person_awards,99:Laurence Olivier Awards:won:None,insert,wikidata
person_awards,99:Indiana Film Journalists Association Award for Best Actor:won:2013,insert,wikidata
person_awards,99:Officer of the Order of the British Empire:won:None,insert,wikidata
person_awards,99:BAFTA Award for Best Actor in a Leading Role:won:None,insert,wikidata
person_awards,99:Commander of the Order of the British Empire:won:None,insert,wikidata
person_awards,99:Academy Award for Best Actor:nominated:2014,insert,wikidata
person_awards,99:European Film Award for Best Actor:nominated:2003,insert,wikidata
external_ids,person:99:allmovie,insert,wikidata
external_ids,person:99:allocine,insert,wikidata
external_ids,person:99:bnf,insert,wikidata
external_ids,person:99:discogs,insert,wikidata
external_ids,person:99:freebase,insert,wikidata
external_ids,person:99:gnd,insert,wikidata
external_ids,person:99:imdb,insert,wikidata
external_ids,person:99:kinopoisk,insert,wikidata
external_ids,person:99:loc,insert,wikidata
external_ids,person:99:musicbrainz_artist,insert,wikidata
external_ids,person:99:svensk_film,insert,wikidata
external_ids,person:99:tmdb_person,insert,wikidata
external_ids,person:99:viaf,insert,wikidata
external_ids,person:99:wikitree,insert,wikidata
external_ids,person:99:wikidata,insert,wikidata
character_details,identity:1,insert,wikidata
external_ids,character:1:comic_vine,insert,wikidata
external_ids,character:1:commons_category,insert,wikidata
external_ids,character:1:fandom_article,insert,wikidata
external_ids,character:1:freebase,insert,wikidata
external_ids,character:1:wikidata,insert,wikidata
character_details,identity:10,insert,wikidata
external_ids,character:10:comic_vine,insert,wikidata
external_ids,character:10:commons_category,insert,wikidata
external_ids,character:10:fandom_article,insert,wikidata
external_ids,character:10:freebase,insert,wikidata
external_ids,character:10:wikidata,insert,wikidata
character_details,identity:100,insert,wikidata
external_ids,character:100:comic_vine,insert,wikidata
external_ids,character:100:wikidata,insert,wikidata
character_details,identity:101,insert,wikidata
external_ids,character:101:comic_vine,insert,wikidata
external_ids,character:101:fandom_article,insert,wikidata
external_ids,character:101:wikidata,insert,wikidata
character_details,identity:104,insert,wikidata
external_ids,character:104:comic_vine,insert,wikidata
external_ids,character:104:fandom_article,insert,wikidata
external_ids,character:104:wikidata,insert,wikidata
character_details,identity:107,insert,wikidata
external_ids,character:107:comic_vine,insert,wikidata
external_ids,character:107:freebase,insert,wikidata
external_ids,character:107:wikidata,insert,wikidata
character_details,identity:108,insert,wikidata
character_identities,108:first_comic_title,fill,wikidata
character_identities,108:first_comic_year,fill,wikidata
characters,307:first_comic_title,fill,wikidata
characters,307:first_comic_year,fill,wikidata
external_ids,character:108:comic_vine,insert,wikidata
external_ids,character:108:fandom_article,insert,wikidata
external_ids,character:108:freebase,insert,wikidata
external_ids,character:108:wikidata,insert,wikidata
character_details,identity:109,insert,wikidata
external_ids,character:109:comic_vine,insert,wikidata
external_ids,character:109:fandom_article,insert,wikidata
external_ids,character:109:freebase,insert,wikidata
external_ids,character:109:wikidata,insert,wikidata
character_details,identity:11,insert,wikidata
external_ids,character:11:britannica,insert,wikidata
external_ids,character:11:comic_vine,insert,wikidata
external_ids,character:11:commons_category,insert,wikidata
external_ids,character:11:fandom_article,insert,wikidata
external_ids,character:11:freebase,insert,wikidata
external_ids,character:11:tv_tropes,insert,wikidata
external_ids,character:11:wikidata,insert,wikidata
character_details,identity:110,insert,wikidata
external_ids,character:110:comic_vine,insert,wikidata
external_ids,character:110:fandom_article,insert,wikidata
external_ids,character:110:freebase,insert,wikidata
external_ids,character:110:wikidata,insert,wikidata
character_details,identity:111,insert,wikidata
external_ids,character:111:comic_vine,insert,wikidata
external_ids,character:111:commons_category,insert,wikidata
external_ids,character:111:fandom_article,insert,wikidata
external_ids,character:111:freebase,insert,wikidata
external_ids,character:111:wikidata,insert,wikidata
character_details,identity:112,insert,wikidata
external_ids,character:112:comic_vine,insert,wikidata
external_ids,character:112:commons_category,insert,wikidata
external_ids,character:112:fandom_article,insert,wikidata
external_ids,character:112:freebase,insert,wikidata
external_ids,character:112:wikidata,insert,wikidata
character_details,identity:115,insert,wikidata
external_ids,character:115:comic_vine,insert,wikidata
external_ids,character:115:fandom_article,insert,wikidata
external_ids,character:115:freebase,insert,wikidata
external_ids,character:115:wikidata,insert,wikidata
character_details,identity:116,insert,wikidata
external_ids,character:116:comic_vine,insert,wikidata
external_ids,character:116:freebase,insert,wikidata
external_ids,character:116:wikidata,insert,wikidata
character_details,identity:117,insert,wikidata
character_identities,117:first_comic_title,fill,wikidata
character_identities,117:first_comic_year,fill,wikidata
characters,351:first_comic_title,fill,wikidata
characters,351:first_comic_year,fill,wikidata
external_ids,character:117:comic_vine,insert,wikidata
external_ids,character:117:fandom_article,insert,wikidata
external_ids,character:117:freebase,insert,wikidata
external_ids,character:117:wikidata,insert,wikidata
character_details,identity:119,insert,wikidata
external_ids,character:119:comic_vine,insert,wikidata
external_ids,character:119:fandom_article,insert,wikidata
external_ids,character:119:freebase,insert,wikidata
external_ids,character:119:wikidata,insert,wikidata
character_details,identity:12,insert,wikidata
external_ids,character:12:comic_vine,insert,wikidata
external_ids,character:12:commons_category,insert,wikidata
external_ids,character:12:freebase,insert,wikidata
external_ids,character:12:wikidata,insert,wikidata
character_details,identity:122,insert,wikidata
external_ids,character:122:comic_vine,insert,wikidata
external_ids,character:122:freebase,insert,wikidata
external_ids,character:122:wikidata,insert,wikidata
character_details,identity:123,insert,wikidata
external_ids,character:123:comic_vine,insert,wikidata
external_ids,character:123:freebase,insert,wikidata
external_ids,character:123:wikidata,insert,wikidata
character_details,identity:124,insert,wikidata
external_ids,character:124:comic_vine,insert,wikidata
external_ids,character:124:commons_category,insert,wikidata
external_ids,character:124:freebase,insert,wikidata
external_ids,character:124:wikidata,insert,wikidata
character_details,identity:125,insert,wikidata
external_ids,character:125:britannica,insert,wikidata
external_ids,character:125:comic_vine,insert,wikidata
external_ids,character:125:commons_category,insert,wikidata
external_ids,character:125:freebase,insert,wikidata
external_ids,character:125:wikidata,insert,wikidata
character_details,identity:126,insert,wikidata
external_ids,character:126:comic_vine,insert,wikidata
external_ids,character:126:fandom_article,insert,wikidata
external_ids,character:126:freebase,insert,wikidata
external_ids,character:126:wikidata,insert,wikidata
character_details,identity:127,insert,wikidata
external_ids,character:127:comic_vine,insert,wikidata
external_ids,character:127:fandom_article,insert,wikidata
external_ids,character:127:freebase,insert,wikidata
external_ids,character:127:wikidata,insert,wikidata
character_details,identity:128,insert,wikidata
external_ids,character:128:comic_vine,insert,wikidata
external_ids,character:128:fandom_article,insert,wikidata
external_ids,character:128:freebase,insert,wikidata
external_ids,character:128:wikidata,insert,wikidata
character_details,identity:129,insert,wikidata
external_ids,character:129:britannica,insert,wikidata
external_ids,character:129:comic_vine,insert,wikidata
external_ids,character:129:fandom_article,insert,wikidata
external_ids,character:129:freebase,insert,wikidata
external_ids,character:129:wikidata,insert,wikidata
character_details,identity:13,insert,wikidata
characters,217:first_comic_title,fill,wikidata
characters,217:first_comic_year,fill,wikidata
characters,295:first_comic_title,fill,wikidata
characters,295:first_comic_year,fill,wikidata
characters,316:first_comic_title,fill,wikidata
characters,316:first_comic_year,fill,wikidata
external_ids,character:13:comic_vine,insert,wikidata
external_ids,character:13:commons_category,insert,wikidata
external_ids,character:13:fandom_article,insert,wikidata
external_ids,character:13:freebase,insert,wikidata
external_ids,character:13:wikidata,insert,wikidata
character_details,identity:131,insert,wikidata
external_ids,character:131:comic_vine,insert,wikidata
external_ids,character:131:fandom_article,insert,wikidata
external_ids,character:131:freebase,insert,wikidata
external_ids,character:131:wikidata,insert,wikidata
character_details,identity:132,insert,wikidata
external_ids,character:132:comic_vine,insert,wikidata
external_ids,character:132:commons_category,insert,wikidata
external_ids,character:132:fandom_article,insert,wikidata
external_ids,character:132:freebase,insert,wikidata
external_ids,character:132:wikidata,insert,wikidata
character_details,identity:135,insert,wikidata
external_ids,character:135:britannica,insert,wikidata
external_ids,character:135:comic_vine,insert,wikidata
external_ids,character:135:commons_category,insert,wikidata
external_ids,character:135:fandom_article,insert,wikidata
external_ids,character:135:freebase,insert,wikidata
external_ids,character:135:wikidata,insert,wikidata
character_details,identity:136,insert,wikidata
external_ids,character:136:britannica,insert,wikidata
external_ids,character:136:comic_vine,insert,wikidata
external_ids,character:136:commons_category,insert,wikidata
external_ids,character:136:fandom_article,insert,wikidata
external_ids,character:136:freebase,insert,wikidata
external_ids,character:136:tv_tropes,insert,wikidata
external_ids,character:136:wikidata,insert,wikidata
character_details,identity:137,insert,wikidata
external_ids,character:137:comic_vine,insert,wikidata
external_ids,character:137:commons_category,insert,wikidata
external_ids,character:137:fandom_article,insert,wikidata
external_ids,character:137:freebase,insert,wikidata
external_ids,character:137:wikidata,insert,wikidata
character_details,identity:138,insert,wikidata
external_ids,character:138:comic_vine,insert,wikidata
external_ids,character:138:fandom_article,insert,wikidata
external_ids,character:138:freebase,insert,wikidata
external_ids,character:138:wikidata,insert,wikidata
character_details,identity:139,insert,wikidata
external_ids,character:139:comic_vine,insert,wikidata
external_ids,character:139:fandom_article,insert,wikidata
external_ids,character:139:freebase,insert,wikidata
external_ids,character:139:wikidata,insert,wikidata
character_details,identity:14,insert,wikidata
external_ids,character:14:comic_vine,insert,wikidata
external_ids,character:14:commons_category,insert,wikidata
external_ids,character:14:freebase,insert,wikidata
external_ids,character:14:wikidata,insert,wikidata
character_details,identity:140,insert,wikidata
external_ids,character:140:comic_vine,insert,wikidata
external_ids,character:140:commons_category,insert,wikidata
external_ids,character:140:fandom_article,insert,wikidata
external_ids,character:140:freebase,insert,wikidata
external_ids,character:140:wikidata,insert,wikidata
character_details,identity:142,insert,wikidata
external_ids,character:142:freebase,insert,wikidata
external_ids,character:142:wikidata,insert,wikidata
character_details,identity:144,insert,wikidata
external_ids,character:144:fandom_article,insert,wikidata
external_ids,character:144:wikidata,insert,wikidata
character_details,identity:145,insert,wikidata
external_ids,character:145:fandom_article,insert,wikidata
external_ids,character:145:wikidata,insert,wikidata
character_details,identity:146,insert,wikidata
external_ids,character:146:comic_vine,insert,wikidata
external_ids,character:146:commons_category,insert,wikidata
external_ids,character:146:freebase,insert,wikidata
external_ids,character:146:wikidata,insert,wikidata
character_details,identity:149,insert,wikidata
external_ids,character:149:commons_category,insert,wikidata
external_ids,character:149:fandom_article,insert,wikidata
external_ids,character:149:wikidata,insert,wikidata
character_details,identity:15,insert,wikidata
characters,204:first_comic_title,fill,wikidata
characters,204:first_comic_year,fill,wikidata
characters,296:first_comic_title,fill,wikidata
characters,296:first_comic_year,fill,wikidata
external_ids,character:15:comic_vine,insert,wikidata
external_ids,character:15:fandom_article,insert,wikidata
external_ids,character:15:freebase,insert,wikidata
external_ids,character:15:wikidata,insert,wikidata
character_details,identity:150,insert,wikidata
external_ids,character:150:comic_vine,insert,wikidata
external_ids,character:150:fandom_article,insert,wikidata
external_ids,character:150:freebase,insert,wikidata
external_ids,character:150:wikidata,insert,wikidata
character_details,identity:151,insert,wikidata
external_ids,character:151:comic_vine,insert,wikidata
external_ids,character:151:fandom_article,insert,wikidata
external_ids,character:151:freebase,insert,wikidata
external_ids,character:151:wikidata,insert,wikidata
character_details,identity:153,insert,wikidata
character_identities,153:first_comic_title,fill,wikidata
character_identities,153:first_comic_year,fill,wikidata
characters,78:first_comic_title,fill,wikidata
characters,78:first_comic_year,fill,wikidata
external_ids,character:153:fandom_article,insert,wikidata
external_ids,character:153:wikidata,insert,wikidata
character_details,identity:155,insert,wikidata
external_ids,character:155:comic_vine,insert,wikidata
external_ids,character:155:freebase,insert,wikidata
external_ids,character:155:wikidata,insert,wikidata
character_details,identity:156,insert,wikidata
external_ids,character:156:comic_vine,insert,wikidata
external_ids,character:156:commons_category,insert,wikidata
external_ids,character:156:freebase,insert,wikidata
external_ids,character:156:wikidata,insert,wikidata
character_details,identity:157,insert,wikidata
external_ids,character:157:comic_vine,insert,wikidata
external_ids,character:157:fandom_article,insert,wikidata
external_ids,character:157:freebase,insert,wikidata
external_ids,character:157:wikidata,insert,wikidata
character_details,identity:16,insert,wikidata
characters,347:first_comic_title,fill,wikidata
characters,347:first_comic_year,fill,wikidata
external_ids,character:16:comic_vine,insert,wikidata
external_ids,character:16:commons_category,insert,wikidata
external_ids,character:16:fandom_article,insert,wikidata
external_ids,character:16:freebase,insert,wikidata
external_ids,character:16:wikidata,insert,wikidata
character_details,identity:160,insert,wikidata
external_ids,character:160:comic_vine,insert,wikidata
external_ids,character:160:fandom_article,insert,wikidata
external_ids,character:160:wikidata,insert,wikidata
character_details,identity:161,insert,wikidata
external_ids,character:161:fandom_article,insert,wikidata
external_ids,character:161:freebase,insert,wikidata
external_ids,character:161:wikidata,insert,wikidata
character_details,identity:163,insert,wikidata
external_ids,character:163:comic_vine,insert,wikidata
external_ids,character:163:fandom_article,insert,wikidata
external_ids,character:163:freebase,insert,wikidata
external_ids,character:163:wikidata,insert,wikidata
character_details,identity:164,insert,wikidata
external_ids,character:164:comic_vine,insert,wikidata
external_ids,character:164:commons_category,insert,wikidata
external_ids,character:164:fandom_article,insert,wikidata
external_ids,character:164:freebase,insert,wikidata
external_ids,character:164:wikidata,insert,wikidata
character_details,identity:166,insert,wikidata
external_ids,character:166:britannica,insert,wikidata
external_ids,character:166:comic_vine,insert,wikidata
external_ids,character:166:commons_category,insert,wikidata
external_ids,character:166:fandom_article,insert,wikidata
external_ids,character:166:freebase,insert,wikidata
external_ids,character:166:wikidata,insert,wikidata
character_details,identity:167,insert,wikidata
external_ids,character:167:freebase,insert,wikidata
external_ids,character:167:wikidata,insert,wikidata
character_details,identity:169,insert,wikidata
external_ids,character:169:freebase,insert,wikidata
external_ids,character:169:wikidata,insert,wikidata
character_details,identity:17,insert,wikidata
external_ids,character:17:comic_vine,insert,wikidata
external_ids,character:17:fandom_article,insert,wikidata
external_ids,character:17:freebase,insert,wikidata
external_ids,character:17:wikidata,insert,wikidata
character_details,identity:171,insert,wikidata
character_identities,171:first_comic_title,fill,wikidata
character_identities,171:first_comic_year,fill,wikidata
characters,368:first_comic_title,fill,wikidata
characters,368:first_comic_year,fill,wikidata
external_ids,character:171:comic_vine,insert,wikidata
external_ids,character:171:commons_category,insert,wikidata
external_ids,character:171:fandom_article,insert,wikidata
external_ids,character:171:freebase,insert,wikidata
external_ids,character:171:wikidata,insert,wikidata
character_details,identity:172,insert,wikidata
external_ids,character:172:fandom_article,insert,wikidata
external_ids,character:172:wikidata,insert,wikidata
character_details,identity:174,insert,wikidata
external_ids,character:174:comic_vine,insert,wikidata
external_ids,character:174:fandom_article,insert,wikidata
external_ids,character:174:freebase,insert,wikidata
external_ids,character:174:wikidata,insert,wikidata
character_details,identity:175,insert,wikidata
external_ids,character:175:comic_vine,insert,wikidata
external_ids,character:175:commons_category,insert,wikidata
external_ids,character:175:fandom_article,insert,wikidata
external_ids,character:175:freebase,insert,wikidata
external_ids,character:175:wikidata,insert,wikidata
character_details,identity:178,insert,wikidata
external_ids,character:178:comic_vine,insert,wikidata
external_ids,character:178:commons_category,insert,wikidata
external_ids,character:178:fandom_article,insert,wikidata
external_ids,character:178:freebase,insert,wikidata
external_ids,character:178:wikidata,insert,wikidata
character_details,identity:179,insert,wikidata
external_ids,character:179:comic_vine,insert,wikidata
external_ids,character:179:commons_category,insert,wikidata
external_ids,character:179:fandom_article,insert,wikidata
external_ids,character:179:freebase,insert,wikidata
external_ids,character:179:wikidata,insert,wikidata
character_details,identity:18,insert,wikidata
characters,223:first_comic_title,fill,wikidata
characters,223:first_comic_year,fill,wikidata
characters,362:first_comic_title,fill,wikidata
characters,362:first_comic_year,fill,wikidata
external_ids,character:18:britannica,insert,wikidata
external_ids,character:18:comic_vine,insert,wikidata
external_ids,character:18:commons_category,insert,wikidata
external_ids,character:18:fandom_article,insert,wikidata
external_ids,character:18:freebase,insert,wikidata
external_ids,character:18:wikidata,insert,wikidata
character_details,identity:181,insert,wikidata
external_ids,character:181:comic_vine,insert,wikidata
external_ids,character:181:fandom_article,insert,wikidata
external_ids,character:181:wikidata,insert,wikidata
character_details,identity:182,insert,wikidata
external_ids,character:182:comic_vine,insert,wikidata
external_ids,character:182:freebase,insert,wikidata
external_ids,character:182:wikidata,insert,wikidata
character_details,identity:183,insert,wikidata
external_ids,character:183:comic_vine,insert,wikidata
external_ids,character:183:fandom_article,insert,wikidata
external_ids,character:183:freebase,insert,wikidata
external_ids,character:183:wikidata,insert,wikidata
character_details,identity:184,insert,wikidata
external_ids,character:184:comic_vine,insert,wikidata
external_ids,character:184:commons_category,insert,wikidata
external_ids,character:184:freebase,insert,wikidata
external_ids,character:184:wikidata,insert,wikidata
character_details,identity:186,insert,wikidata
external_ids,character:186:britannica,insert,wikidata
external_ids,character:186:comic_vine,insert,wikidata
external_ids,character:186:commons_category,insert,wikidata
external_ids,character:186:fandom_article,insert,wikidata
external_ids,character:186:freebase,insert,wikidata
external_ids,character:186:wikidata,insert,wikidata
character_details,identity:187,insert,wikidata
character_identities,187:first_comic_title,fill,wikidata
character_identities,187:first_comic_year,fill,wikidata
characters,365:first_comic_title,fill,wikidata
characters,365:first_comic_year,fill,wikidata
external_ids,character:187:britannica,insert,wikidata
external_ids,character:187:comic_vine,insert,wikidata
external_ids,character:187:fandom_article,insert,wikidata
external_ids,character:187:freebase,insert,wikidata
external_ids,character:187:wikidata,insert,wikidata
character_details,identity:189,insert,wikidata
external_ids,character:189:comic_vine,insert,wikidata
external_ids,character:189:fandom_article,insert,wikidata
external_ids,character:189:freebase,insert,wikidata
external_ids,character:189:tv_tropes,insert,wikidata
external_ids,character:189:wikidata,insert,wikidata
character_details,identity:19,insert,wikidata
characters,225:first_comic_title,fill,wikidata
characters,225:first_comic_year,fill,wikidata
external_ids,character:19:britannica,insert,wikidata
external_ids,character:19:comic_vine,insert,wikidata
external_ids,character:19:commons_category,insert,wikidata
external_ids,character:19:fandom_article,insert,wikidata
external_ids,character:19:freebase,insert,wikidata
external_ids,character:19:wikidata,insert,wikidata
character_details,identity:190,insert,wikidata
external_ids,character:190:comic_vine,insert,wikidata
external_ids,character:190:fandom_article,insert,wikidata
external_ids,character:190:freebase,insert,wikidata
external_ids,character:190:wikidata,insert,wikidata
character_details,identity:194,insert,wikidata
external_ids,character:194:britannica,insert,wikidata
external_ids,character:194:comic_vine,insert,wikidata
external_ids,character:194:commons_category,insert,wikidata
external_ids,character:194:fandom_article,insert,wikidata
external_ids,character:194:freebase,insert,wikidata
external_ids,character:194:wikidata,insert,wikidata
character_details,identity:196,insert,wikidata
external_ids,character:196:comic_vine,insert,wikidata
external_ids,character:196:fandom_article,insert,wikidata
external_ids,character:196:freebase,insert,wikidata
external_ids,character:196:wikidata,insert,wikidata
character_details,identity:198,insert,wikidata
external_ids,character:198:comic_vine,insert,wikidata
external_ids,character:198:commons_category,insert,wikidata
external_ids,character:198:fandom_article,insert,wikidata
external_ids,character:198:freebase,insert,wikidata
external_ids,character:198:wikidata,insert,wikidata
character_details,identity:199,insert,wikidata
external_ids,character:199:freebase,insert,wikidata
external_ids,character:199:wikidata,insert,wikidata
character_details,identity:2,insert,wikidata
external_ids,character:2:comic_vine,insert,wikidata
external_ids,character:2:fandom_article,insert,wikidata
external_ids,character:2:freebase,insert,wikidata
external_ids,character:2:wikidata,insert,wikidata
character_details,identity:20,insert,wikidata
external_ids,character:20:comic_vine,insert,wikidata
external_ids,character:20:commons_category,insert,wikidata
external_ids,character:20:fandom_article,insert,wikidata
external_ids,character:20:freebase,insert,wikidata
external_ids,character:20:wikidata,insert,wikidata
character_details,identity:200,insert,wikidata
external_ids,character:200:comic_vine,insert,wikidata
external_ids,character:200:commons_category,insert,wikidata
external_ids,character:200:fandom_article,insert,wikidata
external_ids,character:200:freebase,insert,wikidata
external_ids,character:200:wikidata,insert,wikidata
character_details,identity:202,insert,wikidata
external_ids,character:202:britannica,insert,wikidata
external_ids,character:202:comic_vine,insert,wikidata
external_ids,character:202:commons_category,insert,wikidata
external_ids,character:202:fandom_article,insert,wikidata
external_ids,character:202:freebase,insert,wikidata
external_ids,character:202:wikidata,insert,wikidata
character_details,identity:203,insert,wikidata
external_ids,character:203:comic_vine,insert,wikidata
external_ids,character:203:commons_category,insert,wikidata
external_ids,character:203:fandom_article,insert,wikidata
external_ids,character:203:freebase,insert,wikidata
external_ids,character:203:wikidata,insert,wikidata
character_details,identity:206,insert,wikidata
external_ids,character:206:freebase,insert,wikidata
external_ids,character:206:wikidata,insert,wikidata
character_details,identity:207,insert,wikidata
external_ids,character:207:comic_vine,insert,wikidata
external_ids,character:207:fandom_article,insert,wikidata
external_ids,character:207:freebase,insert,wikidata
external_ids,character:207:wikidata,insert,wikidata
character_details,identity:208,insert,wikidata
external_ids,character:208:comic_vine,insert,wikidata
external_ids,character:208:wikidata,insert,wikidata
character_details,identity:209,insert,wikidata
external_ids,character:209:fandom_article,insert,wikidata
external_ids,character:209:wikidata,insert,wikidata
character_details,identity:21,insert,wikidata
characters,209:first_comic_title,fill,wikidata
characters,209:first_comic_year,fill,wikidata
characters,301:first_comic_title,fill,wikidata
characters,301:first_comic_year,fill,wikidata
external_ids,character:21:comic_vine,insert,wikidata
external_ids,character:21:commons_category,insert,wikidata
external_ids,character:21:fandom_article,insert,wikidata
external_ids,character:21:freebase,insert,wikidata
external_ids,character:21:wikidata,insert,wikidata
character_details,identity:210,insert,wikidata
external_ids,character:210:britannica,insert,wikidata
external_ids,character:210:comic_vine,insert,wikidata
external_ids,character:210:commons_category,insert,wikidata
external_ids,character:210:fandom_article,insert,wikidata
external_ids,character:210:freebase,insert,wikidata
external_ids,character:210:wikidata,insert,wikidata
character_details,identity:211,insert,wikidata
character_identities,211:first_comic_title,fill,wikidata
character_identities,211:first_comic_year,fill,wikidata
characters,375:first_comic_title,fill,wikidata
characters,375:first_comic_year,fill,wikidata
external_ids,character:211:comic_vine,insert,wikidata
external_ids,character:211:commons_category,insert,wikidata
external_ids,character:211:fandom_article,insert,wikidata
external_ids,character:211:freebase,insert,wikidata
external_ids,character:211:wikidata,insert,wikidata
character_details,identity:212,insert,wikidata
external_ids,character:212:britannica,insert,wikidata
external_ids,character:212:comic_vine,insert,wikidata
external_ids,character:212:commons_category,insert,wikidata
external_ids,character:212:fandom_article,insert,wikidata
external_ids,character:212:freebase,insert,wikidata
external_ids,character:212:wikidata,insert,wikidata
character_details,identity:214,insert,wikidata
external_ids,character:214:comic_vine,insert,wikidata
external_ids,character:214:commons_category,insert,wikidata
external_ids,character:214:fandom_article,insert,wikidata
external_ids,character:214:freebase,insert,wikidata
external_ids,character:214:wikidata,insert,wikidata
character_details,identity:215,insert,wikidata
external_ids,character:215:freebase,insert,wikidata
external_ids,character:215:wikidata,insert,wikidata
character_details,identity:22,insert,wikidata
characters,208:first_comic_title,fill,wikidata
characters,208:first_comic_year,fill,wikidata
external_ids,character:22:comic_vine,insert,wikidata
external_ids,character:22:fandom_article,insert,wikidata
external_ids,character:22:freebase,insert,wikidata
external_ids,character:22:wikidata,insert,wikidata
character_details,identity:222,insert,wikidata
external_ids,character:222:comic_vine,insert,wikidata
external_ids,character:222:fandom_article,insert,wikidata
external_ids,character:222:wikidata,insert,wikidata
character_details,identity:224,insert,wikidata
character_identities,224:first_comic_title,fill,wikidata
character_identities,224:first_comic_year,fill,wikidata
characters,207:first_comic_title,fill,wikidata
characters,207:first_comic_year,fill,wikidata
external_ids,character:224:comic_vine,insert,wikidata
external_ids,character:224:fandom_article,insert,wikidata
external_ids,character:224:freebase,insert,wikidata
external_ids,character:224:wikidata,insert,wikidata
character_details,identity:225,insert,wikidata
external_ids,character:225:wikidata,insert,wikidata
character_details,identity:227,insert,wikidata
external_ids,character:227:comic_vine,insert,wikidata
external_ids,character:227:fandom_article,insert,wikidata
external_ids,character:227:freebase,insert,wikidata
external_ids,character:227:wikidata,insert,wikidata
character_details,identity:228,insert,wikidata
character_identities,228:first_comic_title,fill,wikidata
character_identities,228:first_comic_year,fill,wikidata
characters,77:first_comic_title,fill,wikidata
characters,77:first_comic_year,fill,wikidata
external_ids,character:228:fandom_article,insert,wikidata
external_ids,character:228:wikidata,insert,wikidata
character_details,identity:229,insert,wikidata
external_ids,character:229:comic_vine,insert,wikidata
external_ids,character:229:commons_category,insert,wikidata
external_ids,character:229:fandom_article,insert,wikidata
external_ids,character:229:freebase,insert,wikidata
external_ids,character:229:wikidata,insert,wikidata
character_details,identity:23,insert,wikidata
external_ids,character:23:comic_vine,insert,wikidata
external_ids,character:23:commons_category,insert,wikidata
external_ids,character:23:fandom_article,insert,wikidata
external_ids,character:23:freebase,insert,wikidata
external_ids,character:23:wikidata,insert,wikidata
character_details,identity:231,insert,wikidata
external_ids,character:231:wikidata,insert,wikidata
character_details,identity:234,insert,wikidata
external_ids,character:234:fandom_article,insert,wikidata
external_ids,character:234:wikidata,insert,wikidata
character_details,identity:236,insert,wikidata
external_ids,character:236:fandom_article,insert,wikidata
external_ids,character:236:wikidata,insert,wikidata
character_details,identity:237,insert,wikidata
external_ids,character:237:wikidata,insert,wikidata
character_details,identity:239,insert,wikidata
character_identities,239:first_comic_title,fill,wikidata
character_identities,239:first_comic_year,fill,wikidata
characters,80:first_comic_title,fill,wikidata
characters,80:first_comic_year,fill,wikidata
external_ids,character:239:fandom_article,insert,wikidata
external_ids,character:239:wikidata,insert,wikidata
character_details,identity:24,insert,wikidata
external_ids,character:24:fandom_article,insert,wikidata
external_ids,character:24:wikidata,insert,wikidata
character_details,identity:240,insert,wikidata
external_ids,character:240:freebase,insert,wikidata
external_ids,character:240:wikidata,insert,wikidata
character_details,identity:241,insert,wikidata
character_identities,241:first_comic_title,fill,wikidata
character_identities,241:first_comic_year,fill,wikidata
characters,325:first_comic_title,fill,wikidata
characters,325:first_comic_year,fill,wikidata
external_ids,character:241:comic_vine,insert,wikidata
external_ids,character:241:fandom_article,insert,wikidata
external_ids,character:241:freebase,insert,wikidata
external_ids,character:241:wikidata,insert,wikidata
character_details,identity:243,insert,wikidata
character_identities,243:first_comic_title,fill,wikidata
character_identities,243:first_comic_year,fill,wikidata
characters,240:first_comic_title,fill,wikidata
characters,240:first_comic_year,fill,wikidata
external_ids,character:243:comic_vine,insert,wikidata
external_ids,character:243:fandom_article,insert,wikidata
external_ids,character:243:freebase,insert,wikidata
external_ids,character:243:wikidata,insert,wikidata
character_details,identity:244,insert,wikidata
external_ids,character:244:fandom_article,insert,wikidata
external_ids,character:244:wikidata,insert,wikidata
character_details,identity:245,insert,wikidata
external_ids,character:245:comic_vine,insert,wikidata
external_ids,character:245:fandom_article,insert,wikidata
external_ids,character:245:freebase,insert,wikidata
external_ids,character:245:wikidata,insert,wikidata
character_details,identity:246,insert,wikidata
external_ids,character:246:comic_vine,insert,wikidata
external_ids,character:246:commons_category,insert,wikidata
external_ids,character:246:fandom_article,insert,wikidata
external_ids,character:246:freebase,insert,wikidata
external_ids,character:246:wikidata,insert,wikidata
character_details,identity:247,insert,wikidata
external_ids,character:247:comic_vine,insert,wikidata
external_ids,character:247:freebase,insert,wikidata
external_ids,character:247:wikidata,insert,wikidata
character_details,identity:249,insert,wikidata
external_ids,character:249:comic_vine,insert,wikidata
external_ids,character:249:commons_category,insert,wikidata
external_ids,character:249:fandom_article,insert,wikidata
external_ids,character:249:freebase,insert,wikidata
external_ids,character:249:wikidata,insert,wikidata
character_details,identity:25,insert,wikidata
external_ids,character:25:comic_vine,insert,wikidata
external_ids,character:25:commons_category,insert,wikidata
external_ids,character:25:freebase,insert,wikidata
external_ids,character:25:wikidata,insert,wikidata
character_details,identity:251,insert,wikidata
external_ids,character:251:comic_vine,insert,wikidata
external_ids,character:251:commons_category,insert,wikidata
external_ids,character:251:fandom_article,insert,wikidata
external_ids,character:251:freebase,insert,wikidata
external_ids,character:251:wikidata,insert,wikidata
character_details,identity:252,insert,wikidata
character_identities,252:first_comic_title,fill,wikidata
character_identities,252:first_comic_year,fill,wikidata
characters,263:first_comic_title,fill,wikidata
characters,263:first_comic_year,fill,wikidata
external_ids,character:252:comic_vine,insert,wikidata
external_ids,character:252:freebase,insert,wikidata
external_ids,character:252:wikidata,insert,wikidata
character_details,identity:253,insert,wikidata
external_ids,character:253:comic_vine,insert,wikidata
external_ids,character:253:freebase,insert,wikidata
external_ids,character:253:wikidata,insert,wikidata
character_details,identity:256,insert,wikidata
external_ids,character:256:comic_vine,insert,wikidata
external_ids,character:256:freebase,insert,wikidata
external_ids,character:256:wikidata,insert,wikidata
character_details,identity:258,insert,wikidata
external_ids,character:258:comic_vine,insert,wikidata
external_ids,character:258:fandom_article,insert,wikidata
external_ids,character:258:freebase,insert,wikidata
external_ids,character:258:wikidata,insert,wikidata
character_details,identity:26,insert,wikidata
characters,224:first_comic_title,fill,wikidata
characters,224:first_comic_year,fill,wikidata
characters,281:first_comic_title,fill,wikidata
characters,281:first_comic_year,fill,wikidata
external_ids,character:26:comic_vine,insert,wikidata
external_ids,character:26:commons_category,insert,wikidata
external_ids,character:26:fandom_article,insert,wikidata
external_ids,character:26:freebase,insert,wikidata
external_ids,character:26:tv_tropes,insert,wikidata
external_ids,character:26:wikidata,insert,wikidata
character_details,identity:260,insert,wikidata
character_identities,260:first_comic_title,fill,wikidata
character_identities,260:first_comic_year,fill,wikidata
characters,81:first_comic_title,fill,wikidata
characters,81:first_comic_year,fill,wikidata
external_ids,character:260:fandom_article,insert,wikidata
external_ids,character:260:wikidata,insert,wikidata
character_details,identity:261,insert,wikidata
external_ids,character:261:fandom_article,insert,wikidata
external_ids,character:261:wikidata,insert,wikidata
character_details,identity:262,insert,wikidata
external_ids,character:262:comic_vine,insert,wikidata
external_ids,character:262:freebase,insert,wikidata
external_ids,character:262:wikidata,insert,wikidata
character_details,identity:263,insert,wikidata
external_ids,character:263:comic_vine,insert,wikidata
external_ids,character:263:wikidata,insert,wikidata
character_details,identity:27,insert,wikidata
characters,203:first_comic_title,fill,wikidata
characters,203:first_comic_year,fill,wikidata
characters,243:first_comic_title,fill,wikidata
characters,243:first_comic_year,fill,wikidata
characters,290:first_comic_title,fill,wikidata
characters,290:first_comic_year,fill,wikidata
characters,335:first_comic_title,fill,wikidata
characters,335:first_comic_year,fill,wikidata
external_ids,character:27:britannica,insert,wikidata
external_ids,character:27:comic_vine,insert,wikidata
external_ids,character:27:commons_category,insert,wikidata
external_ids,character:27:fandom_article,insert,wikidata
external_ids,character:27:freebase,insert,wikidata
external_ids,character:27:wikidata,insert,wikidata
character_details,identity:28,insert,wikidata
characters,219:first_comic_title,fill,wikidata
characters,219:first_comic_year,fill,wikidata
external_ids,character:28:comic_vine,insert,wikidata
external_ids,character:28:commons_category,insert,wikidata
external_ids,character:28:fandom_article,insert,wikidata
external_ids,character:28:freebase,insert,wikidata
external_ids,character:28:wikidata,insert,wikidata
character_details,identity:29,insert,wikidata
characters,205:first_comic_title,fill,wikidata
characters,205:first_comic_year,fill,wikidata
external_ids,character:29:comic_vine,insert,wikidata
external_ids,character:29:commons_category,insert,wikidata
external_ids,character:29:fandom_article,insert,wikidata
external_ids,character:29:freebase,insert,wikidata
external_ids,character:29:wikidata,insert,wikidata
character_details,identity:3,insert,wikidata
external_ids,character:3:comic_vine,insert,wikidata
external_ids,character:3:commons_category,insert,wikidata
external_ids,character:3:fandom_article,insert,wikidata
external_ids,character:3:freebase,insert,wikidata
external_ids,character:3:wikidata,insert,wikidata
character_details,identity:30,insert,wikidata
external_ids,character:30:comic_vine,insert,wikidata
external_ids,character:30:fandom_article,insert,wikidata
external_ids,character:30:freebase,insert,wikidata
external_ids,character:30:wikidata,insert,wikidata
character_details,identity:31,insert,wikidata
external_ids,character:31:comic_vine,insert,wikidata
external_ids,character:31:commons_category,insert,wikidata
external_ids,character:31:fandom_article,insert,wikidata
external_ids,character:31:freebase,insert,wikidata
external_ids,character:31:wikidata,insert,wikidata
character_details,identity:32,insert,wikidata
external_ids,character:32:fandom_article,insert,wikidata
external_ids,character:32:freebase,insert,wikidata
external_ids,character:32:wikidata,insert,wikidata
character_details,identity:33,insert,wikidata
external_ids,character:33:comic_vine,insert,wikidata
external_ids,character:33:commons_category,insert,wikidata
external_ids,character:33:fandom_article,insert,wikidata
external_ids,character:33:freebase,insert,wikidata
external_ids,character:33:wikidata,insert,wikidata
character_details,identity:34,insert,wikidata
external_ids,character:34:comic_vine,insert,wikidata
external_ids,character:34:freebase,insert,wikidata
external_ids,character:34:wikidata,insert,wikidata
character_details,identity:35,insert,wikidata
external_ids,character:35:comic_vine,insert,wikidata
external_ids,character:35:commons_category,insert,wikidata
external_ids,character:35:freebase,insert,wikidata
external_ids,character:35:wikidata,insert,wikidata
character_details,identity:36,insert,wikidata
external_ids,character:36:comic_vine,insert,wikidata
external_ids,character:36:commons_category,insert,wikidata
external_ids,character:36:fandom_article,insert,wikidata
external_ids,character:36:freebase,insert,wikidata
external_ids,character:36:wikidata,insert,wikidata
character_details,identity:37,insert,wikidata
external_ids,character:37:comic_vine,insert,wikidata
external_ids,character:37:fandom_article,insert,wikidata
external_ids,character:37:wikidata,insert,wikidata
character_details,identity:38,insert,wikidata
characters,349:first_comic_title,fill,wikidata
external_ids,character:38:comic_vine,insert,wikidata
external_ids,character:38:fandom_article,insert,wikidata
external_ids,character:38:wikidata,insert,wikidata
character_details,identity:4,insert,wikidata
external_ids,character:4:comic_vine,insert,wikidata
external_ids,character:4:fandom_article,insert,wikidata
external_ids,character:4:freebase,insert,wikidata
external_ids,character:4:wikidata,insert,wikidata
character_details,identity:40,insert,wikidata
character_identities,40:first_comic_title,fill,wikidata
character_identities,40:first_comic_year,fill,wikidata
characters,11:first_comic_title,fill,wikidata
characters,11:first_comic_year,fill,wikidata
characters,168:first_comic_title,fill,wikidata
characters,168:first_comic_year,fill,wikidata
external_ids,character:40:britannica,insert,wikidata
external_ids,character:40:comic_vine,insert,wikidata
external_ids,character:40:commons_category,insert,wikidata
external_ids,character:40:fandom_article,insert,wikidata
external_ids,character:40:freebase,insert,wikidata
external_ids,character:40:wikidata,insert,wikidata
character_details,identity:42,insert,wikidata
characters,398:first_comic_title,fill,wikidata
characters,398:first_comic_year,fill,wikidata
external_ids,character:42:comic_vine,insert,wikidata
external_ids,character:42:fandom_article,insert,wikidata
external_ids,character:42:freebase,insert,wikidata
external_ids,character:42:wikidata,insert,wikidata
character_details,identity:43,insert,wikidata
external_ids,character:43:comic_vine,insert,wikidata
external_ids,character:43:freebase,insert,wikidata
external_ids,character:43:wikidata,insert,wikidata
character_details,identity:44,insert,wikidata
characters,284:first_comic_title,fill,wikidata
characters,284:first_comic_year,fill,wikidata
external_ids,character:44:comic_vine,insert,wikidata
external_ids,character:44:fandom_article,insert,wikidata
external_ids,character:44:freebase,insert,wikidata
external_ids,character:44:wikidata,insert,wikidata
character_details,identity:45,insert,wikidata
characters,229:first_comic_title,fill,wikidata
characters,229:first_comic_year,fill,wikidata
characters,317:first_comic_title,fill,wikidata
characters,317:first_comic_year,fill,wikidata
external_ids,character:45:comic_vine,insert,wikidata
external_ids,character:45:commons_category,insert,wikidata
external_ids,character:45:fandom_article,insert,wikidata
external_ids,character:45:freebase,insert,wikidata
external_ids,character:45:wikidata,insert,wikidata
character_details,identity:46,insert,wikidata
external_ids,character:46:britannica,insert,wikidata
external_ids,character:46:comic_vine,insert,wikidata
external_ids,character:46:commons_category,insert,wikidata
external_ids,character:46:fandom_article,insert,wikidata
external_ids,character:46:freebase,insert,wikidata
external_ids,character:46:tv_tropes,insert,wikidata
external_ids,character:46:wikidata,insert,wikidata
character_details,identity:47,insert,wikidata
external_ids,character:47:wikidata,insert,wikidata
character_details,identity:48,insert,wikidata
external_ids,character:48:freebase,insert,wikidata
external_ids,character:48:wikidata,insert,wikidata
character_details,identity:49,insert,wikidata
external_ids,character:49:comic_vine,insert,wikidata
external_ids,character:49:commons_category,insert,wikidata
external_ids,character:49:fandom_article,insert,wikidata
external_ids,character:49:freebase,insert,wikidata
external_ids,character:49:wikidata,insert,wikidata
character_details,identity:5,insert,wikidata
characters,210:first_comic_title,fill,wikidata
characters,210:first_comic_year,fill,wikidata
characters,363:first_comic_title,fill,wikidata
characters,363:first_comic_year,fill,wikidata
external_ids,character:5:britannica,insert,wikidata
external_ids,character:5:comic_vine,insert,wikidata
external_ids,character:5:fandom_article,insert,wikidata
external_ids,character:5:freebase,insert,wikidata
external_ids,character:5:wikidata,insert,wikidata
character_details,identity:53,insert,wikidata
external_ids,character:53:comic_vine,insert,wikidata
external_ids,character:53:fandom_article,insert,wikidata
external_ids,character:53:freebase,insert,wikidata
external_ids,character:53:wikidata,insert,wikidata
character_details,identity:56,insert,wikidata
external_ids,character:56:freebase,insert,wikidata
external_ids,character:56:wikidata,insert,wikidata
character_details,identity:57,insert,wikidata
external_ids,character:57:comic_vine,insert,wikidata
external_ids,character:57:freebase,insert,wikidata
external_ids,character:57:wikidata,insert,wikidata
character_details,identity:58,insert,wikidata
external_ids,character:58:comic_vine,insert,wikidata
external_ids,character:58:commons_category,insert,wikidata
external_ids,character:58:freebase,insert,wikidata
external_ids,character:58:wikidata,insert,wikidata
character_details,identity:59,insert,wikidata
external_ids,character:59:comic_vine,insert,wikidata
external_ids,character:59:commons_category,insert,wikidata
external_ids,character:59:freebase,insert,wikidata
external_ids,character:59:wikidata,insert,wikidata
character_details,identity:6,insert,wikidata
external_ids,character:6:comic_vine,insert,wikidata
external_ids,character:6:commons_category,insert,wikidata
external_ids,character:6:freebase,insert,wikidata
external_ids,character:6:wikidata,insert,wikidata
character_details,identity:60,insert,wikidata
external_ids,character:60:comic_vine,insert,wikidata
external_ids,character:60:freebase,insert,wikidata
external_ids,character:60:wikidata,insert,wikidata
character_details,identity:63,insert,wikidata
external_ids,character:63:comic_vine,insert,wikidata
external_ids,character:63:fandom_article,insert,wikidata
external_ids,character:63:freebase,insert,wikidata
external_ids,character:63:wikidata,insert,wikidata
character_details,identity:64,insert,wikidata
external_ids,character:64:comic_vine,insert,wikidata
external_ids,character:64:commons_category,insert,wikidata
external_ids,character:64:fandom_article,insert,wikidata
external_ids,character:64:freebase,insert,wikidata
external_ids,character:64:wikidata,insert,wikidata
character_details,identity:65,insert,wikidata
external_ids,character:65:freebase,insert,wikidata
external_ids,character:65:wikidata,insert,wikidata
character_details,identity:66,insert,wikidata
external_ids,character:66:comic_vine,insert,wikidata
external_ids,character:66:fandom_article,insert,wikidata
external_ids,character:66:wikidata,insert,wikidata
character_details,identity:67,insert,wikidata
external_ids,character:67:comic_vine,insert,wikidata
external_ids,character:67:fandom_article,insert,wikidata
external_ids,character:67:freebase,insert,wikidata
external_ids,character:67:wikidata,insert,wikidata
character_details,identity:68,insert,wikidata
external_ids,character:68:comic_vine,insert,wikidata
external_ids,character:68:fandom_article,insert,wikidata
external_ids,character:68:freebase,insert,wikidata
external_ids,character:68:wikidata,insert,wikidata
character_details,identity:69,insert,wikidata
external_ids,character:69:britannica,insert,wikidata
external_ids,character:69:comic_vine,insert,wikidata
external_ids,character:69:commons_category,insert,wikidata
external_ids,character:69:fandom_article,insert,wikidata
external_ids,character:69:freebase,insert,wikidata
external_ids,character:69:wikidata,insert,wikidata
character_details,identity:7,insert,wikidata
characters,344:first_comic_title,fill,wikidata
characters,344:first_comic_year,fill,wikidata
external_ids,character:7:comic_vine,insert,wikidata
external_ids,character:7:fandom_article,insert,wikidata
external_ids,character:7:freebase,insert,wikidata
external_ids,character:7:wikidata,insert,wikidata
character_details,identity:70,insert,wikidata
external_ids,character:70:comic_vine,insert,wikidata
external_ids,character:70:commons_category,insert,wikidata
external_ids,character:70:fandom_article,insert,wikidata
external_ids,character:70:freebase,insert,wikidata
external_ids,character:70:wikidata,insert,wikidata
character_details,identity:71,insert,wikidata
external_ids,character:71:comic_vine,insert,wikidata
external_ids,character:71:commons_category,insert,wikidata
external_ids,character:71:fandom_article,insert,wikidata
external_ids,character:71:freebase,insert,wikidata
external_ids,character:71:wikidata,insert,wikidata
character_details,identity:72,insert,wikidata
character_identities,72:first_comic_title,fill,wikidata
character_identities,72:first_comic_year,fill,wikidata
characters,298:first_comic_title,fill,wikidata
characters,298:first_comic_year,fill,wikidata
external_ids,character:72:comic_vine,insert,wikidata
external_ids,character:72:fandom_article,insert,wikidata
external_ids,character:72:freebase,insert,wikidata
external_ids,character:72:wikidata,insert,wikidata
character_details,identity:74,insert,wikidata
character_identities,74:first_comic_title,fill,wikidata
character_identities,74:first_comic_year,fill,wikidata
characters,82:first_comic_title,fill,wikidata
characters,82:first_comic_year,fill,wikidata
external_ids,character:74:fandom_article,insert,wikidata
external_ids,character:74:wikidata,insert,wikidata
character_details,identity:77,insert,wikidata
external_ids,character:77:comic_vine,insert,wikidata
external_ids,character:77:fandom_article,insert,wikidata
external_ids,character:77:freebase,insert,wikidata
external_ids,character:77:wikidata,insert,wikidata
character_details,identity:78,insert,wikidata
character_identities,78:first_comic_title,fill,wikidata
character_identities,78:first_comic_year,fill,wikidata
characters,342:first_comic_title,fill,wikidata
characters,342:first_comic_year,fill,wikidata
external_ids,character:78:comic_vine,insert,wikidata
external_ids,character:78:fandom_article,insert,wikidata
external_ids,character:78:freebase,insert,wikidata
external_ids,character:78:wikidata,insert,wikidata
character_details,identity:79,insert,wikidata
external_ids,character:79:comic_vine,insert,wikidata
external_ids,character:79:commons_category,insert,wikidata
external_ids,character:79:freebase,insert,wikidata
external_ids,character:79:wikidata,insert,wikidata
character_details,identity:8,insert,wikidata
external_ids,character:8:britannica,insert,wikidata
external_ids,character:8:comic_vine,insert,wikidata
external_ids,character:8:commons_category,insert,wikidata
external_ids,character:8:fandom_article,insert,wikidata
external_ids,character:8:freebase,insert,wikidata
external_ids,character:8:wikidata,insert,wikidata
character_details,identity:80,insert,wikidata
external_ids,character:80:fandom_article,insert,wikidata
external_ids,character:80:freebase,insert,wikidata
external_ids,character:80:wikidata,insert,wikidata
character_details,identity:82,insert,wikidata
external_ids,character:82:comic_vine,insert,wikidata
external_ids,character:82:freebase,insert,wikidata
external_ids,character:82:wikidata,insert,wikidata
character_details,identity:84,insert,wikidata
external_ids,character:84:comic_vine,insert,wikidata
external_ids,character:84:commons_category,insert,wikidata
external_ids,character:84:freebase,insert,wikidata
external_ids,character:84:wikidata,insert,wikidata
character_details,identity:87,insert,wikidata
character_identities,87:first_comic_title,fill,wikidata
character_identities,87:first_comic_year,fill,wikidata
characters,239:first_comic_title,fill,wikidata
characters,239:first_comic_year,fill,wikidata
external_ids,character:87:comic_vine,insert,wikidata
external_ids,character:87:commons_category,insert,wikidata
external_ids,character:87:fandom_article,insert,wikidata
external_ids,character:87:freebase,insert,wikidata
external_ids,character:87:wikidata,insert,wikidata
character_details,identity:9,insert,wikidata
characters,211:first_comic_title,fill,wikidata
characters,211:first_comic_year,fill,wikidata
characters,367:first_comic_title,fill,wikidata
characters,367:first_comic_year,fill,wikidata
external_ids,character:9:britannica,insert,wikidata
external_ids,character:9:comic_vine,insert,wikidata
external_ids,character:9:commons_category,insert,wikidata
external_ids,character:9:fandom_article,insert,wikidata
external_ids,character:9:freebase,insert,wikidata
external_ids,character:9:wikidata,insert,wikidata
character_details,identity:91,insert,wikidata
external_ids,character:91:comic_vine,insert,wikidata
external_ids,character:91:commons_category,insert,wikidata
external_ids,character:91:fandom_article,insert,wikidata
external_ids,character:91:freebase,insert,wikidata
external_ids,character:91:wikidata,insert,wikidata
character_details,identity:92,insert,wikidata
external_ids,character:92:comic_vine,insert,wikidata
external_ids,character:92:freebase,insert,wikidata
external_ids,character:92:wikidata,insert,wikidata
character_details,identity:94,insert,wikidata
external_ids,character:94:comic_vine,insert,wikidata
external_ids,character:94:fandom_article,insert,wikidata
external_ids,character:94:freebase,insert,wikidata
external_ids,character:94:wikidata,insert,wikidata
character_details,identity:95,insert,wikidata
external_ids,character:95:fandom_article,insert,wikidata
external_ids,character:95:wikidata,insert,wikidata
character_details,identity:96,insert,wikidata
external_ids,character:96:comic_vine,insert,wikidata
external_ids,character:96:commons_category,insert,wikidata
external_ids,character:96:fandom_article,insert,wikidata
external_ids,character:96:freebase,insert,wikidata
external_ids,character:96:wikidata,insert,wikidata
character_details,identity:97,insert,wikidata
external_ids,character:97:comic_vine,insert,wikidata
external_ids,character:97:commons_category,insert,wikidata
external_ids,character:97:fandom_article,insert,wikidata
external_ids,character:97:freebase,insert,wikidata
external_ids,character:97:wikidata,insert,wikidata
episodes,28:s1e1,insert,wikipedia
episode_segments,28:s1e1:1,insert,wikipedia
episode_segments,28:s1e1:2,insert,wikipedia
episodes,28:s1e2,insert,wikipedia
episode_segments,28:s1e2:1,insert,wikipedia
episode_segments,28:s1e2:2,insert,wikipedia
episodes,28:s1e3,insert,wikipedia
episodes,28:s1e4,insert,wikipedia
episode_segments,28:s1e4:1,insert,wikipedia
episode_segments,28:s1e4:2,insert,wikipedia
episodes,28:s1e5,insert,wikipedia
episode_segments,28:s1e5:1,insert,wikipedia
episode_segments,28:s1e5:2,insert,wikipedia
episodes,28:s1e6,insert,wikipedia
episode_segments,28:s1e6:1,insert,wikipedia
episode_segments,28:s1e6:2,insert,wikipedia
episodes,28:s1e7,insert,wikipedia
episode_segments,28:s1e7:1,insert,wikipedia
episode_segments,28:s1e7:2,insert,wikipedia
episodes,28:s1e8,insert,wikipedia
episodes,28:s1e9,insert,wikipedia
episode_segments,28:s1e9:1,insert,wikipedia
episode_segments,28:s1e9:2,insert,wikipedia
episodes,28:s1e10,insert,wikipedia
episode_segments,28:s1e10:1,insert,wikipedia
episode_segments,28:s1e10:2,insert,wikipedia
episodes,28:s1e11,insert,wikipedia
episode_segments,28:s1e11:1,insert,wikipedia
episode_segments,28:s1e11:2,insert,wikipedia
episodes,28:s1e12,insert,wikipedia
episode_segments,28:s1e12:1,insert,wikipedia
episode_segments,28:s1e12:2,insert,wikipedia
episodes,28:s1e13,insert,wikipedia
episode_segments,28:s1e13:1,insert,wikipedia
episode_segments,28:s1e13:2,insert,wikipedia
episodes,28:s1e14,insert,wikipedia
episode_segments,28:s1e14:1,insert,wikipedia
episode_segments,28:s1e14:2,insert,wikipedia
episodes,28:s1e15,insert,wikipedia
episode_segments,28:s1e15:1,insert,wikipedia
episode_segments,28:s1e15:2,insert,wikipedia
episodes,28:s1e16,insert,wikipedia
episode_segments,28:s1e16:1,insert,wikipedia
episode_segments,28:s1e16:2,insert,wikipedia
episodes,28:s1e17,insert,wikipedia
episode_segments,28:s1e17:1,insert,wikipedia
episode_segments,28:s1e17:2,insert,wikipedia
episodes,28:s1e18,insert,wikipedia
episode_segments,28:s1e18:1,insert,wikipedia
episode_segments,28:s1e18:2,insert,wikipedia
episodes,28:s1e19,insert,wikipedia
episode_segments,28:s1e19:1,insert,wikipedia
episode_segments,28:s1e19:2,insert,wikipedia
episodes,28:s1e20,insert,wikipedia
episode_segments,28:s1e20:1,insert,wikipedia
episode_segments,28:s1e20:2,insert,wikipedia
episodes,28:s2e1,insert,wikipedia
episodes,28:s2e2,insert,wikipedia
episodes,28:s2e3,insert,wikipedia
episodes,28:s2e4,insert,wikipedia
episodes,28:s2e5,insert,wikipedia
episodes,28:s2e6,insert,wikipedia
episodes,28:s2e7,insert,wikipedia
episodes,28:s2e8,insert,wikipedia
episodes,28:s2e9,insert,wikipedia
episodes,28:s2e10,insert,wikipedia
episodes,28:s2e11,insert,wikipedia
episodes,28:s2e12,insert,wikipedia
episodes,28:s2e13,insert,wikipedia
episodes,28:s2e14,insert,wikipedia
episodes,28:s2e15,insert,wikipedia
episodes,28:s2e16,insert,wikipedia
episodes,28:s2e17,insert,wikipedia
episodes,28:s2e18,insert,wikipedia
episodes,28:s2e19,insert,wikipedia
episodes,28:s3e1,insert,wikipedia
episode_segments,28:s3e1:1,insert,wikipedia
episode_segments,28:s3e1:2,insert,wikipedia
episodes,28:s3e2,insert,wikipedia
episode_segments,28:s3e2:1,insert,wikipedia
episode_segments,28:s3e2:2,insert,wikipedia
episodes,28:s3e3,insert,wikipedia
episode_segments,28:s3e3:1,insert,wikipedia
episode_segments,28:s3e3:2,insert,wikipedia
episodes,28:s3e4,insert,wikipedia
episode_segments,28:s3e4:1,insert,wikipedia
episode_segments,28:s3e4:2,insert,wikipedia
episodes,28:s3e5,insert,wikipedia
episode_segments,28:s3e5:1,insert,wikipedia
episode_segments,28:s3e5:2,insert,wikipedia
episodes,28:s3e6,insert,wikipedia
episode_segments,28:s3e6:1,insert,wikipedia
episode_segments,28:s3e6:2,insert,wikipedia
episodes,28:s3e7,insert,wikipedia
episodes,28:s3e8,insert,wikipedia
episodes,28:s3e9,insert,wikipedia
episode_segments,28:s3e9:1,insert,wikipedia
episode_segments,28:s3e9:2,insert,wikipedia
episodes,28:s3e10,insert,wikipedia
episodes,28:s3e11,insert,wikipedia
episodes,28:s3e12,insert,wikipedia
episodes,28:s3e13,insert,wikipedia
episodes,24:sNonee1,insert,wikipedia
episodes,24:sNonee2,insert,wikipedia
episodes,24:sNonee3,insert,wikipedia
episodes,24:sNonee4,insert,wikipedia
episodes,24:sNonee5,insert,wikipedia
episodes,24:sNonee6,insert,wikipedia
episodes,24:sNonee7,insert,wikipedia
episodes,24:sNonee8,insert,wikipedia
episodes,24:sNonee9,insert,wikipedia
episodes,24:sNonee10,insert,wikipedia
episodes,24:sNonee11,insert,wikipedia
episodes,24:sNonee12,insert,wikipedia
episodes,24:sNonee13,insert,wikipedia
episodes,24:sNonee14,insert,wikipedia
episodes,24:sNonee15,insert,wikipedia
episodes,24:sNonee16,insert,wikipedia
episodes,24:sNonee17,insert,wikipedia
episodes,24:sNonee18,insert,wikipedia
episodes,24:sNonee19,insert,wikipedia
episodes,24:sNonee20,insert,wikipedia
episodes,24:sNonee21,insert,wikipedia
episodes,24:sNonee22,insert,wikipedia
episodes,24:sNonee23,insert,wikipedia
episodes,24:sNonee24,insert,wikipedia
episodes,24:sNonee25,insert,wikipedia
episodes,24:sNonee26,insert,wikipedia
episodes,24:sNonee27,insert,wikipedia
episodes,24:sNonee28,insert,wikipedia
episodes,26:sNonee1,insert,wikipedia
episodes,26:sNonee2,insert,wikipedia
episodes,26:sNonee3,insert,wikipedia
episodes,26:sNonee4,insert,wikipedia
episodes,26:sNonee5,insert,wikipedia
episodes,26:sNonee6,insert,wikipedia
episodes,26:sNonee7,insert,wikipedia
episodes,26:sNonee8,insert,wikipedia
episodes,26:sNonee9,insert,wikipedia
episodes,26:sNonee10,insert,wikipedia
episodes,26:sNonee11,insert,wikipedia
episodes,26:sNonee12,insert,wikipedia
episodes,26:sNonee13,insert,wikipedia
episodes,26:sNonee14,insert,wikipedia
episodes,26:sNonee15,insert,wikipedia
episodes,26:sNonee16,insert,wikipedia
episodes,26:sNonee17,insert,wikipedia
episodes,26:sNonee18,insert,wikipedia
episodes,26:sNonee19,insert,wikipedia
episodes,26:sNonee20,insert,wikipedia
episodes,26:sNonee21,insert,wikipedia
episodes,26:sNonee22,insert,wikipedia
episodes,26:sNonee23,insert,wikipedia
episodes,26:sNonee24,insert,wikipedia
episodes,26:sNonee25,insert,wikipedia
episodes,26:sNonee26,insert,wikipedia
episodes,26:sNonee27,insert,wikipedia
episodes,26:sNonee28,insert,wikipedia
episodes,26:sNonee29,insert,wikipedia
episodes,26:sNonee30,insert,wikipedia
episodes,26:sNonee31,insert,wikipedia
episodes,26:sNonee32,insert,wikipedia
episodes,26:sNonee33,insert,wikipedia
episodes,26:sNonee34,insert,wikipedia
episodes,26:sNonee35,insert,wikipedia
episodes,26:sNonee36,insert,wikipedia
episodes,26:sNonee37,insert,wikipedia
episodes,26:sNonee38,insert,wikipedia
episodes,26:sNonee39,insert,wikipedia
episodes,26:sNonee40,insert,wikipedia
episodes,26:sNonee41,insert,wikipedia
episodes,29:sNonee1,insert,wikipedia
episodes,29:sNonee2,insert,wikipedia
episodes,29:sNonee3,insert,wikipedia
episodes,29:sNonee4,insert,wikipedia
episodes,29:sNonee5,insert,wikipedia
episodes,29:sNonee6,insert,wikipedia
episodes,29:sNonee7,insert,wikipedia
episodes,29:sNonee8,insert,wikipedia
episodes,29:sNonee9,insert,wikipedia
episodes,29:sNonee10,insert,wikipedia
episodes,29:sNonee11,insert,wikipedia
episodes,29:sNonee12,insert,wikipedia
episodes,29:sNonee13,insert,wikipedia
episodes,29:sNonee14,insert,wikipedia
episodes,29:sNonee15,insert,wikipedia
episodes,29:sNonee16,insert,wikipedia
episodes,29:sNonee17,insert,wikipedia
episodes,29:sNonee18,insert,wikipedia
episodes,29:sNonee19,insert,wikipedia
episodes,29:sNonee20,insert,wikipedia
episodes,29:sNonee21,insert,wikipedia
episodes,29:sNonee22,insert,wikipedia
episodes,29:sNonee23,insert,wikipedia
episodes,29:sNonee24,insert,wikipedia
episodes,29:sNonee25,insert,wikipedia
episodes,29:sNonee26,insert,wikipedia
episodes,30:s1e1,insert,wikipedia
episodes,30:s1e2,insert,wikipedia
episodes,30:s1e3,insert,wikipedia
episodes,30:s1e4,insert,wikipedia
episodes,30:s1e5,insert,wikipedia
episodes,30:s1e6,insert,wikipedia
episodes,30:s1e7,insert,wikipedia
episodes,30:s1e8,insert,wikipedia
episodes,30:s1e9,insert,wikipedia
episodes,30:s1e10,insert,wikipedia
episodes,30:s1e11,insert,wikipedia
episodes,30:s1e12,insert,wikipedia
episodes,30:s1e13,insert,wikipedia
episodes,30:s2e1,insert,wikipedia
episodes,30:s2e2,insert,wikipedia
episodes,30:s2e3,insert,wikipedia
episodes,30:s3e1,insert,wikipedia
episodes,30:s3e2,insert,wikipedia
episodes,30:s3e3,insert,wikipedia
episodes,30:s3e4,insert,wikipedia
episodes,30:s3e5,insert,wikipedia
episodes,30:s3e6,insert,wikipedia
episodes,30:s3e7,insert,wikipedia
episodes,30:s3e8,insert,wikipedia
episodes,31:s1e1,insert,wikipedia
episodes,31:s1e2,insert,wikipedia
episodes,31:s1e3,insert,wikipedia
episodes,31:s1e4,insert,wikipedia
episodes,31:s1e5,insert,wikipedia
episodes,31:s1e6,insert,wikipedia
episodes,31:s1e7,insert,wikipedia
episodes,31:s1e8,insert,wikipedia
episodes,31:s1e9,insert,wikipedia
episodes,31:s1e10,insert,wikipedia
episodes,31:s1e11,insert,wikipedia
episodes,31:s1e12,insert,wikipedia
episodes,31:s1e13,insert,wikipedia
episodes,31:s2e1,insert,wikipedia
episodes,31:s2e2,insert,wikipedia
episodes,31:s2e3,insert,wikipedia
episodes,31:s2e4,insert,wikipedia
episodes,31:s2e5,insert,wikipedia
episodes,31:s2e6,insert,wikipedia
episodes,31:s2e7,insert,wikipedia
episodes,31:s2e8,insert,wikipedia
episodes,31:s2e9,insert,wikipedia
episodes,31:s2e10,insert,wikipedia
episodes,31:s2e11,insert,wikipedia
episodes,31:s2e12,insert,wikipedia
episodes,31:s2e13,insert,wikipedia
episodes,31:s2e14,insert,wikipedia
episodes,31:s3e1,insert,wikipedia
episodes,31:s3e2,insert,wikipedia
episodes,31:s3e3,insert,wikipedia
episodes,31:s3e4,insert,wikipedia
episodes,31:s3e5,insert,wikipedia
episodes,31:s3e6,insert,wikipedia
episodes,31:s3e7,insert,wikipedia
episodes,31:s3e8,insert,wikipedia
episodes,31:s3e9,insert,wikipedia
episodes,31:s3e10,insert,wikipedia
episodes,31:s3e11,insert,wikipedia
episodes,31:s3e12,insert,wikipedia
episodes,31:s3e13,insert,wikipedia
episodes,31:s3e14,insert,wikipedia
episodes,31:s4e1,insert,wikipedia
episodes,31:s4e2,insert,wikipedia
episodes,31:s4e3,insert,wikipedia
episodes,31:s4e4,insert,wikipedia
episodes,31:s4e5,insert,wikipedia
episodes,31:s4e6,insert,wikipedia
episodes,31:s4e7,insert,wikipedia
episodes,31:s4e8,insert,wikipedia
episodes,31:s4e9,insert,wikipedia
episodes,31:s4e10,insert,wikipedia
episodes,31:s4e11,insert,wikipedia
episodes,31:s5e1,insert,wikipedia
episodes,31:s5e2,insert,wikipedia
episodes,31:s5e3,insert,wikipedia
episodes,31:s5e4,insert,wikipedia
episodes,31:s5e5,insert,wikipedia
episodes,31:s5e6,insert,wikipedia
episodes,31:s5e7,insert,wikipedia
episodes,31:s5e8,insert,wikipedia
episodes,31:s5e9,insert,wikipedia
episodes,31:s5e10,insert,wikipedia
episodes,31:s5e11,insert,wikipedia
episodes,31:s5e12,insert,wikipedia
episodes,31:s5e13,insert,wikipedia
episodes,34:s1e1,insert,wikipedia
episodes,34:s1e2,insert,wikipedia
episodes,34:s1e3,insert,wikipedia
episodes,34:s1e4,insert,wikipedia
episodes,34:s1e5,insert,wikipedia
episodes,34:s1e6,insert,wikipedia
episodes,34:s1e7,insert,wikipedia
episodes,34:s1e8,insert,wikipedia
episodes,34:s1e9,insert,wikipedia
episodes,34:s1e10,insert,wikipedia
episodes,34:s1e11,insert,wikipedia
episodes,34:s1e12,insert,wikipedia
episodes,34:s1e13,insert,wikipedia
episodes,34:s2e1,insert,wikipedia
episodes,34:s2e2,insert,wikipedia
episodes,34:s2e3,insert,wikipedia
episodes,34:s2e4,insert,wikipedia
episodes,34:s2e5,insert,wikipedia
episodes,34:s2e6,insert,wikipedia
episodes,34:s2e7,insert,wikipedia
episodes,34:s2e8,insert,wikipedia
episodes,34:s2e9,insert,wikipedia
episodes,34:s2e10,insert,wikipedia
episodes,34:s2e11,insert,wikipedia
episodes,34:s2e12,insert,wikipedia
episodes,34:s2e13,insert,wikipedia
episodes,35:s1e1,insert,wikipedia
episodes,35:s1e2,insert,wikipedia
episodes,35:s1e3,insert,wikipedia
episodes,35:s1e4,insert,wikipedia
episodes,35:s1e5,insert,wikipedia
episodes,35:s1e6,insert,wikipedia
episodes,35:s1e7,insert,wikipedia
episodes,35:s1e8,insert,wikipedia
episodes,35:s1e9,insert,wikipedia
episodes,35:s1e10,insert,wikipedia
episodes,35:s1e11,insert,wikipedia
episodes,35:s1e12,insert,wikipedia
episodes,35:s1e13,insert,wikipedia
episodes,35:s1e14,insert,wikipedia
episodes,35:s1e15,insert,wikipedia
episodes,35:s1e16,insert,wikipedia
episodes,35:s1e17,insert,wikipedia
episodes,35:s1e18,insert,wikipedia
episodes,35:s1e19,insert,wikipedia
episodes,35:s1e20,insert,wikipedia
episodes,35:s1e21,insert,wikipedia
episodes,35:s1e22,insert,wikipedia
episodes,35:s1e23,insert,wikipedia
episodes,35:s1e24,insert,wikipedia
episodes,35:s1e25,insert,wikipedia
episodes,35:s1e26,insert,wikipedia
episodes,35:s2e1,insert,wikipedia
episodes,35:s2e2,insert,wikipedia
episodes,35:s2e3,insert,wikipedia
episodes,35:s2e4,insert,wikipedia
episodes,35:s2e5,insert,wikipedia
episodes,35:s2e6,insert,wikipedia
episodes,35:s2e7,insert,wikipedia
episodes,35:s2e8,insert,wikipedia
episodes,35:s2e9,insert,wikipedia
episodes,35:s2e10,insert,wikipedia
episodes,35:s2e11,insert,wikipedia
episodes,35:s2e12,insert,wikipedia
episodes,35:s2e13,insert,wikipedia
episodes,35:s2e14,insert,wikipedia
episodes,35:s2e15,insert,wikipedia
episodes,35:s2e16,insert,wikipedia
episodes,35:s2e17,insert,wikipedia
episodes,35:s2e18,insert,wikipedia
episodes,35:s2e19,insert,wikipedia
episodes,35:s2e20,insert,wikipedia
episodes,35:s2e21,insert,wikipedia
episodes,35:s2e22,insert,wikipedia
episodes,35:s2e23,insert,wikipedia
episodes,35:s2e24,insert,wikipedia
episodes,35:s2e25,insert,wikipedia
episodes,35:s2e26,insert,wikipedia
episodes,35:s3e3,insert,wikipedia
episodes,35:s3e4,insert,wikipedia
episodes,35:s3e5,insert,wikipedia
episodes,35:s3e6,insert,wikipedia
episodes,35:s3e7,insert,wikipedia
episodes,35:s3e8,insert,wikipedia
episodes,35:s3e12,insert,wikipedia
episodes,35:s3e13,insert,wikipedia
episodes,35:s3e14,insert,wikipedia
episodes,35:s3e15,insert,wikipedia
episodes,35:s3e16,insert,wikipedia
episodes,35:s3e17,insert,wikipedia
episodes,35:s3e18,insert,wikipedia
episodes,35:s3e19,insert,wikipedia
episodes,35:s3e20,insert,wikipedia
episodes,35:s3e21,insert,wikipedia
episodes,35:s3e22,insert,wikipedia
episodes,35:s3e9101112,insert,wikipedia
episodes,35:s3e23242526,insert,wikipedia
episodes,35:s4e3,insert,wikipedia
episodes,35:s4e4,insert,wikipedia
episodes,35:s4e5,insert,wikipedia
episodes,35:s4e6,insert,wikipedia
episodes,35:s4e7,insert,wikipedia
episodes,35:s4e8,insert,wikipedia
episodes,35:s4e9,insert,wikipedia
episodes,35:s4e12,insert,wikipedia
episode_segments,35:s4e12:1,insert,wikipedia
episode_segments,35:s4e12:2,insert,wikipedia
episodes,35:s4e20,insert,wikipedia
episodes,35:s4e24,insert,wikipedia
episodes,35:s4e1011,insert,wikipedia
episodes,35:s4e2526,insert,wikipedia
episodes,35:s4e131415,insert,wikipedia
episodes,35:s4e212223,insert,wikipedia
episodes,35:s4e16171819,insert,wikipedia
episodes,36:s1e1,insert,wikipedia
episodes,36:s1e2,insert,wikipedia
episodes,36:s1e3,insert,wikipedia
episodes,36:s1e4,insert,wikipedia
episodes,36:s1e5,insert,wikipedia
episodes,36:s1e6,insert,wikipedia
episodes,36:s1e7,insert,wikipedia
episodes,36:s1e8,insert,wikipedia
episodes,36:s1e9,insert,wikipedia
episodes,36:s1e10,insert,wikipedia
episodes,36:s1e11,insert,wikipedia
episodes,36:s1e12,insert,wikipedia
episodes,36:s1e13,insert,wikipedia
episodes,36:s1e14,insert,wikipedia
episodes,36:s1e15,insert,wikipedia
episodes,36:s1e16,insert,wikipedia
episodes,36:s1e17,insert,wikipedia
episodes,36:s1e18,insert,wikipedia
episodes,36:s1e19,insert,wikipedia
episodes,36:s1e20,insert,wikipedia
episodes,36:s1e21,insert,wikipedia
episodes,36:s1e22,insert,wikipedia
episodes,36:s1e23,insert,wikipedia
episodes,36:s1e24,insert,wikipedia
episodes,36:s1e25,insert,wikipedia
episodes,36:s1e26,insert,wikipedia
episodes,36:s2e1,insert,wikipedia
episodes,36:s2e2,insert,wikipedia
episodes,36:s2e3,insert,wikipedia
episodes,36:s2e4,insert,wikipedia
episodes,36:s2e5,insert,wikipedia
episodes,36:s2e6,insert,wikipedia
episodes,36:s2e7,insert,wikipedia
episodes,36:s2e8,insert,wikipedia
episodes,36:s2e9,insert,wikipedia
episodes,36:s2e10,insert,wikipedia
episodes,36:s2e11,insert,wikipedia
episodes,36:s2e12,insert,wikipedia
episodes,36:s2e13,insert,wikipedia
episodes,36:s2e14,insert,wikipedia
episodes,36:s2e15,insert,wikipedia
episodes,36:s2e16,insert,wikipedia
episodes,36:s2e17,insert,wikipedia
episodes,36:s2e18,insert,wikipedia
episodes,36:s2e19,insert,wikipedia
episodes,36:s2e20,insert,wikipedia
episodes,36:s2e21,insert,wikipedia
episodes,36:s2e22,insert,wikipedia
episodes,36:s2e23,insert,wikipedia
episodes,36:s2e24,insert,wikipedia
episodes,36:s2e25,insert,wikipedia
episodes,36:s2e26,insert,wikipedia
episodes,36:s3e1,insert,wikipedia
episodes,36:s3e2,insert,wikipedia
episodes,36:s3e3,insert,wikipedia
episodes,36:s3e4,insert,wikipedia
episodes,36:s3e5,insert,wikipedia
episodes,36:s3e6,insert,wikipedia
episodes,37:s1e1,insert,wikipedia
episode_segments,37:s1e1:1,insert,wikipedia
episode_segments,37:s1e1:2,insert,wikipedia
episode_segments,37:s1e1:3,insert,wikipedia
episodes,37:s1e2,insert,wikipedia
episode_segments,37:s1e2:1,insert,wikipedia
episode_segments,37:s1e2:2,insert,wikipedia
episode_segments,37:s1e2:3,insert,wikipedia
episodes,37:s1e3,insert,wikipedia
episode_segments,37:s1e3:1,insert,wikipedia
episode_segments,37:s1e3:2,insert,wikipedia
episode_segments,37:s1e3:3,insert,wikipedia
episodes,37:s1e4,insert,wikipedia
episode_segments,37:s1e4:1,insert,wikipedia
episode_segments,37:s1e4:2,insert,wikipedia
episode_segments,37:s1e4:3,insert,wikipedia
episodes,37:s1e5,insert,wikipedia
episode_segments,37:s1e5:1,insert,wikipedia
episode_segments,37:s1e5:2,insert,wikipedia
episode_segments,37:s1e5:3,insert,wikipedia
episodes,37:s1e6,insert,wikipedia
episode_segments,37:s1e6:1,insert,wikipedia
episode_segments,37:s1e6:2,insert,wikipedia
episode_segments,37:s1e6:3,insert,wikipedia
episodes,37:s1e7,insert,wikipedia
episode_segments,37:s1e7:1,insert,wikipedia
episode_segments,37:s1e7:2,insert,wikipedia
episode_segments,37:s1e7:3,insert,wikipedia
episodes,37:s1e8,insert,wikipedia
episode_segments,37:s1e8:1,insert,wikipedia
episode_segments,37:s1e8:2,insert,wikipedia
episode_segments,37:s1e8:3,insert,wikipedia
episodes,37:s1e9,insert,wikipedia
episode_segments,37:s1e9:1,insert,wikipedia
episode_segments,37:s1e9:2,insert,wikipedia
episode_segments,37:s1e9:3,insert,wikipedia
episodes,37:s1e10,insert,wikipedia
episode_segments,37:s1e10:1,insert,wikipedia
episode_segments,37:s1e10:2,insert,wikipedia
episode_segments,37:s1e10:3,insert,wikipedia
episodes,37:s1e11,insert,wikipedia
episode_segments,37:s1e11:1,insert,wikipedia
episode_segments,37:s1e11:2,insert,wikipedia
episode_segments,37:s1e11:3,insert,wikipedia
episodes,37:s1e12,insert,wikipedia
episode_segments,37:s1e12:1,insert,wikipedia
episode_segments,37:s1e12:2,insert,wikipedia
episodes,37:s1e13,insert,wikipedia
episode_segments,37:s1e13:1,insert,wikipedia
episode_segments,37:s1e13:2,insert,wikipedia
episodes,37:s1e14,insert,wikipedia
episode_segments,37:s1e14:1,insert,wikipedia
episode_segments,37:s1e14:2,insert,wikipedia
episodes,37:s1e15,insert,wikipedia
episode_segments,37:s1e15:1,insert,wikipedia
episode_segments,37:s1e15:2,insert,wikipedia
episodes,37:s1e16,insert,wikipedia
episode_segments,37:s1e16:1,insert,wikipedia
episode_segments,37:s1e16:2,insert,wikipedia
episodes,37:s1e17,insert,wikipedia
episode_segments,37:s1e17:1,insert,wikipedia
episode_segments,37:s1e17:2,insert,wikipedia
episodes,37:s1e18,insert,wikipedia
episode_segments,37:s1e18:1,insert,wikipedia
episode_segments,37:s1e18:2,insert,wikipedia
episodes,37:s1e19,insert,wikipedia
episode_segments,37:s1e19:1,insert,wikipedia
episode_segments,37:s1e19:2,insert,wikipedia
episodes,37:s1e20,insert,wikipedia
episode_segments,37:s1e20:1,insert,wikipedia
episode_segments,37:s1e20:2,insert,wikipedia
episodes,37:s1e21,insert,wikipedia
episode_segments,37:s1e21:1,insert,wikipedia
episode_segments,37:s1e21:2,insert,wikipedia
episodes,37:s1e22,insert,wikipedia
episode_segments,37:s1e22:1,insert,wikipedia
episode_segments,37:s1e22:2,insert,wikipedia
episodes,37:s1e23,insert,wikipedia
episode_segments,37:s1e23:1,insert,wikipedia
episode_segments,37:s1e23:2,insert,wikipedia
episodes,37:s1e24,insert,wikipedia
episode_segments,37:s1e24:1,insert,wikipedia
episode_segments,37:s1e24:2,insert,wikipedia
episodes,37:s1e25,insert,wikipedia
episode_segments,37:s1e25:1,insert,wikipedia
episode_segments,37:s1e25:2,insert,wikipedia
episodes,37:s2e1,insert,wikipedia
episode_segments,37:s2e1:1,insert,wikipedia
episode_segments,37:s2e1:2,insert,wikipedia
episode_segments,37:s2e1:3,insert,wikipedia
episodes,37:s2e2,insert,wikipedia
episode_segments,37:s2e2:1,insert,wikipedia
episode_segments,37:s2e2:2,insert,wikipedia
episode_segments,37:s2e2:3,insert,wikipedia
episodes,37:s2e3,insert,wikipedia
episode_segments,37:s2e3:1,insert,wikipedia
episode_segments,37:s2e3:2,insert,wikipedia
episode_segments,37:s2e3:3,insert,wikipedia
episodes,37:s2e4,insert,wikipedia
episode_segments,37:s2e4:1,insert,wikipedia
episode_segments,37:s2e4:2,insert,wikipedia
episode_segments,37:s2e4:3,insert,wikipedia
episodes,37:s2e5,insert,wikipedia
episode_segments,37:s2e5:1,insert,wikipedia
episode_segments,37:s2e5:2,insert,wikipedia
episode_segments,37:s2e5:3,insert,wikipedia
episodes,37:s2e6,insert,wikipedia
episode_segments,37:s2e6:1,insert,wikipedia
episode_segments,37:s2e6:2,insert,wikipedia
episode_segments,37:s2e6:3,insert,wikipedia
episodes,37:s2e7,insert,wikipedia
episode_segments,37:s2e7:1,insert,wikipedia
episode_segments,37:s2e7:2,insert,wikipedia
episode_segments,37:s2e7:3,insert,wikipedia
episodes,37:s2e8,insert,wikipedia
episode_segments,37:s2e8:1,insert,wikipedia
episode_segments,37:s2e8:2,insert,wikipedia
episode_segments,37:s2e8:3,insert,wikipedia
episodes,37:s2e9,insert,wikipedia
episode_segments,37:s2e9:1,insert,wikipedia
episode_segments,37:s2e9:2,insert,wikipedia
episode_segments,37:s2e9:3,insert,wikipedia
episodes,37:s2e10,insert,wikipedia
episode_segments,37:s2e10:1,insert,wikipedia
episode_segments,37:s2e10:2,insert,wikipedia
episode_segments,37:s2e10:3,insert,wikipedia
episodes,37:s2e11,insert,wikipedia
episode_segments,37:s2e11:1,insert,wikipedia
episode_segments,37:s2e11:2,insert,wikipedia
episodes,37:s2e12,insert,wikipedia
episode_segments,37:s2e12:1,insert,wikipedia
episode_segments,37:s2e12:2,insert,wikipedia
episodes,37:s2e13,insert,wikipedia
episode_segments,37:s2e13:1,insert,wikipedia
episode_segments,37:s2e13:2,insert,wikipedia
episodes,37:s2e14,insert,wikipedia
episode_segments,37:s2e14:1,insert,wikipedia
episode_segments,37:s2e14:2,insert,wikipedia
episodes,37:s2e15,insert,wikipedia
episode_segments,37:s2e15:1,insert,wikipedia
episode_segments,37:s2e15:2,insert,wikipedia
episodes,37:s2e16,insert,wikipedia
episode_segments,37:s2e16:1,insert,wikipedia
episode_segments,37:s2e16:2,insert,wikipedia
episodes,37:s2e17,insert,wikipedia
episode_segments,37:s2e17:1,insert,wikipedia
episode_segments,37:s2e17:2,insert,wikipedia
episodes,37:s2e18,insert,wikipedia
episode_segments,37:s2e18:1,insert,wikipedia
episode_segments,37:s2e18:2,insert,wikipedia
episodes,37:s2e19,insert,wikipedia
episode_segments,37:s2e19:1,insert,wikipedia
episode_segments,37:s2e19:2,insert,wikipedia
episodes,37:s2e20,insert,wikipedia
episode_segments,37:s2e20:1,insert,wikipedia
episode_segments,37:s2e20:2,insert,wikipedia
episodes,37:s2e21,insert,wikipedia
episode_segments,37:s2e21:1,insert,wikipedia
episode_segments,37:s2e21:2,insert,wikipedia
episodes,37:s2e22,insert,wikipedia
episode_segments,37:s2e22:1,insert,wikipedia
episode_segments,37:s2e22:2,insert,wikipedia
episodes,37:s2e23,insert,wikipedia
episode_segments,37:s2e23:1,insert,wikipedia
episode_segments,37:s2e23:2,insert,wikipedia
episodes,37:s2e24,insert,wikipedia
episode_segments,37:s2e24:1,insert,wikipedia
episode_segments,37:s2e24:2,insert,wikipedia
episodes,37:s2e25,insert,wikipedia
episode_segments,37:s2e25:1,insert,wikipedia
episode_segments,37:s2e25:2,insert,wikipedia
episodes,37:s2e26,insert,wikipedia
episode_segments,37:s2e26:1,insert,wikipedia
episode_segments,37:s2e26:2,insert,wikipedia
episodes,37:s2e27,insert,wikipedia
episode_segments,37:s2e27:1,insert,wikipedia
episode_segments,37:s2e27:2,insert,wikipedia
episodes,37:s2e28,insert,wikipedia
episode_segments,37:s2e28:1,insert,wikipedia
episode_segments,37:s2e28:2,insert,wikipedia
episodes,37:s2e29,insert,wikipedia
episode_segments,37:s2e29:1,insert,wikipedia
episode_segments,37:s2e29:2,insert,wikipedia
episodes,37:s3e1,insert,wikipedia
episode_segments,37:s3e1:1,insert,wikipedia
episode_segments,37:s3e1:2,insert,wikipedia
episode_segments,37:s3e1:3,insert,wikipedia
episodes,37:s3e2,insert,wikipedia
episode_segments,37:s3e2:1,insert,wikipedia
episode_segments,37:s3e2:2,insert,wikipedia
episode_segments,37:s3e2:3,insert,wikipedia
episodes,37:s3e3,insert,wikipedia
episode_segments,37:s3e3:1,insert,wikipedia
episode_segments,37:s3e3:2,insert,wikipedia
episode_segments,37:s3e3:3,insert,wikipedia
episodes,37:s3e4,insert,wikipedia
episode_segments,37:s3e4:1,insert,wikipedia
episode_segments,37:s3e4:2,insert,wikipedia
episode_segments,37:s3e4:3,insert,wikipedia
episodes,37:s3e5,insert,wikipedia
episode_segments,37:s3e5:1,insert,wikipedia
episode_segments,37:s3e5:2,insert,wikipedia
episode_segments,37:s3e5:3,insert,wikipedia
episodes,37:s3e6,insert,wikipedia
episode_segments,37:s3e6:1,insert,wikipedia
episode_segments,37:s3e6:2,insert,wikipedia
episode_segments,37:s3e6:3,insert,wikipedia
episodes,37:s3e7,insert,wikipedia
episode_segments,37:s3e7:1,insert,wikipedia
episode_segments,37:s3e7:2,insert,wikipedia
episode_segments,37:s3e7:3,insert,wikipedia
episodes,37:s3e8,insert,wikipedia
episode_segments,37:s3e8:1,insert,wikipedia
episode_segments,37:s3e8:2,insert,wikipedia
episode_segments,37:s3e8:3,insert,wikipedia
episodes,37:s3e9,insert,wikipedia
episode_segments,37:s3e9:1,insert,wikipedia
episode_segments,37:s3e9:2,insert,wikipedia
episode_segments,37:s3e9:3,insert,wikipedia
episodes,37:s3e10,insert,wikipedia
episode_segments,37:s3e10:1,insert,wikipedia
episode_segments,37:s3e10:2,insert,wikipedia
episode_segments,37:s3e10:3,insert,wikipedia
episodes,37:s3e11,insert,wikipedia
episode_segments,37:s3e11:1,insert,wikipedia
episode_segments,37:s3e11:2,insert,wikipedia
episode_segments,37:s3e11:3,insert,wikipedia
episodes,37:s3e12,insert,wikipedia
episode_segments,37:s3e12:1,insert,wikipedia
episode_segments,37:s3e12:2,insert,wikipedia
episodes,37:s3e13,insert,wikipedia
episode_segments,37:s3e13:1,insert,wikipedia
episode_segments,37:s3e13:2,insert,wikipedia
episodes,37:s3e14,insert,wikipedia
episode_segments,37:s3e14:1,insert,wikipedia
episode_segments,37:s3e14:2,insert,wikipedia
episodes,37:s3e15,insert,wikipedia
episode_segments,37:s3e15:1,insert,wikipedia
episode_segments,37:s3e15:2,insert,wikipedia
episodes,37:s3e16,insert,wikipedia
episode_segments,37:s3e16:1,insert,wikipedia
episode_segments,37:s3e16:2,insert,wikipedia
episodes,37:s3e17,insert,wikipedia
episode_segments,37:s3e17:1,insert,wikipedia
episode_segments,37:s3e17:2,insert,wikipedia
episodes,37:s3e18,insert,wikipedia
episode_segments,37:s3e18:1,insert,wikipedia
episode_segments,37:s3e18:2,insert,wikipedia
episodes,37:s3e19,insert,wikipedia
episode_segments,37:s3e19:1,insert,wikipedia
episode_segments,37:s3e19:2,insert,wikipedia
episodes,37:s3e20,insert,wikipedia
episode_segments,37:s3e20:1,insert,wikipedia
episode_segments,37:s3e20:2,insert,wikipedia
episodes,37:s3e21,insert,wikipedia
episode_segments,37:s3e21:1,insert,wikipedia
episode_segments,37:s3e21:2,insert,wikipedia
episodes,37:s3e22,insert,wikipedia
episode_segments,37:s3e22:1,insert,wikipedia
episode_segments,37:s3e22:2,insert,wikipedia
episodes,37:s3e23,insert,wikipedia
episode_segments,37:s3e23:1,insert,wikipedia
episode_segments,37:s3e23:2,insert,wikipedia
episodes,37:s3e24,insert,wikipedia
episode_segments,37:s3e24:1,insert,wikipedia
episode_segments,37:s3e24:2,insert,wikipedia
episodes,37:s3e25,insert,wikipedia
episode_segments,37:s3e25:1,insert,wikipedia
episode_segments,37:s3e25:2,insert,wikipedia
episodes,37:s3e26,insert,wikipedia
episode_segments,37:s3e26:1,insert,wikipedia
episode_segments,37:s3e26:2,insert,wikipedia
episodes,37:s3e27,insert,wikipedia
episode_segments,37:s3e27:1,insert,wikipedia
episode_segments,37:s3e27:2,insert,wikipedia
episodes,37:s3e28,insert,wikipedia
episode_segments,37:s3e28:1,insert,wikipedia
episode_segments,37:s3e28:2,insert,wikipedia
episodes,37:s3e29,insert,wikipedia
episode_segments,37:s3e29:1,insert,wikipedia
episode_segments,37:s3e29:2,insert,wikipedia
episodes,37:s3e30,insert,wikipedia
episode_segments,37:s3e30:1,insert,wikipedia
episode_segments,37:s3e30:2,insert,wikipedia
episodes,37:s4e1,insert,wikipedia
episode_segments,37:s4e1:1,insert,wikipedia
episode_segments,37:s4e1:2,insert,wikipedia
episode_segments,37:s4e1:3,insert,wikipedia
episodes,37:s4e2,insert,wikipedia
episode_segments,37:s4e2:1,insert,wikipedia
episode_segments,37:s4e2:2,insert,wikipedia
episode_segments,37:s4e2:3,insert,wikipedia
episodes,37:s4e3,insert,wikipedia
episode_segments,37:s4e3:1,insert,wikipedia
episode_segments,37:s4e3:2,insert,wikipedia
episode_segments,37:s4e3:3,insert,wikipedia
episodes,37:s4e4,insert,wikipedia
episode_segments,37:s4e4:1,insert,wikipedia
episode_segments,37:s4e4:2,insert,wikipedia
episode_segments,37:s4e4:3,insert,wikipedia
episodes,37:s4e5,insert,wikipedia
episode_segments,37:s4e5:1,insert,wikipedia
episode_segments,37:s4e5:2,insert,wikipedia
episode_segments,37:s4e5:3,insert,wikipedia
episodes,37:s4e6,insert,wikipedia
episode_segments,37:s4e6:1,insert,wikipedia
episode_segments,37:s4e6:2,insert,wikipedia
episode_segments,37:s4e6:3,insert,wikipedia
episodes,37:s4e7,insert,wikipedia
episode_segments,37:s4e7:1,insert,wikipedia
episode_segments,37:s4e7:2,insert,wikipedia
episode_segments,37:s4e7:3,insert,wikipedia
episodes,37:s4e8,insert,wikipedia
episode_segments,37:s4e8:1,insert,wikipedia
episode_segments,37:s4e8:2,insert,wikipedia
episode_segments,37:s4e8:3,insert,wikipedia
episodes,37:s4e9,insert,wikipedia
episode_segments,37:s4e9:1,insert,wikipedia
episode_segments,37:s4e9:2,insert,wikipedia
episode_segments,37:s4e9:3,insert,wikipedia
episodes,37:s4e10,insert,wikipedia
episode_segments,37:s4e10:1,insert,wikipedia
episode_segments,37:s4e10:2,insert,wikipedia
episode_segments,37:s4e10:3,insert,wikipedia
episodes,37:s4e11,insert,wikipedia
episode_segments,37:s4e11:1,insert,wikipedia
episode_segments,37:s4e11:2,insert,wikipedia
episodes,37:s4e12,insert,wikipedia
episode_segments,37:s4e12:1,insert,wikipedia
episode_segments,37:s4e12:2,insert,wikipedia
episodes,37:s4e13,insert,wikipedia
episode_segments,37:s4e13:1,insert,wikipedia
episode_segments,37:s4e13:2,insert,wikipedia
episodes,37:s4e14,insert,wikipedia
episode_segments,37:s4e14:1,insert,wikipedia
episode_segments,37:s4e14:2,insert,wikipedia
episodes,37:s4e15,insert,wikipedia
episode_segments,37:s4e15:1,insert,wikipedia
episode_segments,37:s4e15:2,insert,wikipedia
episodes,37:s4e16,insert,wikipedia
episode_segments,37:s4e16:1,insert,wikipedia
episode_segments,37:s4e16:2,insert,wikipedia
episodes,37:s4e17,insert,wikipedia
episode_segments,37:s4e17:1,insert,wikipedia
episode_segments,37:s4e17:2,insert,wikipedia
episodes,37:s4e18,insert,wikipedia
episode_segments,37:s4e18:1,insert,wikipedia
episode_segments,37:s4e18:2,insert,wikipedia
episodes,37:s4e19,insert,wikipedia
episode_segments,37:s4e19:1,insert,wikipedia
episode_segments,37:s4e19:2,insert,wikipedia
episodes,37:s5e1,insert,wikipedia
episode_segments,37:s5e1:1,insert,wikipedia
episode_segments,37:s5e1:2,insert,wikipedia
episode_segments,37:s5e1:3,insert,wikipedia
episodes,37:s5e2,insert,wikipedia
episode_segments,37:s5e2:1,insert,wikipedia
episode_segments,37:s5e2:2,insert,wikipedia
episode_segments,37:s5e2:3,insert,wikipedia
episodes,37:s5e3,insert,wikipedia
episode_segments,37:s5e3:1,insert,wikipedia
episode_segments,37:s5e3:2,insert,wikipedia
episode_segments,37:s5e3:3,insert,wikipedia
episodes,37:s5e4,insert,wikipedia
episode_segments,37:s5e4:1,insert,wikipedia
episode_segments,37:s5e4:2,insert,wikipedia
episode_segments,37:s5e4:3,insert,wikipedia
episodes,37:s5e5,insert,wikipedia
episode_segments,37:s5e5:1,insert,wikipedia
episode_segments,37:s5e5:2,insert,wikipedia
episode_segments,37:s5e5:3,insert,wikipedia
episodes,37:s5e6,insert,wikipedia
episode_segments,37:s5e6:1,insert,wikipedia
episode_segments,37:s5e6:2,insert,wikipedia
episode_segments,37:s5e6:3,insert,wikipedia
episodes,37:s5e7,insert,wikipedia
episode_segments,37:s5e7:1,insert,wikipedia
episode_segments,37:s5e7:2,insert,wikipedia
episode_segments,37:s5e7:3,insert,wikipedia
episodes,37:s5e8,insert,wikipedia
episode_segments,37:s5e8:1,insert,wikipedia
episode_segments,37:s5e8:2,insert,wikipedia
episode_segments,37:s5e8:3,insert,wikipedia
episodes,37:s5e9,insert,wikipedia
episodes,37:s5e10,insert,wikipedia
episodes,27:sNonee1,insert,wikipedia
episodes,27:sNonee2,insert,wikipedia
episodes,27:sNonee3,insert,wikipedia
episodes,27:sNonee4,insert,wikipedia
episodes,27:sNonee5,insert,wikipedia
episodes,27:sNonee6,insert,wikipedia
episodes,27:sNonee7,insert,wikipedia
episodes,27:sNonee8,insert,wikipedia
tv_shows,37:episodes:103->113,correct,wikipedia
tv_shows,37:seasons:4->5,correct,wikipedia
