table_name,row_key,action,source_key
comics,comic:Q1115055,insert,wikidata
comics,comic:Q111550483,insert,wikidata
comics,comic:Q111589326,insert,wikidata
comics,comic:Q111609575,insert,wikidata
comics,comic:Q111609719,insert,wikidata
comics,comic:Q111609745,insert,wikidata
comics,comic:Q111609754,insert,wikidata
comics,comic:Q111610075,insert,wikidata
comics,comic:Q112032159,insert,wikidata
comics,comic:Q1142052,insert,wikidata
comics,comic:Q115411239,insert,wikidata
comics,comic:Q115422697,insert,wikidata
comics,comic:Q115424329,insert,wikidata
comics,comic:Q115453642,insert,wikidata
comics,comic:Q115456059,insert,wikidata
comics,comic:Q115460037,insert,wikidata
comics,comic:Q115466677,insert,wikidata
comics,comic:Q1199721,insert,wikidata
comics,comic:Q125206647,insert,wikidata
comics,comic:Q125216733,insert,wikidata
comics,comic:Q125217308,insert,wikidata
comics,comic:Q125217311,insert,wikidata
comics,comic:Q125217339,insert,wikidata
comics,comic:Q125217379,insert,wikidata
comics,comic:Q125217400,insert,wikidata
comics,comic:Q125217454,insert,wikidata
comics,comic:Q125217460,insert,wikidata
comics,comic:Q125217467,insert,wikidata
comics,comic:Q125241309,insert,wikidata
comics,comic:Q125241339,insert,wikidata
comics,comic:Q125241366,insert,wikidata
comics,comic:Q125241414,insert,wikidata
comics,comic:Q125252681,insert,wikidata
comics,comic:Q125252682,insert,wikidata
comics,comic:Q125252685,insert,wikidata
comics,comic:Q125252687,insert,wikidata
comics,comic:Q125252689,insert,wikidata
comics,comic:Q125253864,insert,wikidata
comics,comic:Q125253869,insert,wikidata
comics,comic:Q128384095,insert,wikidata
comics,comic:Q128797955,insert,wikidata
comics,comic:Q128797956,insert,wikidata
comics,comic:Q128798978,insert,wikidata
comics,comic:Q129261411,insert,wikidata
comics,comic:Q129261607,insert,wikidata
comics,comic:Q129261730,insert,wikidata
comics,comic:Q129261802,insert,wikidata
comics,comic:Q129261808,insert,wikidata
comics,comic:Q138297125,insert,wikidata
comics,comic:Q138331393,insert,wikidata
comics,comic:Q138333079,insert,wikidata
comics,comic:Q138339453,insert,wikidata
comics,comic:Q138340297,insert,wikidata
comics,comic:Q139960375,insert,wikidata
comics,comic:Q139960492,insert,wikidata
comics,comic:Q139960520,insert,wikidata
comics,comic:Q1399747,insert,wikidata
comics,comic:Q175011,insert,wikidata
comics,comic:Q17630593,insert,wikidata
comics,comic:Q2140112,insert,wikidata
comics,comic:Q2270826,insert,wikidata
comics,comic:Q2333872,insert,wikidata
comics,comic:Q2597757,insert,wikidata
comics,comic:Q2822366,insert,wikidata
comics,comic:Q3493447,insert,wikidata
comics,comic:Q3850391,insert,wikidata
comics,comic:Q4020703,insert,wikidata
comics,comic:Q4047029,insert,wikidata
comics,comic:Q4049343,insert,wikidata
comics,comic:Q472166,insert,wikidata
comics,comic:Q533335,insert,wikidata
comics,comic:Q6778190,insert,wikidata
comics,comic:Q688263,insert,wikidata
comics,comic:Q782363,insert,wikidata
comics,comic:Q7880188,insert,wikidata
comics,comic:Q7920166,insert,wikidata
comics,comic:Q7920169,insert,wikidata
comics,comic:Q836822,insert,wikidata
comics,comic:Q944598,insert,wikidata
comics,comic:Q111312491,insert,wikidata
comics,comic:Q111312519,insert,wikidata
comics,comic:Q111333192,insert,wikidata
comics,comic:Q111658456,insert,wikidata
comics,comic:Q111794074,insert,wikidata
comics,comic:Q111794273,insert,wikidata
comics,comic:Q111795406,insert,wikidata
comics,comic:Q111795445,insert,wikidata
comics,comic:Q111801999,insert,wikidata
comics,comic:Q111803014,insert,wikidata
comics,comic:Q111803572,insert,wikidata
comics,comic:Q111803590,insert,wikidata
comics,comic:Q111838198,insert,wikidata
comics,comic:Q111893826,insert,wikidata
comics,comic:Q111910227,insert,wikidata
comics,comic:Q111991793,insert,wikidata
comics,comic:Q111991823,insert,wikidata
comics,comic:Q111991841,insert,wikidata
comics,comic:Q111993510,insert,wikidata
comics,comic:Q111993550,insert,wikidata
comics,comic:Q112032186,insert,wikidata
comics,comic:Q112042756,insert,wikidata
comics,comic:Q112227815,insert,wikidata
comics,comic:Q112228343,insert,wikidata
comics,comic:Q112229108,insert,wikidata
comics,comic:Q112332734,insert,wikidata
comics,comic:Q115337401,insert,wikidata
comics,comic:Q115355213,insert,wikidata
comics,comic:Q115355419,insert,wikidata
comics,comic:Q115357829,insert,wikidata
comics,comic:Q115357991,insert,wikidata
comics,comic:Q115383537,insert,wikidata
comics,comic:Q115383692,insert,wikidata
comics,comic:Q115387349,insert,wikidata
comics,comic:Q115387486,insert,wikidata
comics,comic:Q115407131,insert,wikidata
comics,comic:Q115411171,insert,wikidata
comics,comic:Q115424368,insert,wikidata
comics,comic:Q115433274,insert,wikidata
comics,comic:Q115438213,insert,wikidata
comics,comic:Q115453680,insert,wikidata
comics,comic:Q115454003,insert,wikidata
comics,comic:Q115456440,insert,wikidata
comics,comic:Q115460094,insert,wikidata
comics,comic:Q117199052,insert,wikidata
comics,comic:Q118119712,insert,wikidata
comics,comic:Q118120049,insert,wikidata
comics,comic:Q118419196,insert,wikidata
comics,comic:Q119006532,insert,wikidata
comics,comic:Q119007618,insert,wikidata
comics,comic:Q123401577,insert,wikidata
comics,comic:Q124882349,insert,wikidata
comics,comic:Q138019256,insert,wikidata
comics,comic:Q16386325,insert,wikidata
comics,comic:Q1773074,insert,wikidata
comics,comic:Q18406872,insert,wikidata
comics,comic:Q192724,insert,wikidata
comics,comic:Q19363451,insert,wikidata
comics,comic:Q23010088,insert,wikidata
comics,comic:Q23781129,insert,wikidata
comics,comic:Q27985819,insert,wikidata
comics,comic:Q28408151,insert,wikidata
comics,comic:Q29098265,insert,wikidata
comics,comic:Q4049922,insert,wikidata
comics,comic:Q4598403,insert,wikidata
comics,comic:Q466611,insert,wikidata
comics,comic:Q534208,insert,wikidata
comics,comic:Q55391886,insert,wikidata
comics,comic:Q55405369,insert,wikidata
comics,comic:Q6917754,insert,wikidata
comics,comic:Q734058,insert,wikidata
comics,comic:parsed:Q1115055:110,insert,derived
comics,comic:parsed:Q1115055:123,insert,derived
comics,comic:parsed:Q112032159:19,insert,derived
comics,comic:parsed:Q1142052:6,insert,derived
comics,comic:parsed:Q115453642:180,insert,derived
comics,comic:parsed:Q115466677:195,insert,derived
comics,comic:parsed:Q125206647:134,insert,derived
comics,comic:parsed:Q125253869:15,insert,derived
comics,comic:parsed:Q125253869:18,insert,derived
comics,comic:parsed:Q125253869:2,insert,derived
comics,comic:parsed:Q125253869:36,insert,derived
comics,comic:parsed:Q129261730:1,insert,derived
comics,comic:parsed:Q129261808:1,insert,derived
comics,comic:parsed:Q139960375:98,insert,derived
comics,comic:parsed:Q139960520:178,insert,derived
comics,comic:parsed:Q2140112:1,insert,derived
comics,comic:parsed:Q2270826:83,insert,derived
comics,comic:parsed:Q2333872:1,insert,derived
comics,comic:parsed:Q2333872:2,insert,derived
comics,comic:parsed:Q2597757:1,insert,derived
comics,comic:parsed:Q2597757:2,insert,derived
comics,comic:parsed:Q2597757:3,insert,derived
comics,comic:parsed:Q2597757:4,insert,derived
comics,comic:parsed:Q2822366:20,insert,derived
comics,comic:parsed:Q3850391:15,insert,derived
comics,comic:parsed:Q6778190:32,insert,derived
comics,comic:parsed:Q688263:1,insert,derived
comics,comic:parsed:Q782363:39,insert,derived
comics,comic:parsed:Q782363:45,insert,derived
comics,comic:parsed:Q782363:52,insert,derived
comics,comic:parsed:Q7880188:4,insert,derived
comics,comic:parsed:Q7920166:1,insert,derived
comics,comic:parsed:Q7920166:2,insert,derived
comics,comic:parsed:Q7920166:3,insert,derived
comics,comic:parsed:Q7920166:4,insert,derived
comics,comic:parsed:Q7920166:5,insert,derived
comics,comic:parsed:Q7920166:6,insert,derived
comics,comic:parsed:Q7920169:1,insert,derived
comics,comic:parsed:Q7920169:2,insert,derived
comics,comic:parsed:Q7920169:3,insert,derived
comics,comic:parsed:Q7920169:4,insert,derived
comics,comic:parsed:Q944598:101,insert,derived
comics,comic:parsed:Q944598:102,insert,derived
comics,comic:parsed:Q944598:113,insert,derived
comics,comic:parsed:Q944598:121,insert,derived
comics,comic:parsed:Q944598:122,insert,derived
comics,comic:parsed:Q944598:140,insert,derived
comics,comic:parsed:Q944598:149,insert,derived
comics,comic:parsed:Q944598:194,insert,derived
comics,comic:parsed:Q944598:209,insert,derived
comics,comic:parsed:Q944598:210,insert,derived
comics,comic:parsed:Q944598:238,insert,derived
comics,comic:parsed:Q944598:265,insert,derived
comics,comic:parsed:Q944598:299,insert,derived
comics,comic:parsed:Q944598:334,insert,derived
comics,comic:parsed:Q944598:335,insert,derived
comics,comic:parsed:Q944598:336,insert,derived
comics,comic:parsed:Q944598:337,insert,derived
comics,comic:parsed:Q944598:338,insert,derived
comics,comic:parsed:Q944598:339,insert,derived
comics,comic:parsed:Q944598:344,insert,derived
comics,comic:parsed:Q944598:345,insert,derived
comics,comic:parsed:Q944598:346,insert,derived
comics,comic:parsed:Q944598:347,insert,derived
comics,comic:parsed:Q944598:348,insert,derived
comics,comic:parsed:Q944598:349,insert,derived
comics,comic:parsed:Q944598:350,insert,derived
comics,comic:parsed:Q944598:351,insert,derived
comics,comic:parsed:Q944598:352,insert,derived
comics,comic:parsed:Q944598:353,insert,derived
comics,comic:parsed:Q944598:354,insert,derived
comics,comic:parsed:Q944598:355,insert,derived
comics,comic:parsed:Q944598:356,insert,derived
comics,comic:parsed:Q944598:357,insert,derived
comics,comic:parsed:Q944598:358,insert,derived
comics,comic:parsed:Q944598:359,insert,derived
comics,comic:parsed:Q944598:360,insert,derived
comics,comic:parsed:Q944598:361,insert,derived
comics,comic:parsed:Q944598:368,insert,derived
comics,comic:parsed:Q944598:369,insert,derived
comics,comic:parsed:Q944598:370,insert,derived
comics,comic:parsed:Q944598:371,insert,derived
comics,comic:parsed:Q944598:372,insert,derived
comics,comic:parsed:Q944598:373,insert,derived
comics,comic:parsed:Q944598:375,insert,derived
comics,comic:parsed:Q944598:544,insert,derived
comics,comic:parsed:Q944598:546,insert,derived
comics,comic:parsed:Q944598:547,insert,derived
comics,comic:parsed:Q944598:548,insert,derived
comics,comic:parsed:Q944598:549,insert,derived
comics,comic:parsed:Q944598:550,insert,derived
comics,comic:parsed:Q944598:551,insert,derived
comics,comic:parsed:Q944598:552,insert,derived
comics,comic:parsed:Q944598:553,insert,derived
comics,comic:parsed:Q944598:554,insert,derived
comics,comic:parsed:Q944598:555,insert,derived
comics,comic:parsed:Q944598:556,insert,derived
comics,comic:parsed:Q944598:557,insert,derived
comics,comic:parsed:Q944598:558,insert,derived
comics,comic:parsed:Q944598:559,insert,derived
comics,comic:parsed:Q944598:560,insert,derived
comics,comic:parsed:Q944598:561,insert,derived
comics,comic:parsed:Q944598:562,insert,derived
comics,comic:parsed:Q944598:563,insert,derived
comics,comic:parsed:Q944598:564,insert,derived
comics,comic:parsed:Q944598:589,insert,derived
comics,comic:parsed:Q944598:78,insert,derived
comic_creators,creator:Q1027926,insert,wikidata
comic_creators,creator:Q106020194,insert,wikidata
comic_creators,creator:Q107491127,insert,wikidata
comic_creators,creator:Q108905326,insert,wikidata
comic_creators,creator:Q109103476,insert,wikidata
comic_creators,creator:Q109379640,insert,wikidata
comic_creators,creator:Q109534190,insert,wikidata
comic_creators,creator:Q109914011,insert,wikidata
comic_creators,creator:Q110255268,insert,wikidata
comic_creators,creator:Q110797973,insert,wikidata
comic_creators,creator:Q1113788,insert,wikidata
comic_creators,creator:Q111382385,insert,wikidata
comic_creators,creator:Q1114638,insert,wikidata
comic_creators,creator:Q111550556,insert,wikidata
comic_creators,creator:Q111600209,insert,wikidata
comic_creators,creator:Q111600370,insert,wikidata
comic_creators,creator:Q111600382,insert,wikidata
comic_creators,creator:Q111794088,insert,wikidata
comic_creators,creator:Q111817464,insert,wikidata
comic_creators,creator:Q111827135,insert,wikidata
comic_creators,creator:Q111910686,insert,wikidata
comic_creators,creator:Q111936452,insert,wikidata
comic_creators,creator:Q111936975,insert,wikidata
comic_creators,creator:Q111962258,insert,wikidata
comic_creators,creator:Q111973065,insert,wikidata
comic_creators,creator:Q112029775,insert,wikidata
comic_creators,creator:Q112503080,insert,wikidata
comic_creators,creator:Q112517169,insert,wikidata
comic_creators,creator:Q112521897,insert,wikidata
comic_creators,creator:Q112521937,insert,wikidata
comic_creators,creator:Q112525840,insert,wikidata
comic_creators,creator:Q112531991,insert,wikidata
comic_creators,creator:Q112535571,insert,wikidata
comic_creators,creator:Q112542372,insert,wikidata
comic_creators,creator:Q112546911,insert,wikidata
comic_creators,creator:Q112547474,insert,wikidata
comic_creators,creator:Q112548200,insert,wikidata
comic_creators,creator:Q112555904,insert,wikidata
comic_creators,creator:Q112559260,insert,wikidata
comic_creators,creator:Q112740588,insert,wikidata
comic_creators,creator:Q113010692,insert,wikidata
comic_creators,creator:Q11316067,insert,wikidata
comic_creators,creator:Q114869497,insert,wikidata
comic_creators,creator:Q115455572,insert,wikidata
comic_creators,creator:Q115460211,insert,wikidata
comic_creators,creator:Q115661081,insert,wikidata
comic_creators,creator:Q1175576,insert,wikidata
comic_creators,creator:Q1189414,insert,wikidata
comic_creators,creator:Q120540853,insert,wikidata
comic_creators,creator:Q121789594,insert,wikidata
comic_creators,creator:Q124640794,insert,wikidata
comic_creators,creator:Q124640809,insert,wikidata
comic_creators,creator:Q125190826,insert,wikidata
comic_creators,creator:Q1266750,insert,wikidata
comic_creators,creator:Q126941,insert,wikidata
comic_creators,creator:Q127513727,insert,wikidata
comic_creators,creator:Q127603084,insert,wikidata
comic_creators,creator:Q129219712,insert,wikidata
comic_creators,creator:Q129371,insert,wikidata
comic_creators,creator:Q1304824,insert,wikidata
comic_creators,creator:Q130785064,insert,wikidata
comic_creators,creator:Q130789863,insert,wikidata
comic_creators,creator:Q130791672,insert,wikidata
comic_creators,creator:Q13147290,insert,wikidata
comic_creators,creator:Q13220782,insert,wikidata
comic_creators,creator:Q1322629,insert,wikidata
comic_creators,creator:Q132930261,insert,wikidata
comic_creators,creator:Q1333734,insert,wikidata
comic_creators,creator:Q133606258,insert,wikidata
comic_creators,creator:Q1341343,insert,wikidata
comic_creators,creator:Q1344527,insert,wikidata
comic_creators,creator:Q1351554,insert,wikidata
comic_creators,creator:Q1365108,insert,wikidata
comic_creators,creator:Q136644651,insert,wikidata
comic_creators,creator:Q136759586,insert,wikidata
comic_creators,creator:Q137000565,insert,wikidata
comic_creators,creator:Q1372857,insert,wikidata
comic_creators,creator:Q1377900,insert,wikidata
comic_creators,creator:Q137886590,insert,wikidata
comic_creators,creator:Q138297068,insert,wikidata
comic_creators,creator:Q138297117,insert,wikidata
comic_creators,creator:Q138314646,insert,wikidata
comic_creators,creator:Q138314662,insert,wikidata
comic_creators,creator:Q138316022,insert,wikidata
comic_creators,creator:Q138331516,insert,wikidata
comic_creators,creator:Q138331987,insert,wikidata
comic_creators,creator:Q138340662,insert,wikidata
comic_creators,creator:Q138340699,insert,wikidata
comic_creators,creator:Q1395905,insert,wikidata
comic_creators,creator:Q1476318,insert,wikidata
comic_creators,creator:Q1484216,insert,wikidata
comic_creators,creator:Q14919894,insert,wikidata
comic_creators,creator:Q15069840,insert,wikidata
comic_creators,creator:Q15069853,insert,wikidata
comic_creators,creator:Q1507300,insert,wikidata
comic_creators,creator:Q15267094,insert,wikidata
comic_creators,creator:Q1544940,insert,wikidata
comic_creators,creator:Q15459584,insert,wikidata
comic_creators,creator:Q15511907,insert,wikidata
comic_creators,creator:Q16201865,insert,wikidata
comic_creators,creator:Q1668952,insert,wikidata
comic_creators,creator:Q16732020,insert,wikidata
comic_creators,creator:Q16769729,insert,wikidata
comic_creators,creator:Q1677338,insert,wikidata
comic_creators,creator:Q1689171,insert,wikidata
comic_creators,creator:Q1723117,insert,wikidata
comic_creators,creator:Q17637522,insert,wikidata
comic_creators,creator:Q1797964,insert,wikidata
comic_creators,creator:Q1799972,insert,wikidata
comic_creators,creator:Q18011187,insert,wikidata
comic_creators,creator:Q180440,insert,wikidata
comic_creators,creator:Q181900,insert,wikidata
comic_creators,creator:Q183352,insert,wikidata
comic_creators,creator:Q1837116,insert,wikidata
comic_creators,creator:Q18519749,insert,wikidata
comic_creators,creator:Q19031,insert,wikidata
comic_creators,creator:Q1933143,insert,wikidata
comic_creators,creator:Q19665855,insert,wikidata
comic_creators,creator:Q19667897,insert,wikidata
comic_creators,creator:Q19880918,insert,wikidata
comic_creators,creator:Q20049917,insert,wikidata
comic_creators,creator:Q2009797,insert,wikidata
comic_creators,creator:Q207676,insert,wikidata
comic_creators,creator:Q2086637,insert,wikidata
comic_creators,creator:Q2405559,insert,wikidata
comic_creators,creator:Q2415759,insert,wikidata
comic_creators,creator:Q2438490,insert,wikidata
comic_creators,creator:Q2439695,insert,wikidata
comic_creators,creator:Q2507833,insert,wikidata
comic_creators,creator:Q2548090,insert,wikidata
comic_creators,creator:Q2563084,insert,wikidata
comic_creators,creator:Q2569995,insert,wikidata
comic_creators,creator:Q2570,insert,wikidata
comic_creators,creator:Q2570004,insert,wikidata
comic_creators,creator:Q26268901,insert,wikidata
comic_creators,creator:Q26268915,insert,wikidata
comic_creators,creator:Q2635391,insert,wikidata
comic_creators,creator:Q2638044,insert,wikidata
comic_creators,creator:Q26715409,insert,wikidata
comic_creators,creator:Q27061530,insert,wikidata
comic_creators,creator:Q27061532,insert,wikidata
comic_creators,creator:Q27063908,insert,wikidata
comic_creators,creator:Q2830535,insert,wikidata
comic_creators,creator:Q2850412,insert,wikidata
comic_creators,creator:Q28912519,insert,wikidata
comic_creators,creator:Q29053856,insert,wikidata
comic_creators,creator:Q2907698,insert,wikidata
comic_creators,creator:Q2907736,insert,wikidata
comic_creators,creator:Q3012313,insert,wikidata
comic_creators,creator:Q3013001,insert,wikidata
comic_creators,creator:Q3013218,insert,wikidata
comic_creators,creator:Q3026563,insert,wikidata
comic_creators,creator:Q3072707,insert,wikidata
comic_creators,creator:Q3082626,insert,wikidata
comic_creators,creator:Q3086857,insert,wikidata
comic_creators,creator:Q3086966,insert,wikidata
comic_creators,creator:Q3101880,insert,wikidata
comic_creators,creator:Q311607,insert,wikidata
comic_creators,creator:Q3128755,insert,wikidata
comic_creators,creator:Q3157110,insert,wikidata
comic_creators,creator:Q3186347,insert,wikidata
comic_creators,creator:Q3194762,insert,wikidata
comic_creators,creator:Q3229194,insert,wikidata
comic_creators,creator:Q3292795,insert,wikidata
comic_creators,creator:Q3294071,insert,wikidata
comic_creators,creator:Q3350928,insert,wikidata
comic_creators,creator:Q3379441,insert,wikidata
comic_creators,creator:Q342636,insert,wikidata
comic_creators,creator:Q3453777,insert,wikidata
comic_creators,creator:Q3489076,insert,wikidata
comic_creators,creator:Q3498909,insert,wikidata
comic_creators,creator:Q351173,insert,wikidata
comic_creators,creator:Q351436,insert,wikidata
comic_creators,creator:Q352292,insert,wikidata
comic_creators,creator:Q352460,insert,wikidata
comic_creators,creator:Q353277,insert,wikidata
comic_creators,creator:Q353573,insert,wikidata
comic_creators,creator:Q354298,insert,wikidata
comic_creators,creator:Q354513,insert,wikidata
comic_creators,creator:Q355652,insert,wikidata
comic_creators,creator:Q355775,insert,wikidata
comic_creators,creator:Q3616550,insert,wikidata
comic_creators,creator:Q362217,insert,wikidata
comic_creators,creator:Q3660067,insert,wikidata
comic_creators,creator:Q367466,insert,wikidata
comic_creators,creator:Q3703087,insert,wikidata
comic_creators,creator:Q3703262,insert,wikidata
comic_creators,creator:Q3750264,insert,wikidata
comic_creators,creator:Q3770218,insert,wikidata
comic_creators,creator:Q3809178,insert,wikidata
comic_creators,creator:Q3809926,insert,wikidata
comic_creators,creator:Q388589,insert,wikidata
comic_creators,creator:Q3961192,insert,wikidata
comic_creators,creator:Q4662220,insert,wikidata
comic_creators,creator:Q469794,insert,wikidata
comic_creators,creator:Q469906,insert,wikidata
comic_creators,creator:Q47321085,insert,wikidata
comic_creators,creator:Q475618,insert,wikidata
comic_creators,creator:Q4766862,insert,wikidata
comic_creators,creator:Q4800998,insert,wikidata
comic_creators,creator:Q48772137,insert,wikidata
comic_creators,creator:Q4913357,insert,wikidata
comic_creators,creator:Q4931946,insert,wikidata
comic_creators,creator:Q5041566,insert,wikidata
comic_creators,creator:Q5047647,insert,wikidata
comic_creators,creator:Q51057,insert,wikidata
comic_creators,creator:Q5106487,insert,wikidata
comic_creators,creator:Q5107425,insert,wikidata
comic_creators,creator:Q5113177,insert,wikidata
comic_creators,creator:Q5113550,insert,wikidata
comic_creators,creator:Q512997,insert,wikidata
comic_creators,creator:Q5130204,insert,wikidata
comic_creators,creator:Q5132736,insert,wikidata
comic_creators,creator:Q51336953,insert,wikidata
comic_creators,creator:Q5151803,insert,wikidata
comic_creators,creator:Q5203590,insert,wikidata
comic_creators,creator:Q5213603,insert,wikidata
comic_creators,creator:Q5216353,insert,wikidata
comic_creators,creator:Q5220349,insert,wikidata
comic_creators,creator:Q5236281,insert,wikidata
comic_creators,creator:Q525314,insert,wikidata
comic_creators,creator:Q5386095,insert,wikidata
comic_creators,creator:Q5478284,insert,wikidata
comic_creators,creator:Q5541376,insert,wikidata
comic_creators,creator:Q55687996,insert,wikidata
comic_creators,creator:Q5572951,insert,wikidata
comic_creators,creator:Q558806,insert,wikidata
comic_creators,creator:Q5605861,insert,wikidata
comic_creators,creator:Q5607225,insert,wikidata
comic_creators,creator:Q56861740,insert,wikidata
comic_creators,creator:Q569204,insert,wikidata
comic_creators,creator:Q569239,insert,wikidata
comic_creators,creator:Q57745589,insert,wikidata
comic_creators,creator:Q585741,insert,wikidata
comic_creators,creator:Q5920281,insert,wikidata
comic_creators,creator:Q594438,insert,wikidata
comic_creators,creator:Q599109,insert,wikidata
comic_creators,creator:Q602403,insert,wikidata
comic_creators,creator:Q6071777,insert,wikidata
comic_creators,creator:Q6147221,insert,wikidata
comic_creators,creator:Q6148187,insert,wikidata
comic_creators,creator:Q615343,insert,wikidata
comic_creators,creator:Q6172604,insert,wikidata
comic_creators,creator:Q6208592,insert,wikidata
comic_creators,creator:Q6212079,insert,wikidata
comic_creators,creator:Q6227215,insert,wikidata
comic_creators,creator:Q6271612,insert,wikidata
comic_creators,creator:Q6273224,insert,wikidata
comic_creators,creator:Q630770,insert,wikidata
comic_creators,creator:Q631369,insert,wikidata
comic_creators,creator:Q63197678,insert,wikidata
comic_creators,creator:Q633841,insert,wikidata
comic_creators,creator:Q6392527,insert,wikidata
comic_creators,creator:Q6395654,insert,wikidata
comic_creators,creator:Q63997763,insert,wikidata
comic_creators,creator:Q6405534,insert,wikidata
comic_creators,creator:Q64138553,insert,wikidata
comic_creators,creator:Q64138619,insert,wikidata
comic_creators,creator:Q64138751,insert,wikidata
comic_creators,creator:Q642413,insert,wikidata
comic_creators,creator:Q646130,insert,wikidata
comic_creators,creator:Q6734469,insert,wikidata
comic_creators,creator:Q6762888,insert,wikidata
comic_creators,creator:Q6847143,insert,wikidata
comic_creators,creator:Q685944,insert,wikidata
comic_creators,creator:Q687890,insert,wikidata
comic_creators,creator:Q7027963,insert,wikidata
comic_creators,creator:Q703897,insert,wikidata
comic_creators,creator:Q7146568,insert,wikidata
comic_creators,creator:Q7153168,insert,wikidata
comic_creators,creator:Q720012,insert,wikidata
comic_creators,creator:Q721268,insert,wikidata
comic_creators,creator:Q723788,insert,wikidata
comic_creators,creator:Q724576,insert,wikidata
comic_creators,creator:Q725352,insert,wikidata
comic_creators,creator:Q725384,insert,wikidata
comic_creators,creator:Q725773,insert,wikidata
comic_creators,creator:Q729414,insert,wikidata
comic_creators,creator:Q730076,insert,wikidata
comic_creators,creator:Q730138,insert,wikidata
comic_creators,creator:Q731726,insert,wikidata
comic_creators,creator:Q732218,insert,wikidata
comic_creators,creator:Q7331547,insert,wikidata
comic_creators,creator:Q7331633,insert,wikidata
comic_creators,creator:Q7358630,insert,wikidata
comic_creators,creator:Q7363815,insert,wikidata
comic_creators,creator:Q7364510,insert,wikidata
comic_creators,creator:Q7384402,insert,wikidata
comic_creators,creator:Q738852,insert,wikidata
comic_creators,creator:Q7403395,insert,wikidata
comic_creators,creator:Q7407538,insert,wikidata
comic_creators,creator:Q7408090,insert,wikidata
comic_creators,creator:Q7488038,insert,wikidata
comic_creators,creator:Q7536463,insert,wikidata
comic_creators,creator:Q7597659,insert,wikidata
comic_creators,creator:Q7612078,insert,wikidata
comic_creators,creator:Q7613947,insert,wikidata
comic_creators,creator:Q7614525,insert,wikidata
comic_creators,creator:Q7678134,insert,wikidata
comic_creators,creator:Q7704593,insert,wikidata
comic_creators,creator:Q7817125,insert,wikidata
comic_creators,creator:Q7817329,insert,wikidata
comic_creators,creator:Q7931466,insert,wikidata
comic_creators,creator:Q7959133,insert,wikidata
comic_creators,creator:Q7983490,insert,wikidata
comic_creators,creator:Q7983634,insert,wikidata
comic_creators,creator:Q8062616,insert,wikidata
comic_creators,creator:Q8068222,insert,wikidata
comic_creators,creator:Q88602177,insert,wikidata
comic_creators,creator:Q902536,insert,wikidata
comic_creators,creator:Q91868484,insert,wikidata
comic_creators,creator:Q92330222,insert,wikidata
comic_creators,creator:Q93373252,insert,wikidata
comic_creators,creator:Q964815,insert,wikidata
comic_creators,creator:Q971041,insert,wikidata
comic_creators,creator:Q98108514,insert,wikidata
comic_creators,creator:Q981976,insert,wikidata
comic_creators,creator:Q99776207,insert,wikidata
comic_credits,Q111312491:Q181900:author,insert,wikidata
comic_credits,Q111312491:Q311607:cover_artist,insert,wikidata
comic_credits,Q111312491:Q3489076:cover_artist,insert,wikidata
comic_credits,Q111312491:Q181900:editor,insert,wikidata
comic_credits,Q111312491:Q7153168:inker,insert,wikidata
comic_credits,Q111312491:Q7408090:letterer,insert,wikidata
comic_credits,Q111312491:Q311607:penciller,insert,wikidata
comic_characters,Q111312491:214,insert,wikidata
comic_characters,Q111312491:87,insert,wikidata
comic_characters,Q111312491:64,insert,wikidata
comic_characters,Q111312491:132,insert,wikidata
comic_characters,Q111312491:171,insert,wikidata
comic_credits,Q111312519:Q181900:author,insert,wikidata
comic_credits,Q111312519:Q311607:cover_artist,insert,wikidata
comic_credits,Q111312519:Q7153168:cover_artist,insert,wikidata
comic_credits,Q111312519:Q181900:editor,insert,wikidata
comic_credits,Q111312519:Q7153168:inker,insert,wikidata
comic_credits,Q111312519:Q7408090:letterer,insert,wikidata
comic_credits,Q111312519:Q311607:penciller,insert,wikidata
comic_characters,Q111312519:87,insert,wikidata
comic_characters,Q111312519:64,insert,wikidata
comic_characters,Q111312519:132,insert,wikidata
comic_characters,Q111312519:214,insert,wikidata
comic_characters,Q111312519:252,insert,wikidata
comic_credits,Q111333192:Q181900:author,insert,wikidata
comic_credits,Q111333192:Q311607:cover_artist,insert,wikidata
comic_credits,Q111333192:Q1304824:cover_artist,insert,wikidata
comic_credits,Q111333192:Q7408090:cover_artist,insert,wikidata
comic_credits,Q111333192:Q181900:editor,insert,wikidata
comic_credits,Q111333192:Q7931466:inker,insert,wikidata
comic_credits,Q111333192:Q4800998:letterer,insert,wikidata
comic_credits,Q111333192:Q311607:penciller,insert,wikidata
comic_credits,Q111333192:Q7983490:penciller,insert,wikidata
comic_characters,Q111333192:87,insert,wikidata
comic_characters,Q111333192:64,insert,wikidata
comic_characters,Q111333192:132,insert,wikidata
comic_characters,Q111333192:214,insert,wikidata
comic_characters,Q111333192:72,insert,wikidata
comic_credits,Q111550483:Q2907736:creator,insert,wikidata
comic_credits,Q111550483:Q1677338:creator,insert,wikidata
comic_credits,Q111589326:Q8068222:author,insert,wikidata
comic_credits,Q111589326:Q5130204:illustrator,insert,wikidata
comic_characters,Q111589326:27,insert,wikidata
comic_characters,Q111609575:166,insert,wikidata
comic_characters,Q111609575:27,insert,wikidata
comic_characters,Q111609719:166,insert,wikidata
comic_characters,Q111609745:166,insert,wikidata
comic_characters,Q111609754:166,insert,wikidata
comic_credits,Q111610075:Q98108514:author,insert,wikidata
comic_characters,Q111610075:166,insert,wikidata
comic_credits,Q111658456:Q631369:author,insert,wikidata
comic_credits,Q111658456:Q475618:author,insert,wikidata
comic_credits,Q111658456:Q110255268:colorist,insert,wikidata
comic_credits,Q111658456:Q475618:cover_artist,insert,wikidata
comic_credits,Q111658456:Q2405559:cover_artist,insert,wikidata
comic_credits,Q111658456:Q6227215:cover_artist,insert,wikidata
comic_credits,Q111658456:Q721268:editor,insert,wikidata
comic_credits,Q111658456:Q2405559:inker,insert,wikidata
comic_credits,Q111658456:Q7817125:letterer,insert,wikidata
comic_credits,Q111658456:Q475618:penciller,insert,wikidata
comic_characters,Q111658456:87,insert,wikidata
comic_characters,Q111658456:243,insert,wikidata
comic_characters,Q111658456:200,insert,wikidata
comic_characters,Q111658456:46,insert,wikidata
comic_characters,Q111658456:214,insert,wikidata
comic_characters,Q111658456:211,insert,wikidata
comic_credits,Q111794074:Q7597659:colorist,insert,wikidata
comic_credits,Q111794074:Q311607:cover_artist,insert,wikidata
comic_credits,Q111794074:Q355652:cover_artist,insert,wikidata
comic_credits,Q111794074:Q7597659:cover_artist,insert,wikidata
comic_credits,Q111794074:Q4800998:cover_artist,insert,wikidata
comic_credits,Q111794074:Q181900:editor,insert,wikidata
comic_credits,Q111794074:Q355652:inker,insert,wikidata
comic_credits,Q111794074:Q3809178:letterer,insert,wikidata
comic_credits,Q111794074:Q111794088:letterer,insert,wikidata
comic_credits,Q111794074:Q355652:penciller,insert,wikidata
comic_credits,Q111794074:Q181900:writer,insert,wikidata
comic_characters,Q111794074:27,insert,wikidata
comic_characters,Q111794074:1,insert,wikidata
comic_characters,Q111794074:137,insert,wikidata
comic_characters,Q111794074:78,insert,wikidata
comic_characters,Q111794074:150,insert,wikidata
comic_characters,Q111794074:163,insert,wikidata
comic_characters,Q111794074:187,insert,wikidata
comic_characters,Q111794074:129,insert,wikidata
comic_characters,Q111794074:7,insert,wikidata
comic_credits,Q111794273:Q355652:cover_artist,insert,wikidata
comic_credits,Q111794273:Q181900:editor,insert,wikidata
comic_credits,Q111794273:Q355652:inker,insert,wikidata
comic_credits,Q111794273:Q111794088:letterer,insert,wikidata
comic_credits,Q111794273:Q4800998:letterer,insert,wikidata
comic_credits,Q111794273:Q355652:penciller,insert,wikidata
comic_credits,Q111794273:Q181900:writer,insert,wikidata
comic_characters,Q111794273:27,insert,wikidata
comic_characters,Q111794273:1,insert,wikidata
comic_characters,Q111794273:45,insert,wikidata
comic_characters,Q111794273:137,insert,wikidata
comic_characters,Q111794273:110,insert,wikidata
comic_characters,Q111794273:163,insert,wikidata
comic_characters,Q111794273:42,insert,wikidata
comic_characters,Q111794273:26,insert,wikidata
comic_credits,Q111795406:Q355652:cover_artist,insert,wikidata
comic_credits,Q111795406:Q181900:editor,insert,wikidata
comic_credits,Q111795406:Q355652:inker,insert,wikidata
comic_credits,Q111795406:Q111794088:letterer,insert,wikidata
comic_credits,Q111795406:Q355652:penciller,insert,wikidata
comic_credits,Q111795406:Q181900:writer,insert,wikidata
comic_characters,Q111795406:27,insert,wikidata
comic_characters,Q111795406:1,insert,wikidata
comic_characters,Q111795406:137,insert,wikidata
comic_characters,Q111795406:110,insert,wikidata
comic_characters,Q111795406:163,insert,wikidata
comic_characters,Q111795406:129,insert,wikidata
comic_characters,Q111795406:10,insert,wikidata
comic_credits,Q111795445:Q355652:cover_artist,insert,wikidata
comic_credits,Q111795445:Q181900:editor,insert,wikidata
comic_credits,Q111795445:Q355652:inker,insert,wikidata
comic_credits,Q111795445:Q7408090:letterer,insert,wikidata
comic_credits,Q111795445:Q355652:penciller,insert,wikidata
comic_credits,Q111795445:Q181900:writer,insert,wikidata
comic_characters,Q111795445:27,insert,wikidata
comic_characters,Q111795445:1,insert,wikidata
comic_characters,Q111795445:137,insert,wikidata
comic_characters,Q111795445:110,insert,wikidata
comic_characters,Q111795445:67,insert,wikidata
comic_characters,Q111795445:163,insert,wikidata
comic_characters,Q111795445:29,insert,wikidata
comic_credits,Q111801999:Q355652:cover_artist,insert,wikidata
comic_credits,Q111801999:Q181900:editor,insert,wikidata
comic_credits,Q111801999:Q355652:inker,insert,wikidata
comic_credits,Q111801999:Q7408090:letterer,insert,wikidata
comic_credits,Q111801999:Q355652:penciller,insert,wikidata
comic_credits,Q111801999:Q181900:writer,insert,wikidata
comic_characters,Q111801999:27,insert,wikidata
comic_characters,Q111801999:1,insert,wikidata
comic_characters,Q111801999:137,insert,wikidata
comic_characters,Q111801999:110,insert,wikidata
comic_characters,Q111801999:163,insert,wikidata
comic_characters,Q111801999:67,insert,wikidata
comic_characters,Q111801999:9,insert,wikidata
comic_characters,Q111801999:187,insert,wikidata
comic_characters,Q111801999:129,insert,wikidata
comic_credits,Q111803014:Q355652:cover_artist,insert,wikidata
comic_credits,Q111803014:Q181900:editor,insert,wikidata
comic_credits,Q111803014:Q355652:inker,insert,wikidata
comic_credits,Q111803014:Q4800998:letterer,insert,wikidata
comic_credits,Q111803014:Q355652:penciller,insert,wikidata
comic_credits,Q111803014:Q181900:writer,insert,wikidata
comic_characters,Q111803014:27,insert,wikidata
comic_characters,Q111803014:1,insert,wikidata
comic_characters,Q111803014:137,insert,wikidata
comic_characters,Q111803014:67,insert,wikidata
comic_characters,Q111803014:110,insert,wikidata
comic_characters,Q111803014:163,insert,wikidata
comic_characters,Q111803014:21,insert,wikidata
comic_credits,Q111803572:Q355652:cover_artist,insert,wikidata
comic_credits,Q111803572:Q181900:editor,insert,wikidata
comic_credits,Q111803572:Q355652:inker,insert,wikidata
comic_credits,Q111803572:Q4800998:letterer,insert,wikidata
comic_credits,Q111803572:Q355652:penciller,insert,wikidata
comic_credits,Q111803572:Q181900:writer,insert,wikidata
comic_characters,Q111803572:27,insert,wikidata
comic_characters,Q111803572:1,insert,wikidata
comic_characters,Q111803572:137,insert,wikidata
comic_characters,Q111803572:67,insert,wikidata
comic_characters,Q111803572:110,insert,wikidata
comic_characters,Q111803572:163,insert,wikidata
comic_characters,Q111803572:45,insert,wikidata
comic_credits,Q111803590:Q355652:cover_artist,insert,wikidata
comic_credits,Q111803590:Q181900:editor,insert,wikidata
comic_credits,Q111803590:Q355652:inker,insert,wikidata
comic_credits,Q111803590:Q4800998:letterer,insert,wikidata
comic_credits,Q111803590:Q7408090:letterer,insert,wikidata
comic_credits,Q111803590:Q355652:penciller,insert,wikidata
comic_credits,Q111803590:Q311607:penciller,insert,wikidata
comic_credits,Q111803590:Q181900:writer,insert,wikidata
comic_characters,Q111803590:27,insert,wikidata
comic_characters,Q111803590:110,insert,wikidata
comic_characters,Q111803590:163,insert,wikidata
comic_characters,Q111803590:45,insert,wikidata
comic_characters,Q111803590:1,insert,wikidata
comic_characters,Q111803590:137,insert,wikidata
comic_characters,Q111803590:129,insert,wikidata
comic_characters,Q111803590:187,insert,wikidata
comic_credits,Q111838198:Q355652:cover_artist,insert,wikidata
comic_credits,Q111838198:Q181900:editor,insert,wikidata
comic_credits,Q111838198:Q355652:inker,insert,wikidata
comic_credits,Q111838198:Q4800998:letterer,insert,wikidata
comic_credits,Q111838198:Q355652:penciller,insert,wikidata
comic_credits,Q111838198:Q181900:writer,insert,wikidata
comic_characters,Q111838198:27,insert,wikidata
comic_characters,Q111838198:1,insert,wikidata
comic_characters,Q111838198:137,insert,wikidata
comic_characters,Q111838198:67,insert,wikidata
comic_characters,Q111838198:110,insert,wikidata
comic_characters,Q111838198:163,insert,wikidata
comic_characters,Q111838198:13,insert,wikidata
comic_credits,Q111893826:Q355652:cover_artist,insert,wikidata
comic_credits,Q111893826:Q311607:cover_artist,insert,wikidata
comic_credits,Q111893826:Q181900:editor,insert,wikidata
comic_credits,Q111893826:Q355652:inker,insert,wikidata
comic_credits,Q111893826:Q7408090:letterer,insert,wikidata
comic_credits,Q111893826:Q355652:penciller,insert,wikidata
comic_credits,Q111893826:Q181900:writer,insert,wikidata
comic_characters,Q111893826:27,insert,wikidata
comic_characters,Q111893826:1,insert,wikidata
comic_characters,Q111893826:137,insert,wikidata
comic_characters,Q111893826:67,insert,wikidata
comic_characters,Q111893826:110,insert,wikidata
comic_characters,Q111893826:163,insert,wikidata
comic_credits,Q111910227:Q355652:cover_artist,insert,wikidata
comic_credits,Q111910227:Q181900:editor,insert,wikidata
comic_credits,Q111910227:Q355652:inker,insert,wikidata
comic_credits,Q111910227:Q7408090:letterer,insert,wikidata
comic_credits,Q111910227:Q355652:penciller,insert,wikidata
comic_credits,Q111910227:Q181900:writer,insert,wikidata
comic_characters,Q111910227:27,insert,wikidata
comic_characters,Q111910227:1,insert,wikidata
comic_characters,Q111910227:67,insert,wikidata
comic_characters,Q111910227:10,insert,wikidata
comic_credits,Q111991793:Q355652:cover_artist,insert,wikidata
comic_credits,Q111991793:Q181900:editor,insert,wikidata
comic_credits,Q111991793:Q355652:inker,insert,wikidata
comic_credits,Q111991793:Q4800998:letterer,insert,wikidata
comic_credits,Q111991793:Q355652:penciller,insert,wikidata
comic_credits,Q111991793:Q181900:writer,insert,wikidata
comic_characters,Q111991793:27,insert,wikidata
comic_characters,Q111991793:1,insert,wikidata
comic_characters,Q111991793:137,insert,wikidata
comic_characters,Q111991793:67,insert,wikidata
comic_characters,Q111991793:110,insert,wikidata
comic_characters,Q111991793:163,insert,wikidata
comic_characters,Q111991793:10,insert,wikidata
comic_credits,Q111991823:Q355652:cover_artist,insert,wikidata
comic_credits,Q111991823:Q181900:editor,insert,wikidata
comic_credits,Q111991823:Q355652:inker,insert,wikidata
comic_credits,Q111991823:Q4800998:letterer,insert,wikidata
comic_credits,Q111991823:Q355652:penciller,insert,wikidata
comic_credits,Q111991823:Q181900:writer,insert,wikidata
comic_characters,Q111991823:27,insert,wikidata
comic_characters,Q111991823:1,insert,wikidata
comic_characters,Q111991823:137,insert,wikidata
comic_characters,Q111991823:67,insert,wikidata
comic_characters,Q111991823:110,insert,wikidata
comic_characters,Q111991823:163,insert,wikidata
comic_characters,Q111991823:26,insert,wikidata
comic_credits,Q111991841:Q355652:cover_artist,insert,wikidata
comic_credits,Q111991841:Q181900:editor,insert,wikidata
comic_credits,Q111991841:Q355652:inker,insert,wikidata
comic_credits,Q111991841:Q4800998:letterer,insert,wikidata
comic_credits,Q111991841:Q355652:penciller,insert,wikidata
comic_credits,Q111991841:Q181900:writer,insert,wikidata
comic_characters,Q111991841:27,insert,wikidata
comic_characters,Q111991841:1,insert,wikidata
comic_characters,Q111991841:137,insert,wikidata
comic_characters,Q111991841:67,insert,wikidata
comic_characters,Q111991841:110,insert,wikidata
comic_characters,Q111991841:163,insert,wikidata
comic_characters,Q111991841:117,insert,wikidata
comic_characters,Q111991841:18,insert,wikidata
comic_credits,Q111993510:Q355652:cover_artist,insert,wikidata
comic_credits,Q111993510:Q181900:editor,insert,wikidata
comic_credits,Q111993510:Q355652:inker,insert,wikidata
comic_credits,Q111993510:Q4800998:letterer,insert,wikidata
comic_credits,Q111993510:Q355652:penciller,insert,wikidata
comic_credits,Q111993510:Q181900:writer,insert,wikidata
comic_characters,Q111993510:27,insert,wikidata
comic_characters,Q111993510:1,insert,wikidata
comic_characters,Q111993510:137,insert,wikidata
comic_characters,Q111993510:67,insert,wikidata
comic_characters,Q111993510:110,insert,wikidata
comic_characters,Q111993510:163,insert,wikidata
comic_characters,Q111993510:20,insert,wikidata
comic_characters,Q111993510:7,insert,wikidata
comic_credits,Q111993550:Q355652:cover_artist,insert,wikidata
comic_credits,Q111993550:Q181900:editor,insert,wikidata
comic_credits,Q111993550:Q355652:inker,insert,wikidata
comic_credits,Q111993550:Q7408090:letterer,insert,wikidata
comic_credits,Q111993550:Q355652:penciller,insert,wikidata
comic_credits,Q111993550:Q181900:writer,insert,wikidata
comic_characters,Q111993550:27,insert,wikidata
comic_characters,Q111993550:8,insert,wikidata
comic_characters,Q111993550:1,insert,wikidata
comic_characters,Q111993550:137,insert,wikidata
comic_characters,Q111993550:67,insert,wikidata
comic_characters,Q111993550:224,insert,wikidata
comic_credits,Q112032186:Q7597659:colorist,insert,wikidata
comic_credits,Q112032186:Q355652:cover_artist,insert,wikidata
comic_credits,Q112032186:Q7597659:cover_artist,insert,wikidata
comic_credits,Q112032186:Q4800998:cover_artist,insert,wikidata
comic_credits,Q112032186:Q181900:editor,insert,wikidata
comic_credits,Q112032186:Q355652:inker,insert,wikidata
comic_credits,Q112032186:Q7408090:letterer,insert,wikidata
comic_credits,Q112032186:Q4800998:letterer,insert,wikidata
comic_credits,Q112032186:Q355652:penciller,insert,wikidata
comic_credits,Q112032186:Q181900:writer,insert,wikidata
comic_credits,Q112032186:Q355652:writer,insert,wikidata
comic_characters,Q112032186:27,insert,wikidata
comic_characters,Q112032186:1,insert,wikidata
comic_characters,Q112032186:110,insert,wikidata
comic_characters,Q112032186:163,insert,wikidata
comic_characters,Q112032186:137,insert,wikidata
comic_characters,Q112032186:67,insert,wikidata
comic_characters,Q112032186:10,insert,wikidata
comic_characters,Q112032186:13,insert,wikidata
comic_characters,Q112032186:20,insert,wikidata
comic_characters,Q112032186:26,insert,wikidata
comic_characters,Q112032186:29,insert,wikidata
comic_characters,Q112032186:45,insert,wikidata
comic_characters,Q112032186:5,insert,wikidata
comic_characters,Q112032186:136,insert,wikidata
comic_characters,Q112032186:249,insert,wikidata
comic_characters,Q112032186:44,insert,wikidata
comic_characters,Q112032186:11,insert,wikidata
comic_characters,Q112032186:187,insert,wikidata
comic_characters,Q112032186:129,insert,wikidata
comic_characters,Q112032186:87,insert,wikidata
comic_characters,Q112032186:64,insert,wikidata
comic_characters,Q112032186:132,insert,wikidata
comic_characters,Q112032186:214,insert,wikidata
comic_characters,Q112032186:78,insert,wikidata
comic_characters,Q112032186:7,insert,wikidata
comic_characters,Q112032186:42,insert,wikidata
comic_characters,Q112032186:9,insert,wikidata
comic_characters,Q112032186:21,insert,wikidata
comic_characters,Q112032186:117,insert,wikidata
comic_characters,Q112032186:18,insert,wikidata
comic_credits,Q112042756:Q355652:cover_artist,insert,wikidata
comic_credits,Q112042756:Q181900:editor,insert,wikidata
comic_credits,Q112042756:Q355652:inker,insert,wikidata
comic_credits,Q112042756:Q7408090:letterer,insert,wikidata
comic_credits,Q112042756:Q355652:penciller,insert,wikidata
comic_credits,Q112042756:Q181900:writer,insert,wikidata
comic_characters,Q112042756:27,insert,wikidata
comic_characters,Q112042756:1,insert,wikidata
comic_characters,Q112042756:129,insert,wikidata
comic_characters,Q112042756:137,insert,wikidata
comic_characters,Q112042756:67,insert,wikidata
comic_characters,Q112042756:110,insert,wikidata
comic_characters,Q112042756:163,insert,wikidata
comic_characters,Q112042756:117,insert,wikidata
comic_credits,Q112227815:Q355652:cover_artist,insert,wikidata
comic_credits,Q112227815:Q181900:editor,insert,wikidata
comic_credits,Q112227815:Q355652:inker,insert,wikidata
comic_credits,Q112227815:Q7408090:letterer,insert,wikidata
comic_credits,Q112227815:Q355652:penciller,insert,wikidata
comic_credits,Q112227815:Q181900:writer,insert,wikidata
comic_characters,Q112227815:27,insert,wikidata
comic_characters,Q112227815:1,insert,wikidata
comic_characters,Q112227815:137,insert,wikidata
comic_characters,Q112227815:67,insert,wikidata
comic_characters,Q112227815:196,insert,wikidata
comic_characters,Q112227815:110,insert,wikidata
comic_characters,Q112227815:163,insert,wikidata
comic_characters,Q112227815:29,insert,wikidata
comic_characters,Q112227815:117,insert,wikidata
comic_characters,Q112227815:10,insert,wikidata
comic_characters,Q112227815:20,insert,wikidata
comic_characters,Q112227815:45,insert,wikidata
comic_characters,Q112227815:187,insert,wikidata
comic_characters,Q112227815:129,insert,wikidata
comic_characters,Q112227815:136,insert,wikidata
comic_characters,Q112227815:5,insert,wikidata
comic_characters,Q112227815:249,insert,wikidata
comic_characters,Q112227815:8,insert,wikidata
comic_credits,Q112228343:Q355652:cover_artist,insert,wikidata
comic_credits,Q112228343:Q181900:editor,insert,wikidata
comic_credits,Q112228343:Q355652:inker,insert,wikidata
comic_credits,Q112228343:Q7408090:letterer,insert,wikidata
comic_credits,Q112228343:Q355652:penciller,insert,wikidata
comic_credits,Q112228343:Q181900:writer,insert,wikidata
comic_characters,Q112228343:27,insert,wikidata
comic_characters,Q112228343:1,insert,wikidata
comic_characters,Q112228343:137,insert,wikidata
comic_characters,Q112228343:67,insert,wikidata
comic_characters,Q112228343:196,insert,wikidata
comic_characters,Q112228343:110,insert,wikidata
comic_characters,Q112228343:163,insert,wikidata
comic_characters,Q112228343:29,insert,wikidata
comic_characters,Q112228343:129,insert,wikidata
comic_characters,Q112228343:30,insert,wikidata
comic_credits,Q112229108:Q355652:cover_artist,insert,wikidata
comic_credits,Q112229108:Q7597659:cover_artist,insert,wikidata
comic_credits,Q112229108:Q7408090:cover_artist,insert,wikidata
comic_credits,Q112229108:Q181900:editor,insert,wikidata
comic_credits,Q112229108:Q355652:inker,insert,wikidata
comic_credits,Q112229108:Q7408090:letterer,insert,wikidata
comic_credits,Q112229108:Q355652:penciller,insert,wikidata
comic_credits,Q112229108:Q181900:writer,insert,wikidata
comic_characters,Q112229108:27,insert,wikidata
comic_characters,Q112229108:1,insert,wikidata
comic_characters,Q112229108:137,insert,wikidata
comic_characters,Q112229108:67,insert,wikidata
comic_characters,Q112229108:110,insert,wikidata
comic_characters,Q112229108:163,insert,wikidata
comic_characters,Q112229108:30,insert,wikidata
comic_characters,Q112229108:196,insert,wikidata
comic_characters,Q112229108:108,insert,wikidata
comic_credits,Q112332734:Q355652:cover_artist,insert,wikidata
comic_credits,Q112332734:Q181900:editor,insert,wikidata
comic_credits,Q112332734:Q355652:inker,insert,wikidata
comic_credits,Q112332734:Q7408090:letterer,insert,wikidata
comic_credits,Q112332734:Q355652:penciller,insert,wikidata
comic_credits,Q112332734:Q181900:writer,insert,wikidata
comic_characters,Q112332734:27,insert,wikidata
comic_characters,Q112332734:129,insert,wikidata
comic_characters,Q112332734:67,insert,wikidata
comic_characters,Q112332734:137,insert,wikidata
comic_characters,Q112332734:1,insert,wikidata
comic_characters,Q112332734:110,insert,wikidata
comic_credits,Q1142052:Q1351554:author,insert,wikidata
comic_credits,Q115337401:Q355652:cover_artist,insert,wikidata
comic_credits,Q115337401:Q181900:editor,insert,wikidata
comic_credits,Q115337401:Q355652:inker,insert,wikidata
comic_credits,Q115337401:Q4800998:letterer,insert,wikidata
comic_credits,Q115337401:Q355652:penciller,insert,wikidata
comic_credits,Q115337401:Q181900:writer,insert,wikidata
comic_characters,Q115337401:27,insert,wikidata
comic_characters,Q115337401:1,insert,wikidata
comic_characters,Q115337401:110,insert,wikidata
comic_characters,Q115337401:163,insert,wikidata
comic_characters,Q115337401:137,insert,wikidata
comic_characters,Q115337401:67,insert,wikidata
comic_characters,Q115337401:224,insert,wikidata
comic_credits,Q115355213:Q355652:cover_artist,insert,wikidata
comic_credits,Q115355213:Q181900:editor,insert,wikidata
comic_credits,Q115355213:Q355652:inker,insert,wikidata
comic_credits,Q115355213:Q4800998:letterer,insert,wikidata
comic_credits,Q115355213:Q355652:penciller,insert,wikidata
comic_credits,Q115355213:Q181900:writer,insert,wikidata
comic_characters,Q115355213:27,insert,wikidata
comic_characters,Q115355213:1,insert,wikidata
comic_characters,Q115355213:137,insert,wikidata
comic_characters,Q115355213:67,insert,wikidata
comic_characters,Q115355213:117,insert,wikidata
comic_credits,Q115355419:Q355652:cover_artist,insert,wikidata
comic_credits,Q115355419:Q181900:editor,insert,wikidata
comic_credits,Q115355419:Q355652:inker,insert,wikidata
comic_credits,Q115355419:Q7408090:letterer,insert,wikidata
comic_credits,Q115355419:Q355652:penciller,insert,wikidata
comic_credits,Q115355419:Q181900:writer,insert,wikidata
comic_characters,Q115355419:27,insert,wikidata
comic_characters,Q115355419:1,insert,wikidata
comic_characters,Q115355419:67,insert,wikidata
comic_characters,Q115355419:137,insert,wikidata
comic_characters,Q115355419:110,insert,wikidata
comic_characters,Q115355419:163,insert,wikidata
comic_characters,Q115355419:26,insert,wikidata
comic_credits,Q115357829:Q355652:cover_artist,insert,wikidata
comic_credits,Q115357829:Q181900:editor,insert,wikidata
comic_credits,Q115357829:Q355652:inker,insert,wikidata
comic_credits,Q115357829:Q7408090:letterer,insert,wikidata
comic_credits,Q115357829:Q355652:penciller,insert,wikidata
comic_credits,Q115357829:Q181900:writer,insert,wikidata
comic_characters,Q115357829:27,insert,wikidata
comic_characters,Q115357829:137,insert,wikidata
comic_characters,Q115357829:67,insert,wikidata
comic_characters,Q115357829:1,insert,wikidata
comic_characters,Q115357829:110,insert,wikidata
comic_characters,Q115357829:163,insert,wikidata
comic_characters,Q115357829:241,insert,wikidata
comic_characters,Q115357829:178,insert,wikidata
comic_characters,Q115357829:117,insert,wikidata
comic_credits,Q115357991:Q355652:cover_artist,insert,wikidata
comic_credits,Q115357991:Q181900:editor,insert,wikidata
comic_credits,Q115357991:Q355652:inker,insert,wikidata
comic_credits,Q115357991:Q7408090:letterer,insert,wikidata
comic_credits,Q115357991:Q355652:penciller,insert,wikidata
comic_credits,Q115357991:Q181900:writer,insert,wikidata
comic_characters,Q115357991:27,insert,wikidata
comic_characters,Q115357991:1,insert,wikidata
comic_characters,Q115357991:67,insert,wikidata
comic_characters,Q115357991:137,insert,wikidata
comic_characters,Q115357991:110,insert,wikidata
comic_characters,Q115357991:163,insert,wikidata
comic_characters,Q115357991:117,insert,wikidata
comic_credits,Q115383537:Q355652:cover_artist,insert,wikidata
comic_credits,Q115383537:Q181900:editor,insert,wikidata
comic_credits,Q115383537:Q355652:inker,insert,wikidata
comic_credits,Q115383537:Q4800998:letterer,insert,wikidata
comic_credits,Q115383537:Q355652:penciller,insert,wikidata
comic_credits,Q115383537:Q181900:writer,insert,wikidata
comic_characters,Q115383537:27,insert,wikidata
comic_characters,Q115383537:1,insert,wikidata
comic_characters,Q115383537:137,insert,wikidata
comic_characters,Q115383537:67,insert,wikidata
comic_characters,Q115383537:196,insert,wikidata
comic_characters,Q115383537:110,insert,wikidata
comic_characters,Q115383537:163,insert,wikidata
comic_credits,Q115383692:Q355652:cover_artist,insert,wikidata
comic_credits,Q115383692:Q181900:editor,insert,wikidata
comic_credits,Q115383692:Q355652:inker,insert,wikidata
comic_credits,Q115383692:Q7408090:letterer,insert,wikidata
comic_credits,Q115383692:Q355652:penciller,insert,wikidata
comic_credits,Q115383692:Q181900:writer,insert,wikidata
comic_characters,Q115383692:27,insert,wikidata
comic_characters,Q115383692:137,insert,wikidata
comic_characters,Q115383692:67,insert,wikidata
comic_characters,Q115383692:196,insert,wikidata
comic_characters,Q115383692:1,insert,wikidata
comic_characters,Q115383692:16,insert,wikidata
comic_characters,Q115383692:15,insert,wikidata
comic_credits,Q115387349:Q355652:cover_artist,insert,wikidata
comic_credits,Q115387349:Q181900:editor,insert,wikidata
comic_credits,Q115387349:Q355652:inker,insert,wikidata
comic_credits,Q115387349:Q4800998:letterer,insert,wikidata
comic_credits,Q115387349:Q355652:penciller,insert,wikidata
comic_credits,Q115387349:Q181900:writer,insert,wikidata
comic_characters,Q115387349:27,insert,wikidata
comic_characters,Q115387349:137,insert,wikidata
comic_characters,Q115387349:67,insert,wikidata
comic_characters,Q115387349:196,insert,wikidata
comic_characters,Q115387349:1,insert,wikidata
comic_characters,Q115387349:10,insert,wikidata
comic_characters,Q115387349:21,insert,wikidata
comic_credits,Q115387486:Q355652:cover_artist,insert,wikidata
comic_credits,Q115387486:Q7408090:cover_artist,insert,wikidata
comic_credits,Q115387486:Q7597659:cover_artist,insert,wikidata
comic_credits,Q115387486:Q181900:editor,insert,wikidata
comic_credits,Q115387486:Q355652:inker,insert,wikidata
comic_credits,Q115387486:Q4800998:letterer,insert,wikidata
comic_credits,Q115387486:Q355652:penciller,insert,wikidata
comic_credits,Q115387486:Q181900:writer,insert,wikidata
comic_characters,Q115387486:27,insert,wikidata
comic_characters,Q115387486:1,insert,wikidata
comic_characters,Q115387486:137,insert,wikidata
comic_characters,Q115387486:67,insert,wikidata
comic_characters,Q115387486:21,insert,wikidata
comic_characters,Q115387486:44,insert,wikidata
comic_credits,Q115407131:Q355652:cover_artist,insert,wikidata
comic_credits,Q115407131:Q181900:editor,insert,wikidata
comic_credits,Q115407131:Q355652:inker,insert,wikidata
comic_credits,Q115407131:Q4800998:letterer,insert,wikidata
comic_credits,Q115407131:Q355652:penciller,insert,wikidata
comic_credits,Q115407131:Q181900:writer,insert,wikidata
comic_characters,Q115407131:27,insert,wikidata
comic_characters,Q115407131:137,insert,wikidata
comic_characters,Q115407131:16,insert,wikidata
comic_characters,Q115407131:110,insert,wikidata
comic_characters,Q115407131:15,insert,wikidata
comic_characters,Q115407131:183,insert,wikidata
comic_characters,Q115407131:117,insert,wikidata
comic_credits,Q115411171:Q1484216:cover_artist,insert,wikidata
comic_credits,Q115411171:Q1933143:cover_artist,insert,wikidata
comic_credits,Q115411171:Q7408090:cover_artist,insert,wikidata
comic_credits,Q115411171:Q181900:editor,insert,wikidata
comic_credits,Q115411171:Q1933143:inker,insert,wikidata
comic_credits,Q115411171:Q1484216:inker,insert,wikidata
comic_credits,Q115411171:Q4800998:letterer,insert,wikidata
comic_credits,Q115411171:Q1484216:penciller,insert,wikidata
comic_credits,Q115411171:Q181900:writer,insert,wikidata
comic_characters,Q115411171:27,insert,wikidata
comic_characters,Q115411171:1,insert,wikidata
comic_characters,Q115411171:137,insert,wikidata
comic_characters,Q115411171:67,insert,wikidata
comic_characters,Q115411171:196,insert,wikidata
comic_characters,Q115411171:16,insert,wikidata
comic_characters,Q115411171:28,insert,wikidata
comic_characters,Q115411171:150,insert,wikidata
comic_characters,Q115411171:110,insert,wikidata
comic_characters,Q115411171:15,insert,wikidata
comic_credits,Q115422697:Q512997:colorist,insert,wikidata
comic_credits,Q115422697:Q6148187:colorist,insert,wikidata
comic_credits,Q115422697:Q3292795:colorist,insert,wikidata
comic_credits,Q115422697:Q3013001:inker,insert,wikidata
comic_credits,Q115422697:Q512997:inker,insert,wikidata
comic_credits,Q115422697:Q355652:inker,insert,wikidata
comic_credits,Q115422697:Q1837116:inker,insert,wikidata
comic_credits,Q115422697:Q7407538:inker,insert,wikidata
comic_credits,Q115422697:Q6148187:inker,insert,wikidata
comic_credits,Q115422697:Q3292795:inker,insert,wikidata
comic_credits,Q115422697:Q569239:inker,insert,wikidata
comic_credits,Q115422697:Q111382385:letterer,insert,wikidata
comic_credits,Q115422697:Q7408090:letterer,insert,wikidata
comic_credits,Q115422697:Q4800998:letterer,insert,wikidata
comic_credits,Q115422697:Q63197678:letterer,insert,wikidata
comic_credits,Q115422697:Q64138751:letterer,insert,wikidata
comic_credits,Q115422697:Q3013001:penciller,insert,wikidata
comic_credits,Q115422697:Q512997:penciller,insert,wikidata
comic_credits,Q115422697:Q1266750:penciller,insert,wikidata
comic_credits,Q115422697:Q355652:penciller,insert,wikidata
comic_credits,Q115422697:Q6148187:penciller,insert,wikidata
comic_credits,Q115422697:Q3292795:penciller,insert,wikidata
comic_credits,Q115422697:Q569239:penciller,insert,wikidata
comic_credits,Q115422697:Q2570004:penciller,insert,wikidata
comic_credits,Q115422697:Q181900:writer,insert,wikidata
comic_credits,Q115422697:Q981976:writer,insert,wikidata
comic_characters,Q115422697:11,insert,wikidata
comic_credits,Q115424368:Q181900:author,insert,wikidata
comic_credits,Q115424368:Q7597659:colorist,insert,wikidata
comic_credits,Q115424368:Q311607:cover_artist,insert,wikidata
comic_credits,Q115424368:Q3026563:cover_artist,insert,wikidata
comic_credits,Q115424368:Q181900:editor,insert,wikidata
comic_credits,Q115424368:Q5541376:inker,insert,wikidata
comic_credits,Q115424368:Q5113177:inker,insert,wikidata
comic_credits,Q115424368:Q4800998:letterer,insert,wikidata
comic_credits,Q115424368:Q311607:penciller,insert,wikidata
comic_characters,Q115424368:187,insert,wikidata
comic_characters,Q115424368:129,insert,wikidata
comic_credits,Q115433274:Q181900:author,insert,wikidata
comic_credits,Q115433274:Q7597659:colorist,insert,wikidata
comic_credits,Q115433274:Q311607:cover_artist,insert,wikidata
comic_credits,Q115433274:Q3026563:cover_artist,insert,wikidata
comic_credits,Q115433274:Q181900:editor,insert,wikidata
comic_credits,Q115433274:Q5541376:inker,insert,wikidata
comic_credits,Q115433274:Q111794088:letterer,insert,wikidata
comic_credits,Q115433274:Q311607:penciller,insert,wikidata
comic_characters,Q115433274:187,insert,wikidata
comic_characters,Q115433274:129,insert,wikidata
comic_credits,Q115438213:Q181900:author,insert,wikidata
comic_credits,Q115438213:Q7597659:colorist,insert,wikidata
comic_credits,Q115438213:Q311607:cover_artist,insert,wikidata
comic_credits,Q115438213:Q630770:cover_artist,insert,wikidata
comic_credits,Q115438213:Q181900:editor,insert,wikidata
comic_credits,Q115438213:Q630770:inker,insert,wikidata
comic_credits,Q115438213:Q4800998:letterer,insert,wikidata
comic_credits,Q115438213:Q311607:penciller,insert,wikidata
comic_characters,Q115438213:187,insert,wikidata
comic_characters,Q115438213:129,insert,wikidata
comic_characters,Q115438213:9,insert,wikidata
comic_credits,Q115453642:Q7597659:colorist,insert,wikidata
comic_credits,Q115453642:Q3026563:inker,insert,wikidata
comic_credits,Q115453642:Q355652:inker,insert,wikidata
comic_credits,Q115453642:Q311607:inker,insert,wikidata
comic_credits,Q115453642:Q7153168:inker,insert,wikidata
comic_credits,Q115453642:Q4800998:letterer,insert,wikidata
comic_credits,Q115453642:Q3809178:letterer,insert,wikidata
comic_credits,Q115453642:Q115455572:letterer,insert,wikidata
comic_credits,Q115453642:Q355652:penciller,insert,wikidata
comic_credits,Q115453642:Q311607:penciller,insert,wikidata
comic_credits,Q115453642:Q181900:writer,insert,wikidata
comic_credits,Q115453680:Q181900:author,insert,wikidata
comic_credits,Q115453680:Q311607:cover_artist,insert,wikidata
comic_credits,Q115453680:Q3101880:cover_artist,insert,wikidata
comic_credits,Q115453680:Q181900:editor,insert,wikidata
comic_credits,Q115453680:Q7153168:inker,insert,wikidata
comic_credits,Q115453680:Q4800998:letterer,insert,wikidata
comic_credits,Q115453680:Q311607:penciller,insert,wikidata
comic_characters,Q115453680:18,insert,wikidata
comic_credits,Q115454003:Q181900:author,insert,wikidata
comic_credits,Q115454003:Q311607:cover_artist,insert,wikidata
comic_credits,Q115454003:Q355652:cover_artist,insert,wikidata
comic_credits,Q115454003:Q181900:editor,insert,wikidata
comic_credits,Q115454003:Q3026563:inker,insert,wikidata
comic_credits,Q115454003:Q4800998:letterer,insert,wikidata
comic_credits,Q115454003:Q311607:penciller,insert,wikidata
comic_characters,Q115454003:18,insert,wikidata
comic_characters,Q115454003:224,insert,wikidata
comic_credits,Q115456440:Q181900:author,insert,wikidata
comic_credits,Q115456440:Q311607:author,insert,wikidata
comic_credits,Q115456440:Q7597659:colorist,insert,wikidata
comic_credits,Q115456440:Q311607:cover_artist,insert,wikidata
comic_credits,Q115456440:Q181900:editor,insert,wikidata
comic_credits,Q115456440:Q3026563:inker,insert,wikidata
comic_credits,Q115456440:Q4800998:letterer,insert,wikidata
comic_credits,Q115456440:Q311607:penciller,insert,wikidata
comic_characters,Q115456440:198,insert,wikidata
comic_credits,Q115460094:Q725384:author,insert,wikidata
comic_credits,Q115460094:Q311607:author,insert,wikidata
comic_credits,Q115460094:Q5478284:author,insert,wikidata
comic_credits,Q115460094:Q725384:editor,insert,wikidata
comic_credits,Q115460094:Q115460211:inker,insert,wikidata
comic_credits,Q115460094:Q725384:inker,insert,wikidata
comic_credits,Q115460094:Q311607:inker,insert,wikidata
comic_credits,Q115460094:Q311607:letterer,insert,wikidata
comic_credits,Q115460094:Q311607:penciller,insert,wikidata
comic_credits,Q115460094:Q725384:penciller,insert,wikidata
comic_characters,Q115460094:5,insert,wikidata
comic_credits,Q115466677:Q964815:writer,insert,wikidata
comic_credits,Q115466677:Q362217:writer,insert,wikidata
comic_credits,Q115466677:Q2907698:writer,insert,wikidata
comic_credits,Q117199052:Q1476318:author,insert,wikidata
comic_credits,Q117199052:Q56861740:colorist,insert,wikidata
comic_credits,Q117199052:Q2907736:cover_artist,insert,wikidata
comic_credits,Q117199052:Q703897:editor,insert,wikidata
comic_credits,Q117199052:Q354513:inker,insert,wikidata
comic_credits,Q117199052:Q6212079:letterer,insert,wikidata
comic_credits,Q117199052:Q731726:penciller,insert,wikidata
comic_characters,Q117199052:5,insert,wikidata
comic_characters,Q117199052:125,insert,wikidata
comic_characters,Q117199052:146,insert,wikidata
comic_characters,Q117199052:249,insert,wikidata
comic_characters,Q117199052:129,insert,wikidata
comic_characters,Q117199052:187,insert,wikidata
comic_characters,Q117199052:214,insert,wikidata
comic_characters,Q117199052:46,insert,wikidata
comic_characters,Q117199052:87,insert,wikidata
comic_characters,Q117199052:229,insert,wikidata
comic_characters,Q117199052:243,insert,wikidata
comic_characters,Q117199052:27,insert,wikidata
comic_characters,Q117199052:18,insert,wikidata
comic_characters,Q117199052:171,insert,wikidata
comic_characters,Q117199052:9,insert,wikidata
comic_characters,Q117199052:10,insert,wikidata
comic_characters,Q117199052:21,insert,wikidata
comic_characters,Q117199052:111,insert,wikidata
comic_characters,Q117199052:22,insert,wikidata
comic_characters,Q117199052:211,insert,wikidata
comic_credits,Q118119712:Q1484216:cover_artist,insert,wikidata
comic_credits,Q118119712:Q7597659:cover_artist,insert,wikidata
comic_credits,Q118119712:Q7408090:cover_artist,insert,wikidata
comic_credits,Q118119712:Q181900:editor,insert,wikidata
comic_credits,Q118119712:Q1484216:inker,insert,wikidata
comic_credits,Q118119712:Q7408090:letterer,insert,wikidata
comic_credits,Q118119712:Q1484216:penciller,insert,wikidata
comic_credits,Q118119712:Q181900:writer,insert,wikidata
comic_characters,Q118119712:27,insert,wikidata
comic_characters,Q118119712:137,insert,wikidata
comic_characters,Q118119712:67,insert,wikidata
comic_characters,Q118119712:196,insert,wikidata
comic_characters,Q118119712:16,insert,wikidata
comic_characters,Q118119712:110,insert,wikidata
comic_characters,Q118119712:28,insert,wikidata
comic_characters,Q118119712:150,insert,wikidata
comic_characters,Q118119712:1,insert,wikidata
comic_characters,Q118119712:178,insert,wikidata
comic_characters,Q118119712:15,insert,wikidata
comic_credits,Q118120049:Q3292795:colorist,insert,wikidata
comic_credits,Q118120049:Q1484216:cover_artist,insert,wikidata
comic_credits,Q118120049:Q7597659:cover_artist,insert,wikidata
comic_credits,Q118120049:Q7408090:cover_artist,insert,wikidata
comic_credits,Q118120049:Q181900:editor,insert,wikidata
comic_credits,Q118120049:Q1484216:inker,insert,wikidata
comic_credits,Q118120049:Q7408090:letterer,insert,wikidata
comic_credits,Q118120049:Q1484216:penciller,insert,wikidata
comic_credits,Q118120049:Q181900:writer,insert,wikidata
comic_characters,Q118120049:27,insert,wikidata
comic_characters,Q118120049:1,insert,wikidata
comic_characters,Q118120049:137,insert,wikidata
comic_characters,Q118120049:15,insert,wikidata
comic_characters,Q118120049:178,insert,wikidata
comic_characters,Q118120049:31,insert,wikidata
comic_characters,Q118120049:16,insert,wikidata
comic_characters,Q118120049:110,insert,wikidata
comic_credits,Q118419196:Q181900:author,insert,wikidata
comic_credits,Q118419196:Q355652:author,insert,wikidata
comic_credits,Q118419196:Q7597659:colorist,insert,wikidata
comic_credits,Q118419196:Q181900:editor,insert,wikidata
comic_credits,Q118419196:Q355652:inker,insert,wikidata
comic_credits,Q118419196:Q4800998:letterer,insert,wikidata
comic_credits,Q118419196:Q355652:penciller,insert,wikidata
comic_characters,Q118419196:27,insert,wikidata
comic_characters,Q118419196:1,insert,wikidata
comic_characters,Q118419196:44,insert,wikidata
comic_characters,Q118419196:110,insert,wikidata
comic_characters,Q118419196:163,insert,wikidata
comic_characters,Q118419196:78,insert,wikidata
comic_credits,Q119006532:Q1484216:cover_artist,insert,wikidata
comic_credits,Q119006532:Q7597659:cover_artist,insert,wikidata
comic_credits,Q119006532:Q7408090:cover_artist,insert,wikidata
comic_credits,Q119006532:Q181900:editor,insert,wikidata
comic_credits,Q119006532:Q1933143:inker,insert,wikidata
comic_credits,Q119006532:Q7408090:letterer,insert,wikidata
comic_credits,Q119006532:Q1484216:penciller,insert,wikidata
comic_credits,Q119006532:Q181900:writer,insert,wikidata
comic_characters,Q119006532:27,insert,wikidata
comic_characters,Q119006532:15,insert,wikidata
comic_characters,Q119006532:16,insert,wikidata
comic_characters,Q119006532:178,insert,wikidata
comic_characters,Q119006532:137,insert,wikidata
comic_characters,Q119006532:67,insert,wikidata
comic_characters,Q119006532:19,insert,wikidata
comic_characters,Q119006532:1,insert,wikidata
comic_characters,Q119006532:44,insert,wikidata
comic_characters,Q119006532:78,insert,wikidata
comic_credits,Q119007618:Q1484216:cover_artist,insert,wikidata
comic_credits,Q119007618:Q181900:editor,insert,wikidata
comic_credits,Q119007618:Q1933143:inker,insert,wikidata
comic_credits,Q119007618:Q7408090:letterer,insert,wikidata
comic_credits,Q119007618:Q1484216:penciller,insert,wikidata
comic_credits,Q119007618:Q181900:writer,insert,wikidata
comic_characters,Q119007618:27,insert,wikidata
comic_characters,Q119007618:137,insert,wikidata
comic_characters,Q119007618:196,insert,wikidata
comic_characters,Q119007618:227,insert,wikidata
comic_characters,Q119007618:67,insert,wikidata
comic_characters,Q119007618:19,insert,wikidata
comic_characters,Q119007618:178,insert,wikidata
comic_characters,Q119007618:16,insert,wikidata
comic_characters,Q119007618:15,insert,wikidata
comic_credits,Q1199721:Q599109:creator,insert,wikidata
comic_credits,Q1199721:Q720012:creator,insert,wikidata
comic_characters,Q1199721:27,insert,wikidata
comic_credits,Q123401577:Q1484216:cover_artist,insert,wikidata
comic_credits,Q123401577:Q181900:editor,insert,wikidata
comic_credits,Q123401577:Q1933143:inker,insert,wikidata
comic_credits,Q123401577:Q7408090:letterer,insert,wikidata
comic_credits,Q123401577:Q1484216:penciller,insert,wikidata
comic_credits,Q123401577:Q181900:writer,insert,wikidata
comic_characters,Q123401577:27,insert,wikidata
comic_characters,Q123401577:16,insert,wikidata
comic_characters,Q123401577:15,insert,wikidata
comic_characters,Q123401577:1,insert,wikidata
comic_characters,Q123401577:178,insert,wikidata
comic_characters,Q123401577:150,insert,wikidata
comic_characters,Q123401577:10,insert,wikidata
comic_characters,Q123401577:137,insert,wikidata
comic_characters,Q123401577:227,insert,wikidata
comic_characters,Q123401577:67,insert,wikidata
comic_characters,Q123401577:115,insert,wikidata
comic_credits,Q124882349:Q631369:author,insert,wikidata
comic_credits,Q124882349:Q5572951:colorist,insert,wikidata
comic_credits,Q124882349:Q2570:cover_artist,insert,wikidata
comic_credits,Q124882349:Q5213603:cover_artist,insert,wikidata
comic_credits,Q124882349:Q115661081:cover_artist,insert,wikidata
comic_credits,Q124882349:Q2850412:editor,insert,wikidata
comic_credits,Q124882349:Q5213603:inker,insert,wikidata
comic_credits,Q124882349:Q7817125:letterer,insert,wikidata
comic_credits,Q124882349:Q2570:penciller,insert,wikidata
comic_characters,Q124882349:200,insert,wikidata
comic_characters,Q124882349:211,insert,wikidata
comic_characters,Q124882349:46,insert,wikidata
comic_characters,Q124882349:229,insert,wikidata
comic_characters,Q124882349:214,insert,wikidata
comic_characters,Q124882349:243,insert,wikidata
comic_characters,Q124882349:109,insert,wikidata
comic_credits,Q125217454:Q7612078:colorist,insert,wikidata
comic_credits,Q125217454:Q15511907:colorist,insert,wikidata
comic_credits,Q125217454:Q3186347:colorist,insert,wikidata
comic_credits,Q125217454:Q723788:inker,insert,wikidata
comic_credits,Q125217454:Q107491127:inker,insert,wikidata
comic_credits,Q125217454:Q15511907:inker,insert,wikidata
comic_credits,Q125217454:Q353573:inker,insert,wikidata
comic_credits,Q125217454:Q1322629:inker,insert,wikidata
comic_credits,Q125217454:Q3186347:inker,insert,wikidata
comic_credits,Q125217454:Q6148187:inker,insert,wikidata
comic_credits,Q125217454:Q15459584:letterer,insert,wikidata
comic_credits,Q125217454:Q7983634:letterer,insert,wikidata
comic_credits,Q125217454:Q138297117:letterer,insert,wikidata
comic_credits,Q125217454:Q109379640:letterer,insert,wikidata
comic_credits,Q125217454:Q7363815:penciller,insert,wikidata
comic_credits,Q125217454:Q642413:penciller,insert,wikidata
comic_credits,Q125217454:Q15511907:penciller,insert,wikidata
comic_credits,Q125217454:Q723788:penciller,insert,wikidata
comic_credits,Q125217454:Q353573:penciller,insert,wikidata
comic_credits,Q125217454:Q1322629:penciller,insert,wikidata
comic_credits,Q125217454:Q3186347:penciller,insert,wikidata
comic_credits,Q125217454:Q5041566:penciller,insert,wikidata
comic_credits,Q125217454:Q1114638:writer,insert,wikidata
comic_credits,Q125217454:Q129371:writer,insert,wikidata
comic_credits,Q125217454:Q1351554:writer,insert,wikidata
comic_credits,Q125217460:Q129219712:colorist,insert,wikidata
comic_credits,Q125217460:Q111600209:colorist,insert,wikidata
comic_credits,Q125217460:Q138297068:colorist,insert,wikidata
comic_credits,Q125217460:Q111936452:colorist,insert,wikidata
comic_credits,Q125217460:Q133606258:colorist,insert,wikidata
comic_credits,Q125217460:Q63997763:colorist,insert,wikidata
comic_credits,Q125217460:Q124640794:colorist,insert,wikidata
comic_credits,Q125217460:Q111962258:colorist,insert,wikidata
comic_credits,Q125217460:Q91868484:colorist,insert,wikidata
comic_credits,Q125217460:Q88602177:colorist,insert,wikidata
comic_credits,Q125217460:Q3229194:colorist,insert,wikidata
comic_credits,Q125217460:Q1341343:inker,insert,wikidata
comic_credits,Q125217460:Q353573:inker,insert,wikidata
comic_credits,Q125217460:Q3498909:inker,insert,wikidata
comic_credits,Q125217460:Q1377900:inker,insert,wikidata
comic_credits,Q125217460:Q1799972:inker,insert,wikidata
comic_credits,Q125217460:Q3012313:inker,insert,wikidata
comic_credits,Q125217460:Q64138619:inker,insert,wikidata
comic_credits,Q125217460:Q3186347:inker,insert,wikidata
comic_credits,Q125217460:Q1544940:inker,insert,wikidata
comic_credits,Q125217460:Q112531991:inker,insert,wikidata
comic_credits,Q125217460:Q729414:inker,insert,wikidata
comic_credits,Q125217460:Q48772137:inker,insert,wikidata
comic_credits,Q125217460:Q133606258:inker,insert,wikidata
comic_credits,Q125217460:Q106020194:inker,insert,wikidata
comic_credits,Q125217460:Q685944:inker,insert,wikidata
comic_credits,Q125217460:Q19667897:inker,insert,wikidata
comic_credits,Q125217460:Q121789594:inker,insert,wikidata
comic_credits,Q125217460:Q88602177:inker,insert,wikidata
comic_credits,Q125217460:Q3229194:inker,insert,wikidata
comic_credits,Q125217460:Q109103476:letterer,insert,wikidata
comic_credits,Q125217460:Q5106487:letterer,insert,wikidata
comic_credits,Q125217460:Q1341343:penciller,insert,wikidata
comic_credits,Q125217460:Q5386095:penciller,insert,wikidata
comic_credits,Q125217460:Q7488038:penciller,insert,wikidata
comic_credits,Q125217460:Q353573:penciller,insert,wikidata
comic_credits,Q125217460:Q3498909:penciller,insert,wikidata
comic_credits,Q125217460:Q1377900:penciller,insert,wikidata
comic_credits,Q125217460:Q3012313:penciller,insert,wikidata
comic_credits,Q125217460:Q3186347:penciller,insert,wikidata
comic_credits,Q125217460:Q1544940:penciller,insert,wikidata
comic_credits,Q125217460:Q729414:penciller,insert,wikidata
comic_credits,Q125217460:Q133606258:penciller,insert,wikidata
comic_credits,Q125217460:Q732218:penciller,insert,wikidata
comic_credits,Q125217460:Q3086857:penciller,insert,wikidata
comic_credits,Q125217460:Q7817329:penciller,insert,wikidata
comic_credits,Q125217460:Q685944:penciller,insert,wikidata
comic_credits,Q125217460:Q19667897:penciller,insert,wikidata
comic_credits,Q125217460:Q4913357:penciller,insert,wikidata
comic_credits,Q125217460:Q88602177:penciller,insert,wikidata
comic_credits,Q125217460:Q3229194:penciller,insert,wikidata
comic_credits,Q125217460:Q13220782:writer,insert,wikidata
comic_credits,Q125217467:Q113010692:inker,insert,wikidata
comic_credits,Q125217467:Q109379640:letterer,insert,wikidata
comic_credits,Q125217467:Q113010692:penciller,insert,wikidata
comic_credits,Q125217467:Q112548200:writer,insert,wikidata
comic_characters,Q125217467:18,insert,wikidata
comic_credits,Q125241309:Q732218:penciller,insert,wikidata
comic_credits,Q125241309:Q132930261:penciller,insert,wikidata
comic_credits,Q125241309:Q1544940:penciller,insert,wikidata
comic_credits,Q125241309:Q4913357:penciller,insert,wikidata
comic_credits,Q125241309:Q47321085:penciller,insert,wikidata
comic_credits,Q125241309:Q5216353:penciller,insert,wikidata
comic_credits,Q125241309:Q7363815:penciller,insert,wikidata
comic_credits,Q125241309:Q180440:penciller,insert,wikidata
comic_credits,Q125241309:Q6405534:writer,insert,wikidata
comic_credits,Q125241339:Q183352:penciller,insert,wikidata
comic_credits,Q125241339:Q2415759:penciller,insert,wikidata
comic_credits,Q125241339:Q26715409:penciller,insert,wikidata
comic_credits,Q125241339:Q137886590:penciller,insert,wikidata
comic_credits,Q125241339:Q111600370:penciller,insert,wikidata
comic_credits,Q125241339:Q6392527:penciller,insert,wikidata
comic_credits,Q125241339:Q720012:writer,insert,wikidata
comic_credits,Q125241366:Q1544940:penciller,insert,wikidata
comic_credits,Q125241366:Q109914011:penciller,insert,wikidata
comic_credits,Q125241366:Q112547474:penciller,insert,wikidata
comic_credits,Q125241366:Q15267094:writer,insert,wikidata
comic_credits,Q125241414:Q6734469:penciller,insert,wikidata
comic_credits,Q125241414:Q112029775:penciller,insert,wikidata
comic_credits,Q125241414:Q8062616:penciller,insert,wikidata
comic_credits,Q125241414:Q112521937:penciller,insert,wikidata
comic_credits,Q125241414:Q585741:penciller,insert,wikidata
comic_credits,Q125241414:Q130789863:writer,insert,wikidata
comic_credits,Q125241414:Q99776207:writer,insert,wikidata
comic_credits,Q125241414:Q27063908:writer,insert,wikidata
comic_credits,Q125252681:Q3013218:writer,insert,wikidata
comic_credits,Q125252681:Q126941:writer,insert,wikidata
comic_credits,Q125252681:Q5920281:writer,insert,wikidata
comic_credits,Q125252681:Q594438:writer,insert,wikidata
comic_credits,Q125252681:Q730076:writer,insert,wikidata
comic_credits,Q125252681:Q1797964:writer,insert,wikidata
comic_credits,Q125252681:Q3086966:writer,insert,wikidata
comic_credits,Q125252681:Q8068222:writer,insert,wikidata
comic_credits,Q125252681:Q181900:writer,insert,wikidata
comic_credits,Q125252681:Q725773:writer,insert,wikidata
comic_credits,Q125252681:Q5113550:writer,insert,wikidata
comic_credits,Q125252681:Q3072707:writer,insert,wikidata
comic_credits,Q125252681:Q354298:writer,insert,wikidata
comic_credits,Q125252681:Q2635391:writer,insert,wikidata
comic_credits,Q125252682:Q111600209:colorist,insert,wikidata
comic_credits,Q125252682:Q63997763:colorist,insert,wikidata
comic_credits,Q125252682:Q108905326:inker,insert,wikidata
comic_credits,Q125252682:Q1507300:inker,insert,wikidata
comic_credits,Q125252682:Q1027926:inker,insert,wikidata
comic_credits,Q125252682:Q111973065:letterer,insert,wikidata
comic_credits,Q125252682:Q5106487:letterer,insert,wikidata
comic_credits,Q125252682:Q388589:penciller,insert,wikidata
comic_credits,Q125252682:Q3770218:penciller,insert,wikidata
comic_credits,Q125252682:Q111936975:penciller,insert,wikidata
comic_credits,Q125252682:Q3350928:penciller,insert,wikidata
comic_credits,Q125252682:Q17637522:penciller,insert,wikidata
comic_credits,Q125252682:Q2086637:penciller,insert,wikidata
comic_credits,Q125252682:Q1507300:penciller,insert,wikidata
comic_credits,Q125252682:Q3013218:writer,insert,wikidata
comic_credits,Q125252682:Q5113550:writer,insert,wikidata
comic_credits,Q125252682:Q525314:writer,insert,wikidata
comic_credits,Q125252685:Q111817464:colorist,insert,wikidata
comic_credits,Q125252685:Q111600209:colorist,insert,wikidata
comic_credits,Q125252685:Q127603084:colorist,insert,wikidata
comic_credits,Q125252685:Q112521897:colorist,insert,wikidata
comic_credits,Q125252685:Q111973065:letterer,insert,wikidata
comic_credits,Q125252685:Q3770218:penciller,insert,wikidata
comic_credits,Q125252685:Q351173:penciller,insert,wikidata
comic_credits,Q125252685:Q3961192:penciller,insert,wikidata
comic_credits,Q125252685:Q2086637:penciller,insert,wikidata
comic_credits,Q125252685:Q112542372:penciller,insert,wikidata
comic_credits,Q125252685:Q3750264:penciller,insert,wikidata
comic_credits,Q125252685:Q3013218:writer,insert,wikidata
comic_credits,Q125252685:Q5113550:writer,insert,wikidata
comic_credits,Q125252685:Q569204:writer,insert,wikidata
comic_credits,Q125252687:Q7384402:penciller,insert,wikidata
comic_credits,Q125252687:Q599109:penciller,insert,wikidata
comic_credits,Q125252687:Q7146568:penciller,insert,wikidata
comic_credits,Q125252687:Q388589:penciller,insert,wikidata
comic_credits,Q125252687:Q130791672:penciller,insert,wikidata
comic_credits,Q125252687:Q111910686:penciller,insert,wikidata
comic_credits,Q125252687:Q3660067:penciller,insert,wikidata
comic_credits,Q125252687:Q120540853:penciller,insert,wikidata
comic_credits,Q125252687:Q6392527:penciller,insert,wikidata
comic_credits,Q125252687:Q183352:penciller,insert,wikidata
comic_credits,Q125252687:Q93373252:penciller,insert,wikidata
comic_credits,Q125252687:Q6395654:penciller,insert,wikidata
comic_credits,Q125252687:Q138331516:penciller,insert,wikidata
comic_credits,Q125252687:Q136644651:penciller,insert,wikidata
comic_credits,Q125252687:Q124640809:penciller,insert,wikidata
comic_credits,Q125252687:Q127513727:penciller,insert,wikidata
comic_credits,Q125252687:Q112555904:penciller,insert,wikidata
comic_credits,Q125252687:Q112535571:penciller,insert,wikidata
comic_credits,Q125252687:Q138331987:penciller,insert,wikidata
comic_credits,Q125252687:Q7027963:writer,insert,wikidata
comic_credits,Q125252687:Q8068222:writer,insert,wikidata
comic_credits,Q125252687:Q114869497:writer,insert,wikidata
comic_credits,Q125252687:Q27063908:writer,insert,wikidata
comic_credits,Q125252687:Q99776207:writer,insert,wikidata
comic_credits,Q125252687:Q6172604:writer,insert,wikidata
comic_credits,Q125252687:Q7146568:writer,insert,wikidata
comic_credits,Q125252687:Q7403395:writer,insert,wikidata
comic_credits,Q125252689:Q2570:penciller,insert,wikidata
comic_credits,Q125252689:Q729414:penciller,insert,wikidata
comic_credits,Q125252689:Q2438490:penciller,insert,wikidata
comic_credits,Q125252689:Q7146568:penciller,insert,wikidata
comic_credits,Q125252689:Q130785064:penciller,insert,wikidata
comic_credits,Q125252689:Q353277:penciller,insert,wikidata
comic_credits,Q125252689:Q109534190:penciller,insert,wikidata
comic_credits,Q125252689:Q8068222:writer,insert,wikidata
comic_credits,Q125252689:Q730076:writer,insert,wikidata
comic_credits,Q125252689:Q92330222:writer,insert,wikidata
comic_credits,Q125253864:Q2563084:penciller,insert,wikidata
comic_credits,Q125253864:Q7614525:penciller,insert,wikidata
comic_credits,Q125253864:Q685944:penciller,insert,wikidata
comic_credits,Q125253864:Q138340662:penciller,insert,wikidata
comic_credits,Q125253864:Q5605861:penciller,insert,wikidata
comic_credits,Q125253864:Q6847143:penciller,insert,wikidata
comic_credits,Q125253864:Q731726:penciller,insert,wikidata
comic_credits,Q125253864:Q723788:penciller,insert,wikidata
comic_credits,Q125253864:Q138340699:penciller,insert,wikidata
comic_credits,Q125253864:Q7704593:writer,insert,wikidata
comic_credits,Q125253864:Q525314:writer,insert,wikidata
comic_credits,Q125253864:Q5920281:writer,insert,wikidata
comic_credits,Q125253864:Q352292:writer,insert,wikidata
comic_credits,Q125253864:Q1351554:writer,insert,wikidata
comic_credits,Q125253864:Q5220349:writer,insert,wikidata
comic_credits,Q125253864:Q1344527:writer,insert,wikidata
comic_credits,Q125253864:Q354298:writer,insert,wikidata
comic_credits,Q125253864:Q112525840:writer,insert,wikidata
comic_credits,Q125253864:Q971041:writer,insert,wikidata
comic_credits,Q125253864:Q469794:writer,insert,wikidata
comic_credits,Q125253864:Q730138:writer,insert,wikidata
comic_credits,Q125253869:Q13147290:penciller,insert,wikidata
comic_credits,Q125253869:Q20049917:penciller,insert,wikidata
comic_credits,Q125253869:Q11316067:penciller,insert,wikidata
comic_credits,Q125253869:Q2507833:penciller,insert,wikidata
comic_credits,Q125253869:Q646130:penciller,insert,wikidata
comic_credits,Q125253869:Q6071777:penciller,insert,wikidata
comic_credits,Q125253869:Q3379441:penciller,insert,wikidata
comic_credits,Q125253869:Q3086966:writer,insert,wikidata
comic_credits,Q125253869:Q354298:writer,insert,wikidata
comic_credits,Q125253869:Q1797964:writer,insert,wikidata
comic_credits,Q125253869:Q721268:writer,insert,wikidata
comic_credits,Q128384095:Q18011187:colorist,insert,wikidata
comic_credits,Q128384095:Q111827135:colorist,insert,wikidata
comic_credits,Q128384095:Q57745589:inker,insert,wikidata
comic_credits,Q128384095:Q3703262:inker,insert,wikidata
comic_credits,Q128384095:Q109379640:letterer,insert,wikidata
comic_credits,Q128384095:Q125190826:letterer,insert,wikidata
comic_credits,Q128384095:Q57745589:penciller,insert,wikidata
comic_credits,Q128384095:Q3703262:penciller,insert,wikidata
comic_credits,Q128384095:Q3809926:writer,insert,wikidata
comic_credits,Q128797955:Q1266750:penciller,insert,wikidata
comic_credits,Q128797955:Q2570:penciller,insert,wikidata
comic_credits,Q128797955:Q687890:penciller,insert,wikidata
comic_credits,Q128797955:Q207676:penciller,insert,wikidata
comic_credits,Q128797955:Q4931946:penciller,insert,wikidata
comic_credits,Q128797955:Q1175576:penciller,insert,wikidata
comic_credits,Q128797955:Q5047647:penciller,insert,wikidata
comic_credits,Q128797955:Q1668952:penciller,insert,wikidata
comic_credits,Q128797955:Q602403:penciller,insert,wikidata
comic_credits,Q128797955:Q1484216:penciller,insert,wikidata
comic_credits,Q128797955:Q1304824:penciller,insert,wikidata
comic_credits,Q128797955:Q1113788:penciller,insert,wikidata
comic_credits,Q128797955:Q2570004:penciller,insert,wikidata
comic_credits,Q128797955:Q2548090:penciller,insert,wikidata
comic_credits,Q128797955:Q1365108:penciller,insert,wikidata
comic_credits,Q128797955:Q138314646:penciller,insert,wikidata
comic_credits,Q128797955:Q138314662:penciller,insert,wikidata
comic_credits,Q128797955:Q7364510:penciller,insert,wikidata
comic_credits,Q128797955:Q2439695:penciller,insert,wikidata
comic_credits,Q128797955:Q2850412:writer,insert,wikidata
comic_credits,Q128797955:Q181900:writer,insert,wikidata
comic_credits,Q128797955:Q5203590:writer,insert,wikidata
comic_credits,Q128797955:Q207676:writer,insert,wikidata
comic_credits,Q128797955:Q1189414:writer,insert,wikidata
comic_credits,Q128797955:Q525314:writer,insert,wikidata
comic_credits,Q128797955:Q981976:writer,insert,wikidata
comic_credits,Q128797955:Q2569995:writer,insert,wikidata
comic_credits,Q128797955:Q1333734:writer,insert,wikidata
comic_credits,Q128797955:Q7358630:writer,insert,wikidata
comic_credits,Q128797955:Q730076:writer,insert,wikidata
comic_credits,Q128797955:Q351436:writer,insert,wikidata
comic_credits,Q128797955:Q1476318:writer,insert,wikidata
comic_credits,Q128797955:Q354298:writer,insert,wikidata
comic_credits,Q128797955:Q5607225:writer,insert,wikidata
comic_credits,Q128797955:Q730138:writer,insert,wikidata
comic_credits,Q128798978:Q16732020:penciller,insert,wikidata
comic_credits,Q128798978:Q137000565:penciller,insert,wikidata
comic_credits,Q128798978:Q112547474:penciller,insert,wikidata
comic_credits,Q128798978:Q112503080:penciller,insert,wikidata
comic_credits,Q128798978:Q136759586:penciller,insert,wikidata
comic_credits,Q128798978:Q112559260:penciller,insert,wikidata
comic_credits,Q128798978:Q469906:writer,insert,wikidata
comic_credits,Q138019256:Q1484216:cover_artist,insert,wikidata
comic_credits,Q138019256:Q181900:editor,insert,wikidata
comic_credits,Q138019256:Q1933143:inker,insert,wikidata
comic_credits,Q138019256:Q3082626:inker,insert,wikidata
comic_credits,Q138019256:Q4800998:letterer,insert,wikidata
comic_credits,Q138019256:Q2009797:penciller,insert,wikidata
comic_credits,Q138019256:Q3292795:penciller,insert,wikidata
comic_credits,Q138019256:Q181900:writer,insert,wikidata
comic_characters,Q138019256:27,insert,wikidata
comic_characters,Q138019256:1,insert,wikidata
comic_characters,Q138019256:222,insert,wikidata
comic_characters,Q138019256:181,insert,wikidata
comic_characters,Q138019256:44,insert,wikidata
comic_characters,Q138019256:15,insert,wikidata
comic_characters,Q138019256:16,insert,wikidata
comic_characters,Q138019256:187,insert,wikidata
comic_characters,Q138019256:129,insert,wikidata
comic_characters,Q138019256:137,insert,wikidata
comic_characters,Q138019256:227,insert,wikidata
comic_characters,Q138019256:196,insert,wikidata
comic_characters,Q138019256:67,insert,wikidata
comic_characters,Q138019256:178,insert,wikidata
comic_credits,Q138297125:Q111550556:colorist,insert,wikidata
comic_credits,Q138297125:Q3294071:inker,insert,wikidata
comic_credits,Q138297125:Q353573:inker,insert,wikidata
comic_credits,Q138297125:Q725352:inker,insert,wikidata
comic_credits,Q138297125:Q723788:inker,insert,wikidata
comic_credits,Q138297125:Q3157110:inker,insert,wikidata
comic_credits,Q138297125:Q64138553:letterer,insert,wikidata
comic_credits,Q138297125:Q6227215:letterer,insert,wikidata
comic_credits,Q138297125:Q5151803:letterer,insert,wikidata
comic_credits,Q138297125:Q723788:penciller,insert,wikidata
comic_credits,Q138297125:Q1322629:penciller,insert,wikidata
comic_credits,Q138297125:Q353573:penciller,insert,wikidata
comic_credits,Q138297125:Q725352:penciller,insert,wikidata
comic_credits,Q138297125:Q1351554:writer,insert,wikidata
comic_credits,Q138297125:Q964815:writer,insert,wikidata
comic_credits,Q138297125:Q525314:writer,insert,wikidata
comic_credits,Q138297125:Q738852:writer,insert,wikidata
comic_credits,Q138331393:Q127603084:colorist,insert,wikidata
comic_credits,Q138331393:Q111600382:colorist,insert,wikidata
comic_credits,Q138331393:Q111827135:colorist,insert,wikidata
comic_credits,Q138331393:Q111936452:colorist,insert,wikidata
comic_credits,Q138331393:Q6071777:inker,insert,wikidata
comic_credits,Q138331393:Q1799972:inker,insert,wikidata
comic_credits,Q138331393:Q2438490:inker,insert,wikidata
comic_credits,Q138331393:Q138331516:inker,insert,wikidata
comic_credits,Q138331393:Q112521937:inker,insert,wikidata
comic_credits,Q138331393:Q5132736:inker,insert,wikidata
comic_credits,Q138331393:Q729414:inker,insert,wikidata
comic_credits,Q138331393:Q3294071:inker,insert,wikidata
comic_credits,Q138331393:Q7959133:inker,insert,wikidata
comic_credits,Q138331393:Q130785064:inker,insert,wikidata
comic_credits,Q138331393:Q112517169:inker,insert,wikidata
comic_credits,Q138331393:Q111973065:letterer,insert,wikidata
comic_credits,Q138331393:Q6071777:penciller,insert,wikidata
comic_credits,Q138331393:Q2570:penciller,insert,wikidata
comic_credits,Q138331393:Q2438490:penciller,insert,wikidata
comic_credits,Q138331393:Q138331516:penciller,insert,wikidata
comic_credits,Q138331393:Q112521937:penciller,insert,wikidata
comic_credits,Q138331393:Q729414:penciller,insert,wikidata
comic_credits,Q138331393:Q130785064:penciller,insert,wikidata
comic_credits,Q138331393:Q112517169:penciller,insert,wikidata
comic_credits,Q138331393:Q110797973:penciller,insert,wikidata
comic_credits,Q138331393:Q730076:writer,insert,wikidata
comic_credits,Q138331393:Q7403395:writer,insert,wikidata
comic_credits,Q138333079:Q1484216:penciller,insert,wikidata
comic_credits,Q138333079:Q599109:penciller,insert,wikidata
comic_credits,Q138333079:Q1372857:penciller,insert,wikidata
comic_credits,Q138333079:Q2570:penciller,insert,wikidata
comic_credits,Q138333079:Q355652:penciller,insert,wikidata
comic_credits,Q138333079:Q352460:penciller,insert,wikidata
comic_credits,Q138333079:Q355775:penciller,insert,wikidata
comic_credits,Q138333079:Q2638044:penciller,insert,wikidata
comic_credits,Q138333079:Q1365108:penciller,insert,wikidata
comic_credits,Q138333079:Q3194762:penciller,insert,wikidata
comic_credits,Q138333079:Q6208592:penciller,insert,wikidata
comic_credits,Q138333079:Q1395905:penciller,insert,wikidata
comic_credits,Q138333079:Q7613947:penciller,insert,wikidata
comic_credits,Q138333079:Q2548090:penciller,insert,wikidata
comic_credits,Q138333079:Q723788:penciller,insert,wikidata
comic_credits,Q138333079:Q4662220:penciller,insert,wikidata
comic_credits,Q138333079:Q1689171:penciller,insert,wikidata
comic_credits,Q138333079:Q2830535:penciller,insert,wikidata
comic_credits,Q138333079:Q7331547:penciller,insert,wikidata
comic_credits,Q138333079:Q181900:writer,insert,wikidata
comic_credits,Q138333079:Q352292:writer,insert,wikidata
comic_credits,Q138333079:Q703897:writer,insert,wikidata
comic_credits,Q138333079:Q525314:writer,insert,wikidata
comic_credits,Q138333079:Q51057:writer,insert,wikidata
comic_credits,Q138333079:Q721268:writer,insert,wikidata
comic_credits,Q138333079:Q354298:writer,insert,wikidata
comic_credits,Q138333079:Q1333734:writer,insert,wikidata
comic_credits,Q138333079:Q1189414:writer,insert,wikidata
comic_credits,Q138333079:Q355652:writer,insert,wikidata
comic_credits,Q138333079:Q1723117:writer,insert,wikidata
comic_credits,Q138333079:Q1484216:writer,insert,wikidata
comic_credits,Q138333079:Q724576:writer,insert,wikidata
comic_credits,Q138339453:Q63997763:colorist,insert,wikidata
comic_credits,Q138339453:Q18011187:colorist,insert,wikidata
comic_credits,Q138339453:Q112546911:colorist,insert,wikidata
comic_credits,Q138339453:Q5236281:inker,insert,wikidata
comic_credits,Q138339453:Q7678134:inker,insert,wikidata
comic_credits,Q138339453:Q6392527:inker,insert,wikidata
comic_credits,Q138339453:Q138297068:inker,insert,wikidata
comic_credits,Q138339453:Q6147221:inker,insert,wikidata
comic_credits,Q138339453:Q7536463:inker,insert,wikidata
comic_credits,Q138339453:Q14919894:inker,insert,wikidata
comic_credits,Q138339453:Q55687996:inker,insert,wikidata
comic_credits,Q138339453:Q16769729:inker,insert,wikidata
comic_credits,Q138339453:Q3616550:inker,insert,wikidata
comic_credits,Q138339453:Q138316022:inker,insert,wikidata
comic_credits,Q138339453:Q109379640:letterer,insert,wikidata
comic_credits,Q138339453:Q125190826:letterer,insert,wikidata
comic_credits,Q138339453:Q5236281:penciller,insert,wikidata
comic_credits,Q138339453:Q7678134:penciller,insert,wikidata
comic_credits,Q138339453:Q6392527:penciller,insert,wikidata
comic_credits,Q138339453:Q29053856:penciller,insert,wikidata
comic_credits,Q138339453:Q6147221:penciller,insert,wikidata
comic_credits,Q138339453:Q7536463:penciller,insert,wikidata
comic_credits,Q138339453:Q14919894:penciller,insert,wikidata
comic_credits,Q138339453:Q55687996:penciller,insert,wikidata
comic_credits,Q138339453:Q16769729:penciller,insert,wikidata
comic_credits,Q138339453:Q599109:penciller,insert,wikidata
comic_credits,Q138339453:Q720012:writer,insert,wikidata
comic_credits,Q1399747:Q181900:creator,insert,wikidata
comic_credits,Q1399747:Q311607:creator,insert,wikidata
comic_credits,Q175011:Q633841:author,insert,wikidata
comic_characters,Q175011:71,insert,wikidata
comic_characters,Q17630593:27,insert,wikidata
comic_characters,Q17630593:33,insert,wikidata
comic_characters,Q17630593:155,insert,wikidata
comic_characters,Q17630593:149,insert,wikidata
comic_characters,Q17630593:36,insert,wikidata
comic_characters,Q17630593:38,insert,wikidata
comic_characters,Q17630593:58,insert,wikidata
comic_characters,Q17630593:25,insert,wikidata
comic_characters,Q17630593:184,insert,wikidata
comic_characters,Q17630593:37,insert,wikidata
comic_characters,Q17630593:35,insert,wikidata
comic_characters,Q17630593:208,insert,wikidata
comic_characters,Q17630593:190,insert,wikidata
comic_credits,Q18406872:Q6271612:writer,insert,wikidata
comic_credits,Q18406872:Q16201865:writer,insert,wikidata
comic_credits,Q18406872:Q558806:writer,insert,wikidata
comic_credits,Q192724:Q615343:writer,insert,wikidata
comic_credits,Q192724:Q3128755:writer,insert,wikidata
comic_credits,Q192724:Q15069840:writer,insert,wikidata
comic_credits,Q192724:Q15069853:writer,insert,wikidata
comic_characters,Q192724:209,insert,wikidata
comic_credits,Q2270826:Q2009797:author,insert,wikidata
comic_credits,Q2270826:Q7153168:author,insert,wikidata
comic_credits,Q2270826:Q630770:author,insert,wikidata
comic_credits,Q2270826:Q2548090:author,insert,wikidata
comic_credits,Q2270826:Q3026563:author,insert,wikidata
comic_credits,Q2270826:Q355652:author,insert,wikidata
comic_credits,Q2270826:Q311607:author,insert,wikidata
comic_credits,Q2270826:Q181900:author,insert,wikidata
comic_credits,Q23010088:Q342636:writer,insert,wikidata
comic_credits,Q23010088:Q6273224:writer,insert,wikidata
comic_credits,Q23010088:Q18519749:writer,insert,wikidata
comic_credits,Q23010088:Q26268901:writer,insert,wikidata
comic_credits,Q23010088:Q5107425:writer,insert,wikidata
comic_credits,Q23010088:Q26268915:writer,insert,wikidata
comic_credits,Q2333872:Q63997763:colorist,insert,wikidata
comic_credits,Q2333872:Q6392527:inker,insert,wikidata
comic_credits,Q2333872:Q3703262:inker,insert,wikidata
comic_credits,Q2333872:Q16769729:inker,insert,wikidata
comic_credits,Q2333872:Q16732020:inker,insert,wikidata
comic_credits,Q2333872:Q6071777:inker,insert,wikidata
comic_credits,Q2333872:Q109379640:letterer,insert,wikidata
comic_credits,Q2333872:Q6392527:penciller,insert,wikidata
comic_credits,Q2333872:Q3703262:penciller,insert,wikidata
comic_credits,Q2333872:Q16769729:penciller,insert,wikidata
comic_credits,Q2333872:Q16732020:penciller,insert,wikidata
comic_credits,Q2333872:Q6071777:penciller,insert,wikidata
comic_credits,Q2333872:Q720012:writer,insert,wikidata
comic_characters,Q2333872:25,insert,wikidata
comic_credits,Q23781129:Q4766862:writer,insert,wikidata
comic_credits,Q23781129:Q51336953:writer,insert,wikidata
comic_credits,Q23781129:Q19665855:writer,insert,wikidata
comic_credits,Q23781129:Q19880918:writer,insert,wikidata
comic_credits,Q23781129:Q3453777:writer,insert,wikidata
comic_characters,Q23781129:244,insert,wikidata
comic_characters,Q23781129:239,insert,wikidata
comic_credits,Q27985819:Q367466:creator,insert,wikidata
comic_credits,Q27985819:Q5107425:creator,insert,wikidata
comic_credits,Q27985819:Q26268915:creator,insert,wikidata
comic_credits,Q27985819:Q181900:creator,insert,wikidata
comic_credits,Q27985819:Q5107425:writer,insert,wikidata
comic_credits,Q27985819:Q26268915:writer,insert,wikidata
comic_credits,Q29098265:Q28912519:colorist,insert,wikidata
comic_credits,Q29098265:Q1365108:cover_artist,insert,wikidata
comic_credits,Q29098265:Q1484216:cover_artist,insert,wikidata
comic_credits,Q29098265:Q981976:editor,insert,wikidata
comic_credits,Q29098265:Q3082626:inker,insert,wikidata
comic_credits,Q29098265:Q28912519:inker,insert,wikidata
comic_credits,Q29098265:Q6227215:letterer,insert,wikidata
comic_credits,Q29098265:Q1372857:penciller,insert,wikidata
comic_credits,Q29098265:Q525314:writer,insert,wikidata
comic_characters,Q29098265:27,insert,wikidata
comic_characters,Q29098265:137,insert,wikidata
comic_characters,Q29098265:67,insert,wikidata
comic_characters,Q29098265:227,insert,wikidata
comic_characters,Q29098265:15,insert,wikidata
comic_characters,Q29098265:178,insert,wikidata
comic_characters,Q29098265:14,insert,wikidata
comic_credits,Q3850391:Q3703087:author,insert,wikidata
comic_credits,Q4020703:Q183352:author,insert,wikidata
comic_credits,Q4047029:Q352292:author,insert,wikidata
comic_credits,Q4598403:Q311607:penciller,insert,wikidata
comic_characters,Q4598403:262,insert,wikidata
comic_credits,Q466611:Q19031:writer,insert,wikidata
comic_credits,Q472166:Q1476318:author,insert,wikidata
comic_credits,Q472166:Q2907736:inker,insert,wikidata
comic_credits,Q472166:Q354513:inker,insert,wikidata
comic_credits,Q472166:Q731726:penciller,insert,wikidata
comic_credits,Q534208:Q51057:author,insert,wikidata
comic_credits,Q534208:Q5572951:colorist,insert,wikidata
comic_credits,Q534208:Q1365108:cover_artist,insert,wikidata
comic_credits,Q534208:Q902536:cover_artist,insert,wikidata
comic_credits,Q534208:Q64138553:cover_artist,insert,wikidata
comic_credits,Q534208:Q51057:editor,insert,wikidata
comic_credits,Q534208:Q902536:inker,insert,wikidata
comic_credits,Q534208:Q112740588:inker,insert,wikidata
comic_credits,Q534208:Q6227215:letterer,insert,wikidata
comic_credits,Q534208:Q902536:penciller,insert,wikidata
comic_characters,Q534208:132,insert,wikidata
comic_characters,Q534208:243,insert,wikidata
comic_characters,Q534208:46,insert,wikidata
comic_characters,Q534208:200,insert,wikidata
comic_characters,Q534208:214,insert,wikidata
comic_characters,Q534208:64,insert,wikidata
comic_characters,Q55391886:27,insert,wikidata
comic_characters,Q55391886:2,insert,wikidata
comic_characters,Q55391886:155,insert,wikidata
comic_characters,Q55391886:33,insert,wikidata
comic_characters,Q55391886:58,insert,wikidata
comic_characters,Q55391886:35,insert,wikidata
comic_characters,Q55391886:25,insert,wikidata
comic_characters,Q55391886:208,insert,wikidata
comic_characters,Q55391886:184,insert,wikidata
comic_characters,Q55391886:37,insert,wikidata
comic_characters,Q55391886:38,insert,wikidata
comic_characters,Q55391886:190,insert,wikidata
comic_credits,Q55405369:Q27061530:writer,insert,wikidata
comic_credits,Q55405369:Q27061532:writer,insert,wikidata
comic_credits,Q6778190:Q633841:author,insert,wikidata
comic_credits,Q6917754:Q1837116:author,insert,wikidata
comic_credits,Q734058:Q7331633:letterer,insert,wikidata
comic_credits,Q782363:Q2009797:author,insert,wikidata
comic_credits,Q7880188:Q720012:author,insert,wikidata
comic_credits,Q7920166:Q352292:author,insert,wikidata
comic_credits,Q7920166:Q6762888:colorist,insert,wikidata
comic_credits,Q7920169:Q5920281:author,insert,wikidata
comic_characters,Q836822:208,insert,wikidata
comic_credits,Q944598:Q181900:writer,insert,wikidata
comic_characters,Q944598:27,insert,wikidata
work_source_comics,sm:1:127,insert,wikidata
work_source_comics,sm:5:127,insert,wikidata
work_source_comics,sm:6:195,insert,derived
work_source_comics,sm:6:196,insert,derived
work_source_comics,sm:7:128,insert,wikidata
work_source_comics,sm:8:112,insert,wikidata
work_source_comics,sm:8:113,insert,wikidata
work_source_comics,sm:8:114,insert,wikidata
work_source_comics,sm:9:86,insert,wikidata
work_source_comics,sm:11:159,insert,derived
work_source_comics,sm:12:87,insert,wikidata
work_source_comics,sm:13:112,insert,wikidata
work_source_comics,sm:14:127,insert,wikidata
work_source_comics,sm:15:62,insert,wikidata
work_source_comics,sm:16:89,insert,wikidata
work_source_comics,sm:17:92,insert,wikidata
work_source_comics,sm:18:195,insert,derived
work_source_comics,sm:18:196,insert,derived
work_source_comics,sm:19:116,insert,wikidata
work_source_comics,sm:20:195,insert,derived
work_source_comics,sm:20:196,insert,derived
work_source_comics,sm:22:62,insert,wikidata
work_source_comics,sm:23:85,insert,wikidata
work_source_comics,sm:24:126,insert,wikidata
work_source_comics,sm:27:181,insert,derived
work_source_comics,sm:28:59,insert,wikidata
work_source_comics,sm:30:170,insert,derived
work_source_comics,sm:33:128,insert,wikidata
work_source_comics,sm:34:257,insert,derived
work_source_comics,sm:35:96,insert,wikidata
work_source_comics,sm:38:236,insert,derived
work_source_comics,sm:41:181,insert,derived
work_source_comics,sm:43:59,insert,wikidata
work_source_comics,sm:44:256,insert,derived
work_source_comics,sm:49:163,insert,derived
work_source_comics,sm:50:76,insert,wikidata
work_source_comics,sm:51:68,insert,wikidata
work_source_comics,sm:52:159,insert,derived
work_source_comics,sm:53:159,insert,derived
work_source_comics,sm:54:185,insert,derived
work_source_comics,sm:56:211,insert,derived
work_source_comics,sm:56:212,insert,derived
work_source_comics,sm:56:213,insert,derived
work_source_comics,sm:56:214,insert,derived
work_source_comics,sm:56:215,insert,derived
work_source_comics,sm:56:216,insert,derived
work_source_comics,sm:56:217,insert,derived
work_source_comics,sm:56:218,insert,derived
work_source_comics,sm:56:219,insert,derived
work_source_comics,sm:56:220,insert,derived
work_source_comics,sm:56:221,insert,derived
work_source_comics,sm:56:222,insert,derived
work_source_comics,sm:56:223,insert,derived
work_source_comics,sm:56:224,insert,derived
work_source_comics,sm:56:225,insert,derived
work_source_comics,sm:56:226,insert,derived
work_source_comics,sm:56:227,insert,derived
work_source_comics,sm:56:228,insert,derived
work_source_comics,sm:57:211,insert,derived
work_source_comics,sm:57:212,insert,derived
work_source_comics,sm:57:213,insert,derived
work_source_comics,sm:57:214,insert,derived
work_source_comics,sm:57:215,insert,derived
work_source_comics,sm:57:216,insert,derived
work_source_comics,sm:57:217,insert,derived
work_source_comics,sm:57:218,insert,derived
work_source_comics,sm:57:219,insert,derived
work_source_comics,sm:57:220,insert,derived
work_source_comics,sm:57:221,insert,derived
work_source_comics,sm:57:222,insert,derived
work_source_comics,sm:57:223,insert,derived
work_source_comics,sm:57:224,insert,derived
work_source_comics,sm:57:225,insert,derived
work_source_comics,sm:57:226,insert,derived
work_source_comics,sm:57:227,insert,derived
work_source_comics,sm:57:228,insert,derived
work_source_comics,sm:58:134,insert,wikidata
work_source_comics,sm:61:76,insert,wikidata
work_source_comics,sm:62:192,insert,derived
work_source_comics,sm:64:193,insert,derived
work_source_comics,sm:66:201,insert,derived
work_source_comics,sm:67:124,insert,wikidata
work_source_comics,sm:68:177,insert,derived
work_source_comics,sm:69:162,insert,derived
work_source_comics,sm:70:111,insert,wikidata
work_source_comics,sm:71:127,insert,wikidata
work_source_comics,sm:72:132,insert,wikidata
work_source_comics,sm:74:98,insert,wikidata
work_source_comics,sm:76:84,insert,wikidata
work_source_comics,sm:77:116,insert,wikidata
work_source_comics,sm:78:200,insert,derived
work_source_comics,sm:79:158,insert,derived
work_source_comics,sm:81:159,insert,derived
work_source_comics,sm:86:185,insert,derived
work_source_comics,sm:87:185,insert,derived
work_source_comics,sm:88:92,insert,wikidata
work_source_comics,sm:88:93,insert,wikidata
work_source_comics,sm:88:94,insert,wikidata
work_source_comics,sm:88:95,insert,wikidata
work_source_comics,sm:88:96,insert,wikidata
work_source_comics,sm:88:97,insert,wikidata
work_source_comics,sm:88:98,insert,wikidata
work_source_comics,sm:89:237,insert,derived
work_source_comics,sm:89:238,insert,derived
work_source_comics,sm:89:239,insert,derived
work_source_comics,sm:89:240,insert,derived
work_source_comics,sm:89:241,insert,derived
work_source_comics,sm:89:242,insert,derived
work_source_comics,sm:89:243,insert,derived
work_source_comics,sm:89:244,insert,derived
work_source_comics,sm:89:245,insert,derived
work_source_comics,sm:89:246,insert,derived
work_source_comics,sm:89:247,insert,derived
work_source_comics,sm:89:248,insert,derived
work_source_comics,sm:89:249,insert,derived
work_source_comics,sm:89:250,insert,derived
work_source_comics,sm:89:251,insert,derived
work_source_comics,sm:89:252,insert,derived
work_source_comics,sm:89:253,insert,derived
work_source_comics,sm:89:254,insert,derived
work_source_comics,sm:89:255,insert,derived
work_source_comics,sm:90:154,insert,derived
work_source_comics,sm:91:127,insert,wikidata
work_source_comics,sm:97:79,insert,wikidata
work_source_comics,sm:98:84,insert,wikidata
work_source_comics,sm:98:85,insert,wikidata
work_source_comics,sm:98:86,insert,wikidata
work_source_comics,sm:98:87,insert,wikidata
work_source_comics,sm:98:88,insert,wikidata
work_source_comics,sm:98:89,insert,wikidata
work_source_comics,sm:98:90,insert,wikidata
work_source_comics,sm:98:91,insert,wikidata
work_source_comics,sm:98:92,insert,wikidata
work_source_comics,sm:98:93,insert,wikidata
work_source_comics,sm:98:94,insert,wikidata
work_source_comics,sm:98:95,insert,wikidata
work_source_comics,sm:98:96,insert,wikidata
work_source_comics,sm:98:97,insert,wikidata
work_source_comics,sm:98:98,insert,wikidata
work_source_comics,sm:98:99,insert,wikidata
work_source_comics,sm:98:101,insert,wikidata
work_source_comics,sm:98:102,insert,wikidata
work_source_comics,sm:98:103,insert,wikidata
work_source_comics,sm:98:104,insert,wikidata
work_source_comics,sm:98:105,insert,wikidata
work_source_comics,sm:98:106,insert,wikidata
work_source_comics,sm:98:107,insert,wikidata
work_source_comics,sm:98:108,insert,wikidata
work_source_comics,sm:98:109,insert,wikidata
work_source_comics,sm:98:110,insert,wikidata
work_source_comics,sm:99:62,insert,wikidata
work_source_comics,sm:101:62,insert,wikidata
work_source_comics,sm:104:79,insert,wikidata
work_source_comics,sm:105:170,insert,derived
work_source_comics,sm:105:171,insert,derived
work_source_comics,sm:105:172,insert,derived
work_source_comics,sm:105:173,insert,derived
work_source_comics,sm:111:205,insert,derived
work_source_comics,sm:111:206,insert,derived
work_source_comics,sm:111:207,insert,derived
work_source_comics,sm:111:208,insert,derived
work_source_comics,sm:111:209,insert,derived
work_source_comics,sm:111:210,insert,derived
work_source_comics,sm:114:188,insert,derived
work_source_comics,sm:114:189,insert,derived
work_source_comics,sm:114:190,insert,derived
work_source_comics,sm:114:191,insert,derived
work_source_comics,sm:115:182,insert,derived
work_source_comics,sm:115:183,insert,derived
work_source_comics,sm:115:184,insert,derived
work_source_comics,sm:115:185,insert,derived
work_source_comics,sm:115:186,insert,derived
work_source_comics,sm:115:187,insert,derived
work_source_comics,sm:124:168,insert,derived
work_source_comics,sm:130:79,insert,wikidata
work_source_comics,sm:131:85,insert,wikidata
work_source_comics,sm:139:229,insert,derived
work_source_comics,sm:139:230,insert,derived
work_source_comics,sm:139:231,insert,derived
work_source_comics,sm:139:232,insert,derived
work_source_comics,sm:139:233,insert,derived
work_source_comics,sm:139:234,insert,derived
work_source_comics,sm:140:100,insert,wikidata
work_source_comics,sm:141:100,insert,wikidata
work_source_comics,sm:142:168,insert,derived
character_debuts,debut:1,insert,wikidata
character_debuts,debut:5,insert,wikidata
character_debuts,debut:7,insert,wikidata
character_debuts,debut:9,insert,wikidata
character_debuts,debut:10,insert,wikidata
character_debuts,debut:13,insert,wikidata
character_debuts,debut:14,insert,wikidata
character_debuts,debut:15,insert,wikidata
character_debuts,debut:16,insert,wikidata
character_debuts,debut:17,insert,wikidata
character_debuts,debut:18,insert,wikidata
character_debuts,debut:19,insert,wikidata
character_debuts,debut:20,insert,wikidata
character_debuts,debut:21,insert,wikidata
character_debuts,debut:22,insert,wikidata
character_debuts,debut:24,insert,wikidata
character_debuts,debut:26,insert,wikidata
character_debuts,debut:27,insert,wikidata
character_debuts,debut:28,insert,wikidata
character_debuts,debut:29,insert,wikidata
character_debuts,debut:30,insert,wikidata
character_debuts,debut:31,insert,wikidata
character_debuts,debut:38,insert,wikidata
character_debuts,debut:40,insert,wikidata
character_debuts,debut:42,insert,wikidata
character_debuts,debut:44,insert,wikidata
character_debuts,debut:45,insert,wikidata
character_debuts,debut:49,insert,wikidata
character_debuts,debut:64,insert,wikidata
character_debuts,debut:67,insert,wikidata
character_debuts,debut:72,insert,wikidata
character_debuts,debut:74,insert,wikidata
character_debuts,debut:78,insert,wikidata
character_debuts,debut:87,insert,wikidata
character_debuts,debut:95,insert,wikidata
character_debuts,debut:96,insert,wikidata
character_debuts,debut:97,insert,wikidata
character_debuts,debut:108,insert,wikidata
character_debuts,debut:109,insert,wikidata
character_debuts,debut:110,insert,wikidata
character_debuts,debut:115,insert,wikidata
character_debuts,debut:117,insert,wikidata
character_debuts,debut:129,insert,wikidata
character_debuts,debut:132,insert,wikidata
character_debuts,debut:137,insert,wikidata
character_debuts,debut:140,insert,wikidata
character_debuts,debut:150,insert,wikidata
character_debuts,debut:151,insert,wikidata
character_debuts,debut:153,insert,wikidata
character_debuts,debut:163,insert,wikidata
character_debuts,debut:171,insert,wikidata
character_debuts,debut:178,insert,wikidata
character_debuts,debut:179,insert,wikidata
character_debuts,debut:181,insert,wikidata
character_debuts,debut:183,insert,wikidata
character_debuts,debut:186,insert,wikidata
character_debuts,debut:187,insert,wikidata
character_debuts,debut:196,insert,wikidata
character_debuts,debut:198,insert,wikidata
character_debuts,debut:200,insert,wikidata
character_debuts,debut:209,insert,wikidata
character_debuts,debut:210,insert,wikidata
character_debuts,debut:211,insert,wikidata
character_debuts,debut:214,insert,wikidata
character_debuts,debut:222,insert,wikidata
character_debuts,debut:224,insert,wikidata
character_debuts,debut:227,insert,wikidata
character_debuts,debut:228,insert,wikidata
character_debuts,debut:237,insert,wikidata
character_debuts,debut:239,insert,wikidata
character_debuts,debut:241,insert,wikidata
character_debuts,debut:243,insert,wikidata
character_debuts,debut:244,insert,wikidata
character_debuts,debut:252,insert,wikidata
character_debuts,debut:260,insert,wikidata
character_debuts,debut:261,insert,wikidata
character_debuts,debut:2,insert,derived
character_debuts,debut:3,insert,derived
character_debuts,debut:4,insert,derived
character_debuts,debut:6,insert,derived
character_debuts,debut:11,insert,derived
character_debuts,debut:12,insert,derived
character_debuts,debut:23,insert,derived
character_debuts,debut:25,insert,derived
character_debuts,debut:34,insert,derived
character_debuts,debut:35,insert,derived
character_debuts,debut:37,insert,derived
character_debuts,debut:41,insert,derived
character_debuts,debut:43,insert,derived
character_debuts,debut:46,insert,derived
character_debuts,debut:48,insert,derived
character_debuts,debut:53,insert,derived
character_debuts,debut:57,insert,derived
character_debuts,debut:58,insert,derived
character_debuts,debut:59,insert,derived
character_debuts,debut:60,insert,derived
character_debuts,debut:65,insert,derived
character_debuts,debut:66,insert,derived
character_debuts,debut:70,insert,derived
character_debuts,debut:80,insert,derived
character_debuts,debut:84,insert,derived
character_debuts,debut:98,insert,derived
character_debuts,debut:104,insert,derived
character_debuts,debut:107,insert,derived
character_debuts,debut:113,insert,derived
character_debuts,debut:122,insert,derived
character_debuts,debut:123,insert,derived
character_debuts,debut:124,insert,derived
character_debuts,debut:126,insert,derived
character_debuts,debut:127,insert,derived
character_debuts,debut:135,insert,derived
character_debuts,debut:136,insert,derived
character_debuts,debut:139,insert,derived
character_debuts,debut:144,insert,derived
character_debuts,debut:145,insert,derived
character_debuts,debut:149,insert,derived
character_debuts,debut:161,insert,derived
character_debuts,debut:177,insert,derived
character_debuts,debut:180,insert,derived
character_debuts,debut:182,insert,derived
character_debuts,debut:199,insert,derived
character_debuts,debut:201,insert,derived
character_debuts,debut:225,insert,derived
character_debuts,debut:226,insert,derived
character_debuts,debut:230,insert,derived
character_debuts,debut:234,insert,derived
character_debuts,debut:245,insert,derived
character_debuts,debut:247,insert,derived
character_debuts,debut:249,insert,derived
character_debuts,debut:256,insert,derived
character_debuts,debut:258,insert,derived
character_relations,1:spouse:Uncle Ben,insert,wikidata
character_relations,1:relative:Peter Parker / Spider-Man,insert,wikidata
character_relations,10:enemy:Peter Parker / Spider-Man,insert,wikidata
character_relations,10:enemy:Green Goblin / Norman Osborn,insert,wikidata
character_relations,10:enemy:Gold Goblin,insert,wikidata
character_relations,108:enemy:Peter Parker / Spider-Man,insert,wikidata
character_relations,109:enemy:Emma Frost,insert,wikidata
character_relations,109:enemy:Empath,insert,wikidata
character_relations,109:partner:Cannonball,insert,wikidata
character_relations,109:partner:Vance Astrovik,insert,wikidata
character_relations,11:enemy:Dormammu,insert,wikidata
character_relations,11:enemy:Baron Mordo,insert,wikidata
character_relations,11:enemy:Gargantos,insert,wikidata
character_relations,11:enemy:Xandu,insert,wikidata
character_relations,11:enemy:Shuma-Gorath,insert,wikidata
character_relations,11:enemy:Nightmare,insert,wikidata
character_relations,11:enemy:Dweller-in-Darkness,insert,wikidata
character_relations,11:enemy:Zom,insert,wikidata
character_relations,11:partner:Clea,insert,wikidata
character_relations,110:child:Felicity Hardy,insert,wikidata
character_relations,110:partner:Black Cat,insert,wikidata
character_relations,110:partner:Betty Brant,insert,wikidata
character_relations,110:partner:Liz Allan,insert,wikidata
character_relations,111:enemy:Doctor Doom,insert,wikidata
character_relations,111:enemy:Uatu,insert,wikidata
character_relations,111:enemy:Beta Ray Bill,insert,wikidata
character_relations,111:enemy:Silver Surfer / Norrin Radd,insert,wikidata
character_relations,111:enemy:The Fantastic Four,insert,wikidata
character_relations,111:enemy:Thanos,insert,wikidata
character_relations,111:enemy:In-Betweener,insert,wikidata
character_relations,111:enemy:Excalibur,insert,wikidata
character_relations,111:child:Galacta,insert,wikidata
character_relations,112:enemy:Mister Sinister,insert,wikidata
character_relations,112:enemy:Candra,insert,wikidata
character_relations,112:spouse:Bella Donna,insert,wikidata
character_relations,112:spouse:Rogue,insert,wikidata
character_relations,112:alternate_universe_counterpart:Ultimate Gambit,insert,wikidata
character_relations,115:child:Gwen Stacy,insert,wikidata
character_relations,116:enemy:Mephisto,insert,wikidata
character_relations,116:enemy:Centurious,insert,wikidata
character_relations,116:spouse:Roxanne Simpson,insert,wikidata
character_relations,116:relative:Noble Kale,insert,wikidata
character_relations,116:relative:Jennifer Kale,insert,wikidata
character_relations,117:enemy:Peter Parker / Spider-Man,insert,wikidata
character_relations,117:enemy:Spider-Punk,insert,wikidata
character_relations,117:enemy:Sin-Eater (comics),insert,wikidata
character_relations,117:enemy:Doctor Octopus,insert,wikidata
character_relations,117:enemy:Kindred,insert,wikidata
character_relations,117:enemy:Phil Urich,insert,wikidata
character_relations,117:child:Green Goblin / Norman Osborn,insert,wikidata
character_relations,117:partner:Menace,insert,wikidata
character_relations,117:alternate_universe_counterpart:Ultimate Green Goblin,insert,wikidata
character_relations,12:enemy:Carnage,insert,wikidata
character_relations,12:enemy:Peter Parker / Spider-Man,insert,wikidata
character_relations,12:enemy:Spider-Punk,insert,wikidata
character_relations,12:enemy:Toxin,insert,wikidata
character_relations,12:enemy:Maker,insert,wikidata
character_relations,"12:child:Sadie ""Christmas"" / Lasher (symbiote)",insert,wikidata
character_relations,12:child:Nam,insert,wikidata
character_relations,12:child:Carl Mach,insert,wikidata
character_relations,12:child:Carlton Drake / Riot,insert,wikidata
character_relations,12:child:Carnage,insert,wikidata
character_relations,12:alternate_universe_counterpart:Ultimate Venom,insert,wikidata
character_relations,122:enemy:Peter Parker / Spider-Man,insert,wikidata
character_relations,122:enemy:Kingpin,insert,wikidata
character_relations,123:partner:Pepper Potts,insert,wikidata
character_relations,125:enemy:Loki,insert,wikidata
character_relations,125:enemy:Crossfire,insert,wikidata
character_relations,125:enemy:Trick Shot,insert,wikidata
character_relations,125:spouse:Mockingbird,insert,wikidata
character_relations,125:partner:Black Widow / Natasha Romanova,insert,wikidata
character_relations,125:alternate_universe_counterpart:Ultimate Hawkeye,insert,wikidata
character_relations,126:enemy:New Warriors,insert,wikidata
character_relations,127:enemy:Peter Parker / Spider-Man,insert,wikidata
character_relations,129:enemy:Doctor Doom,insert,wikidata
character_relations,129:enemy:Wizard,insert,wikidata
character_relations,129:enemy:Abner Jenkins,insert,wikidata
character_relations,129:enemy:Trapster,insert,wikidata
character_relations,129:father:Franklin Storm,insert,wikidata
character_relations,129:spouse:Lyja,insert,wikidata
character_relations,129:partner:Crystal,insert,wikidata
character_relations,129:partner:Nova,insert,wikidata
character_relations,129:partner:Namorita,insert,wikidata
character_relations,129:partner:Medusa,insert,wikidata
character_relations,13:enemy:Peter Parker / Spider-Man,insert,wikidata
character_relations,131:enemy:Peter Parker / Spider-Man,insert,wikidata
character_relations,132:mother:Madeline Drake,insert,wikidata
character_relations,132:father:William Drake,insert,wikidata
character_relations,132:partner:Star-Lord / Peter Quill,insert,wikidata
character_relations,132:partner:Opal Tanaka,insert,wikidata
character_relations,132:partner:Mystique,insert,wikidata
character_relations,132:partner:Christian Frost,insert,wikidata
character_relations,132:alternate_universe_counterpart:Ultimate Iceman,insert,wikidata
character_relations,135:enemy:Sabretooth,insert,wikidata
character_relations,135:enemy:Steel Serpent,insert,wikidata
character_relations,135:enemy:Master Khan,insert,wikidata
character_relations,135:enemy:Man Mountain Marko,insert,wikidata
character_relations,136:enemy:Mandarin,insert,wikidata
character_relations,136:enemy:Thanos,insert,wikidata
character_relations,136:enemy:Titanium Man,insert,wikidata
character_relations,136:enemy:MODOK,insert,wikidata
character_relations,136:enemy:Ultron,insert,wikidata
character_relations,136:enemy:Loki,insert,wikidata
character_relations,136:enemy:Iron Monger,insert,wikidata
character_relations,136:enemy:Hydra,insert,wikidata
character_relations,136:enemy:Justin Hammer,insert,wikidata
character_relations,136:enemy:Crimson Dynamo,insert,wikidata
character_relations,136:enemy:Zeke Stane,insert,wikidata
character_relations,136:enemy:Gremlin,insert,wikidata
character_relations,136:enemy:Cobalt Man,insert,wikidata
character_relations,136:enemy:Madame Masque,insert,wikidata
character_relations,136:mother:Maria Stark,insert,wikidata
character_relations,136:father:Howard Stark,insert,wikidata
character_relations,136:alternate_universe_counterpart:Ultimate Iron Man,insert,wikidata
character_relations,136:alternate_universe_counterpart:Iron Lad,insert,wikidata
character_relations,137:spouse:Marla Madison,insert,wikidata
character_relations,137:child:John Jameson,insert,wikidata
character_relations,137:child:Mattie Franklin (future Spider-Woman),insert,wikidata
character_relations,14:enemy:Jigsaw,insert,wikidata
character_relations,14:enemy:Barracuda,insert,wikidata
character_relations,14:enemy:Damage,insert,wikidata
character_relations,14:enemy:Thorn,insert,wikidata
character_relations,14:enemy:Rapido,insert,wikidata
character_relations,14:enemy:Ma Gnucci,insert,wikidata
character_relations,14:enemy:Russian,insert,wikidata
character_relations,14:enemy:Bushwacker,insert,wikidata
character_relations,14:enemy:Sniper,insert,wikidata
character_relations,14:enemy:Gold Goblin,insert,wikidata
character_relations,14:enemy:Kingpin,insert,wikidata
character_relations,14:spouse:Maria Castle,insert,wikidata
character_relations,14:child:Lisa Barbara Castle,insert,wikidata
character_relations,14:child:Frank Castle Jr.,insert,wikidata
character_relations,14:alternate_universe_counterpart:Cosmic Ghost Rider,insert,wikidata
character_relations,142:enemy:Peter Parker / Spider-Man,insert,wikidata
character_relations,142:father:Tombstone,insert,wikidata
character_relations,142:partner:Randy Robertson,insert,wikidata
character_relations,144:spouse:Rio Morales,insert,wikidata
character_relations,144:child:Miles Morales,insert,wikidata
character_relations,146:enemy:Titania,insert,wikidata
character_relations,146:spouse:John Jameson,insert,wikidata
character_relations,146:partner:Starfox,insert,wikidata
character_relations,146:partner:Hercules,insert,wikidata
character_relations,146:partner:Iron Man / Tony Stark,insert,wikidata
character_relations,146:partner:Clay Quartermain,insert,wikidata
character_relations,146:partner:Wyatt Wingfoot,insert,wikidata
character_relations,146:partner:Luke Cage,insert,wikidata
character_relations,146:relative:Hulk,insert,wikidata
character_relations,146:relative:Bruce Banner,insert,wikidata
character_relations,146:relative:Skaar,insert,wikidata
character_relations,149:enemy:Kingpin,insert,wikidata
character_relations,149:alternate_universe_counterpart:Gwen Stacy,insert,wikidata
character_relations,15:enemy:Doctor Octopus,insert,wikidata
character_relations,15:father:Gold Goblin,insert,wikidata
character_relations,15:spouse:Liz Allan,insert,wikidata
character_relations,15:child:Normie Osborn,insert,wikidata
character_relations,15:partner:Menace,insert,wikidata
character_relations,15:partner:Mary Jane Parker,insert,wikidata
character_relations,150:father:J. Jonah Jameson,insert,wikidata
character_relations,150:spouse:She-Hulk / Jennifer Walters,insert,wikidata
character_relations,155:enemy:Sinister Six,insert,wikidata
character_relations,157:enemy:Avengers,insert,wikidata
character_relations,157:enemy:Ultron,insert,wikidata
character_relations,157:enemy:Doctor Doom,insert,wikidata
character_relations,157:enemy:Immortus,insert,wikidata
character_relations,157:enemy:Ravonna Renslayer,insert,wikidata
character_relations,157:enemy:Knull,insert,wikidata
character_relations,157:relative:Nathaniel Richards,insert,wikidata
character_relations,157:relative:Mister Fantastic / Reed Richards,insert,wikidata
character_relations,157:relative:Franklin Richards,insert,wikidata
character_relations,157:relative:Valeria Richards,insert,wikidata
character_relations,16:father:George Stacy,insert,wikidata
character_relations,16:partner:Peter Parker / Spider-Man,insert,wikidata
character_relations,16:alternate_universe_counterpart:Jessica Drew / Spider-Woman,insert,wikidata
character_relations,160:enemy:Patrick Mulligan / Toxin,insert,wikidata
character_relations,160:enemy:Kang the Conqueror,insert,wikidata
character_relations,161:enemy:Peter Parker / Spider-Man,insert,wikidata
character_relations,161:father:Eddie Brock / Venom,insert,wikidata
character_relations,163:father:Wilson Allan,insert,wikidata
character_relations,163:spouse:Green Goblin / Norman Osborn,insert,wikidata
character_relations,163:child:Normie Osborn,insert,wikidata
character_relations,163:partner:Peter Parker / Spider-Man,insert,wikidata
character_relations,163:partner:Flash Thompson,insert,wikidata
character_relations,163:alternate_universe_counterpart:Ultimate Firestar,insert,wikidata
character_relations,164:enemy:Thor,insert,wikidata
character_relations,164:enemy:Iron Man / Tony Stark,insert,wikidata
character_relations,164:enemy:Hawkeye,insert,wikidata
character_relations,164:enemy:Avengers,insert,wikidata
character_relations,164:father:Laufey,insert,wikidata
character_relations,164:spouse:Sigyn,insert,wikidata
character_relations,164:child:Fenris Wolf,insert,wikidata
character_relations,164:child:Midgard Serpent,insert,wikidata
character_relations,164:child:Agamemnon,insert,wikidata
character_relations,166:enemy:Chemistro,insert,wikidata
character_relations,166:enemy:Diamondback,insert,wikidata
character_relations,166:enemy:Cottonmouth,insert,wikidata
character_relations,166:enemy:Man Mountain Marko,insert,wikidata
character_relations,166:spouse:Jessica Jones,insert,wikidata
character_relations,166:child:Danielle Cage,insert,wikidata
character_relations,166:partner:She-Hulk / Jennifer Walters,insert,wikidata
character_relations,171:enemy:Professor X,insert,wikidata
character_relations,171:enemy:X-Men,insert,wikidata
character_relations,171:enemy:William Stryker,insert,wikidata
character_relations,171:enemy:Daisy Johnson,insert,wikidata
character_relations,171:enemy:Jean Grey,insert,wikidata
character_relations,171:enemy:Onslaught,insert,wikidata
character_relations,171:enemy:Apocalypse,insert,wikidata
character_relations,171:enemy:Red Skull,insert,wikidata
character_relations,171:spouse:Magda Lehnsherr,insert,wikidata
character_relations,171:child:Anya Eisenhardt,insert,wikidata
character_relations,171:child:Scarlet Witch,insert,wikidata
character_relations,171:child:Quicksilver,insert,wikidata
character_relations,171:child:Polaris,insert,wikidata
character_relations,171:child:Joseph,insert,wikidata
character_relations,171:child:Magnus Lehnsherr,insert,wikidata
character_relations,171:partner:Lee Forrester,insert,wikidata
character_relations,171:partner:Mystique,insert,wikidata
character_relations,171:partner:Rogue,insert,wikidata
character_relations,171:alternate_universe_counterpart:Magneto,insert,wikidata
character_relations,171:alternate_universe_counterpart:Ultimate Magneto,insert,wikidata
character_relations,172:alternate_universe_counterpart:Peter Parker / Spider-Man,insert,wikidata
character_relations,175:enemy:Peter Parker / Spider-Man,insert,wikidata
character_relations,178:spouse:Peter Parker / Spider-Man,insert,wikidata
character_relations,178:child:Spider-Girl,insert,wikidata
character_relations,178:child:Benjamin Richard Parker,insert,wikidata
character_relations,178:partner:Green Goblin / Norman Osborn,insert,wikidata
character_relations,18:enemy:Abomination,insert,wikidata
character_relations,18:enemy:The Leader,insert,wikidata
character_relations,18:enemy:Thunderbolt Ross,insert,wikidata
character_relations,18:enemy:MODOK,insert,wikidata
character_relations,18:enemy:Tyrannus,insert,wikidata
character_relations,18:enemy:Glenn Talbot,insert,wikidata
character_relations,18:enemy:Gardener,insert,wikidata
character_relations,18:enemy:Absorbing Man,insert,wikidata
character_relations,18:enemy:Mister Hyde,insert,wikidata
character_relations,18:enemy:Madman,insert,wikidata
character_relations,18:enemy:Glob,insert,wikidata
character_relations,18:enemy:Bi-Beast,insert,wikidata
character_relations,18:enemy:U-Foes,insert,wikidata
character_relations,18:enemy:Zzzax,insert,wikidata
character_relations,18:enemy:Mercy,insert,wikidata
character_relations,18:enemy:Gamma Corps,insert,wikidata
character_relations,18:enemy:Speedfreek,insert,wikidata
character_relations,18:enemy:Maestro,insert,wikidata
character_relations,18:enemy:Brian Banner,insert,wikidata
character_relations,18:enemy:One Below All,insert,wikidata
character_relations,18:mother:Rebecca Banner,insert,wikidata
character_relations,18:father:Brian Banner,insert,wikidata
character_relations,18:spouse:Betty Ross,insert,wikidata
character_relations,18:spouse:Caiera,insert,wikidata
character_relations,18:child:Skaar,insert,wikidata
character_relations,18:child:Hiro-Kala,insert,wikidata
character_relations,18:child:Lyra,insert,wikidata
character_relations,18:relative:She-Hulk / Jennifer Walters,insert,wikidata
character_relations,18:alternate_universe_counterpart:Ultimate Hulk,insert,wikidata
character_relations,18:alternate_universe_counterpart:Maestro,insert,wikidata
character_relations,181:spouse:Richard Parker,insert,wikidata
character_relations,181:child:Peter Parker / Spider-Man,insert,wikidata
character_relations,182:father:J. Jonah Jameson,insert,wikidata
character_relations,183:enemy:Peter Parker / Spider-Man,insert,wikidata
character_relations,184:enemy:Flipside,insert,wikidata
character_relations,184:enemy:Tyler Stone,insert,wikidata
character_relations,184:father:Tyler Stone,insert,wikidata
character_relations,184:relative:Tiberius Stone,insert,wikidata
character_relations,187:enemy:Doctor Doom,insert,wikidata
character_relations,187:father:Nathaniel Richards,insert,wikidata
character_relations,187:spouse:Invisible Woman,insert,wikidata
character_relations,187:child:Franklin Richards,insert,wikidata
character_relations,187:child:Valeria Richards,insert,wikidata
character_relations,187:alternate_universe_counterpart:Maker,insert,wikidata
character_relations,187:alternate_universe_counterpart:Doom,insert,wikidata
character_relations,189:enemy:Bushman,insert,wikidata
character_relations,189:enemy:Black Spectre,insert,wikidata
character_relations,189:spouse:Marlene Alraune,insert,wikidata
character_relations,19:enemy:Daredevil,insert,wikidata
character_relations,19:enemy:Peter Parker / Spider-Man,insert,wikidata
character_relations,19:enemy:Captain America,insert,wikidata
character_relations,19:enemy:Hammerhead,insert,wikidata
character_relations,19:enemy:Silvermane,insert,wikidata
character_relations,19:enemy:Richard Fisk,insert,wikidata
character_relations,19:enemy:Vanessa Fisk,insert,wikidata
character_relations,19:enemy:Frank Castle / The Punisher,insert,wikidata
character_relations,19:spouse:Vanessa Fisk,insert,wikidata
character_relations,19:spouse:Typhoid Mary,insert,wikidata
character_relations,19:child:Richard Fisk,insert,wikidata
character_relations,194:enemy:Attuma,insert,wikidata
character_relations,194:enemy:Llyra,insert,wikidata
character_relations,194:enemy:Gargantos,insert,wikidata
character_relations,194:enemy:Orka,insert,wikidata
character_relations,194:enemy:Commander Kraken,insert,wikidata
character_relations,194:mother:Fen,insert,wikidata
character_relations,194:spouse:Marrina Smallwood,insert,wikidata
character_relations,194:spouse:Dorma,insert,wikidata
character_relations,194:partner:Emma Frost,insert,wikidata
character_relations,194:alternate_universe_counterpart:Ultimate Namor,insert,wikidata
character_relations,196:spouse:Betty Brant,insert,wikidata
character_relations,198:enemy:Baron Strucker,insert,wikidata
character_relations,198:child:Nick Fury Jr.,insert,wikidata
character_relations,198:alternate_universe_counterpart:Nick Fury,insert,wikidata
character_relations,2:child:Darkdevil,insert,wikidata
character_relations,20:enemy:Peter Parker / Spider-Man,insert,wikidata
character_relations,20:enemy:Tigra,insert,wikidata
character_relations,20:child:Alyosha Kravinoff,insert,wikidata
character_relations,20:child:Ana Kravinoff,insert,wikidata
character_relations,20:child:Grim Hunter,insert,wikidata
character_relations,20:partner:Calypso,insert,wikidata
character_relations,20:alternate_universe_counterpart:Ultimate Kraven,insert,wikidata
character_relations,200:enemy:Mystique,insert,wikidata
character_relations,200:enemy:Azazel,insert,wikidata
character_relations,200:enemy:Graydon Creed,insert,wikidata
character_relations,200:mother:Mystique,insert,wikidata
character_relations,200:mother:Destiny,insert,wikidata
character_relations,200:father:Azazel,insert,wikidata
character_relations,200:child:Nocturne,insert,wikidata
character_relations,200:partner:Amanda Sefton,insert,wikidata
character_relations,200:partner:Cerise,insert,wikidata
character_relations,200:alternate_universe_counterpart:Nightcrawler,insert,wikidata
character_relations,202:enemy:Doctor Doom,insert,wikidata
character_relations,202:enemy:Mephisto,insert,wikidata
character_relations,202:enemy:Galactus,insert,wikidata
character_relations,202:enemy:Thanos,insert,wikidata
character_relations,202:enemy:Terrax,insert,wikidata
character_relations,202:partner:Shalla-Bal,insert,wikidata
character_relations,207:enemy:Peter Parker / Spider-Man,insert,wikidata
character_relations,207:enemy:Cletus Kasady,insert,wikidata
character_relations,207:enemy:Knull,insert,wikidata
character_relations,207:spouse:Anne Weying,insert,wikidata
character_relations,207:alternate_universe_counterpart:Venom,insert,wikidata
character_relations,207:alternate_universe_counterpart:Eddie Brock,insert,wikidata
character_relations,208:alternate_universe_counterpart:Peter Parker / Spider-Man,insert,wikidata
character_relations,208:alternate_universe_counterpart:Ultimate Spider-Man,insert,wikidata
character_relations,208:alternate_universe_counterpart:Spider-Man Noir,insert,wikidata
character_relations,208:alternate_universe_counterpart:Spider-Ham,insert,wikidata
character_relations,208:alternate_universe_counterpart:Spider-Man,insert,wikidata
character_relations,209:spouse:Tony Stark,insert,wikidata
character_relations,209:child:Morgan Stark,insert,wikidata
character_relations,21:enemy:Peter Parker / Spider-Man,insert,wikidata
character_relations,21:spouse:Martha Connors,insert,wikidata
character_relations,21:child:Billy Connors,insert,wikidata
character_relations,211:enemy:Ogun,insert,wikidata
character_relations,211:mother:Terri Pryde,insert,wikidata
character_relations,211:father:Carmen Pryde,insert,wikidata
character_relations,211:partner:Colossus,insert,wikidata
character_relations,211:partner:Star-Lord,insert,wikidata
character_relations,211:partner:Iceman,insert,wikidata
character_relations,211:partner:Pete Wisdom,insert,wikidata
character_relations,211:alternate_universe_counterpart:Kate Pryde,insert,wikidata
character_relations,211:alternate_universe_counterpart:Colleen,insert,wikidata
character_relations,211:alternate_universe_counterpart:Ultimate Kitty Pryde,insert,wikidata
character_relations,214:enemy:Magneto,insert,wikidata
character_relations,214:enemy:Juggernaut,insert,wikidata
character_relations,214:enemy:Cassandra Nova,insert,wikidata
character_relations,214:enemy:Pyro,insert,wikidata
character_relations,214:enemy:Shadow King,insert,wikidata
character_relations,214:mother:Sharon Xavier,insert,wikidata
character_relations,214:father:Brian Xavier,insert,wikidata
character_relations,214:spouse:Lilandra Neramani,insert,wikidata
character_relations,214:child:Legion,insert,wikidata
character_relations,214:child:Xandra Neramani,insert,wikidata
character_relations,214:partner:Amelia Voght,insert,wikidata
character_relations,214:partner:Gabrielle Haller,insert,wikidata
character_relations,214:partner:Moira MacTaggert,insert,wikidata
character_relations,214:alternate_universe_counterpart:Professor X,insert,wikidata
character_relations,222:spouse:Mary Parker,insert,wikidata
character_relations,222:child:Peter Parker / Spider-Man,insert,wikidata
character_relations,225:spouse:Jefferson Davis,insert,wikidata
character_relations,225:child:Miles Morales,insert,wikidata
character_relations,227:enemy:Tombstone,insert,wikidata
character_relations,227:child:Randy Robertson,insert,wikidata
character_relations,229:enemy:Mystique,insert,wikidata
character_relations,229:enemy:Carol Danvers,insert,wikidata
character_relations,229:mother:Mystique,insert,wikidata
character_relations,229:mother:Destiny,insert,wikidata
character_relations,229:spouse:Gambit (Remy LeBeau),insert,wikidata
character_relations,229:child:Magnus Lehnsherr,insert,wikidata
character_relations,229:partner:Magneto,insert,wikidata
character_relations,229:partner:Joseph,insert,wikidata
character_relations,229:alternate_universe_counterpart:Ultimate Rogue,insert,wikidata
character_relations,23:enemy:Peter Parker / Spider-Man,insert,wikidata
character_relations,231:spouse:Otto Octavius,insert,wikidata
character_relations,239:spouse:Talos (Skrull),insert,wikidata
character_relations,24:partner:Peter Parker,insert,wikidata
character_relations,240:enemy:Nitro,insert,wikidata
character_relations,241:enemy:Peter Parker / Spider-Man,insert,wikidata
character_relations,241:child:Alistair Smythe,insert,wikidata
character_relations,243:enemy:Shadow King,insert,wikidata
character_relations,243:mother:N'Dare,insert,wikidata
character_relations,243:father:David Munroe,insert,wikidata
character_relations,243:spouse:Black Panther / T'Challa,insert,wikidata
character_relations,243:partner:Wolverine,insert,wikidata
character_relations,243:partner:Forge,insert,wikidata
character_relations,243:alternate_universe_counterpart:Storm,insert,wikidata
character_relations,243:alternate_universe_counterpart:Ultimate Storm,insert,wikidata
character_relations,244:spouse:Soren (Skrull),insert,wikidata
character_relations,245:enemy:Scott Lang,insert,wikidata
character_relations,246:enemy:Adam Warlock,insert,wikidata
character_relations,246:enemy:Avengers,insert,wikidata
character_relations,246:enemy:Guardians of the Galaxy,insert,wikidata
character_relations,246:enemy:Galactus,insert,wikidata
character_relations,246:enemy:The Fantastic Four,insert,wikidata
character_relations,246:enemy:X-Men,insert,wikidata
character_relations,246:enemy:Elders of the Universe,insert,wikidata
character_relations,246:enemy:Silver Surfer / Norrin Radd,insert,wikidata
character_relations,246:enemy:Mar-Vell,insert,wikidata
character_relations,246:enemy:Phyla-Vell,insert,wikidata
character_relations,246:enemy:Gamora,insert,wikidata
character_relations,246:enemy:Drax the Destroyer,insert,wikidata
character_relations,246:enemy:Star-Lord,insert,wikidata
character_relations,246:enemy:Iron Man / Tony Stark,insert,wikidata
character_relations,246:enemy:Kronos,insert,wikidata
character_relations,246:enemy:Living Tribunal,insert,wikidata
character_relations,246:enemy:Beyonder,insert,wikidata
character_relations,246:mother:Sui-San,insert,wikidata
character_relations,246:father:Mentor,insert,wikidata
character_relations,246:child:Gamora,insert,wikidata
character_relations,246:child:Nebula,insert,wikidata
character_relations,246:child:Thane,insert,wikidata
character_relations,246:relative:Kronos,insert,wikidata
character_relations,246:relative:Gamora,insert,wikidata
character_relations,246:relative:Nebula,insert,wikidata
character_relations,246:relative:Corvus Glaive,insert,wikidata
character_relations,246:relative:Zuras,insert,wikidata
character_relations,246:relative:Ebony Maw,insert,wikidata
character_relations,247:spouse:Silver Sable,insert,wikidata
character_relations,249:enemy:Loki,insert,wikidata
character_relations,249:enemy:Malekith the Accursed,insert,wikidata
character_relations,249:enemy:Surtur,insert,wikidata
character_relations,249:enemy:Laufey,insert,wikidata
character_relations,249:enemy:Midgard Serpent,insert,wikidata
character_relations,249:enemy:Lorelei,insert,wikidata
character_relations,249:enemy:Seth,insert,wikidata
character_relations,249:enemy:Mangog,insert,wikidata
character_relations,249:enemy:Wrecker,insert,wikidata
character_relations,249:enemy:Radioactive Man,insert,wikidata
character_relations,249:enemy:Mister Hyde,insert,wikidata
character_relations,249:enemy:Absorbing Man,insert,wikidata
character_relations,249:enemy:Destroyer,insert,wikidata
character_relations,249:enemy:Ego the Living Planet,insert,wikidata
character_relations,249:enemy:Ulik,insert,wikidata
character_relations,249:enemy:Hela,insert,wikidata
character_relations,249:enemy:Executioner,insert,wikidata
character_relations,249:enemy:Gorr the God Butcher,insert,wikidata
character_relations,249:mother:Gaea,insert,wikidata
character_relations,249:mother:Frigga,insert,wikidata
character_relations,249:father:Odin,insert,wikidata
character_relations,249:child:Torunn,insert,wikidata
character_relations,249:alternate_universe_counterpart:Thor,insert,wikidata
character_relations,249:alternate_universe_counterpart:King Thor,insert,wikidata
character_relations,25:enemy:Kangaroo,insert,wikidata
character_relations,25:enemy:Ultimate Green Goblin,insert,wikidata
character_relations,25:enemy:Aaron Davis,insert,wikidata
character_relations,25:mother:Rio Morales,insert,wikidata
character_relations,25:father:Jefferson Davis,insert,wikidata
character_relations,251:enemy:Daredevil,insert,wikidata
character_relations,251:spouse:Kingpin,insert,wikidata
character_relations,251:partner:Daredevil,insert,wikidata
character_relations,252:enemy:X-Men,insert,wikidata
character_relations,253:enemy:Captain America,insert,wikidata
character_relations,253:enemy:Peter Parker / Spider-Man,insert,wikidata
character_relations,256:child:Black Cat,insert,wikidata
character_relations,258:relative:White Tiger,insert,wikidata
character_relations,26:enemy:Peter Parker / Spider-Man,insert,wikidata
character_relations,26:enemy:Daredevil,insert,wikidata
character_relations,262:enemy:Sunset Bain,insert,wikidata
character_relations,27:enemy:Gold Goblin,insert,wikidata
character_relations,27:enemy:Doctor Octopus,insert,wikidata
character_relations,27:enemy:Patrick Mulligan / Toxin,insert,wikidata
character_relations,27:enemy:Eddie Brock / Venom,insert,wikidata
character_relations,27:enemy:Mysterio,insert,wikidata
character_relations,27:enemy:Lizard,insert,wikidata
character_relations,27:enemy:Tombstone,insert,wikidata
character_relations,27:enemy:Wraith,insert,wikidata
character_relations,27:enemy:Speed Demon,insert,wikidata
character_relations,27:enemy:Carlton Drake / Riot,insert,wikidata
character_relations,27:enemy:Chameleon,insert,wikidata
character_relations,27:enemy:Rhino,insert,wikidata
character_relations,27:enemy:Dennis Carradine / Burglar,insert,wikidata
character_relations,27:enemy:Alyosha Kravinoff,insert,wikidata
character_relations,27:enemy:Kraven the Hunter,insert,wikidata
character_relations,27:enemy:Green Goblin,insert,wikidata
character_relations,27:enemy:Hobgoblin,insert,wikidata
character_relations,27:enemy:Sandman,insert,wikidata
character_relations,27:enemy:Michael Morbius / Living Vampire,insert,wikidata
character_relations,27:enemy:Beetle,insert,wikidata
character_relations,27:enemy:Kingpin,insert,wikidata
character_relations,27:enemy:Carnage,insert,wikidata
character_relations,27:enemy:Will o' the Wisp,insert,wikidata
character_relations,27:enemy:Cletus Kasady,insert,wikidata
character_relations,27:enemy:Ox,insert,wikidata
character_relations,27:enemy:Demogoblin,insert,wikidata
character_relations,27:enemy:Scream,insert,wikidata
character_relations,27:enemy:Hydro-Man,insert,wikidata
character_relations,27:enemy:Grim Hunter,insert,wikidata
character_relations,27:enemy:Shocker,insert,wikidata
character_relations,27:enemy:Frederick Foswell,insert,wikidata
character_relations,27:enemy:Aaron Davis / Prowler,insert,wikidata
character_relations,27:enemy:Vulture,insert,wikidata
character_relations,27:enemy:Electro,insert,wikidata
character_relations,27:enemy:Richard Fisk,insert,wikidata
character_relations,27:enemy:Doppelganger,insert,wikidata
character_relations,27:enemy:Silvermane,insert,wikidata
character_relations,27:enemy:Molten Man,insert,wikidata
character_relations,27:enemy:Carrion,insert,wikidata
character_relations,"27:enemy:Sadie ""Christmas"" / Lasher (symbiote)",insert,wikidata
character_relations,27:enemy:Jackal,insert,wikidata
character_relations,27:enemy:Mendel Stromm,insert,wikidata
character_relations,27:enemy:Boomerang,insert,wikidata
character_relations,27:enemy:Tinkerer,insert,wikidata
character_relations,27:enemy:Hood,insert,wikidata
character_relations,27:enemy:Puma,insert,wikidata
character_relations,27:enemy:Hammerhead,insert,wikidata
character_relations,27:enemy:Alistair Smythe,insert,wikidata
character_relations,27:enemy:Big Wheel,insert,wikidata
character_relations,27:enemy:Scorpion,insert,wikidata
character_relations,27:enemy:Calypso,insert,wikidata
character_relations,27:enemy:Spot,insert,wikidata
character_relations,27:enemy:Spencer Smythe (PS2/PSP),insert,wikidata
character_relations,27:enemy:Jonas Harrow,insert,wikidata
character_relations,27:enemy:Martin Li / Mister Negative,insert,wikidata
character_relations,27:enemy:Rocket Racer,insert,wikidata
character_relations,27:enemy:Slyde,insert,wikidata
character_relations,27:enemy:Stegron,insert,wikidata
character_relations,27:enemy:Stunner,insert,wikidata
character_relations,27:enemy:Black Tarantula,insert,wikidata
character_relations,27:enemy:Hitman,insert,wikidata
character_relations,27:enemy:White Rabbit,insert,wikidata
character_relations,27:enemy:Walrus,insert,wikidata
character_relations,27:enemy:Vermin,insert,wikidata
character_relations,27:enemy:Phil Urich,insert,wikidata
character_relations,27:enemy:Bloodshed,insert,wikidata
character_relations,27:enemy:Enforcers,insert,wikidata
character_relations,27:enemy:Farley Stillwell,insert,wikidata
character_relations,27:enemy:Man Mountain Marko,insert,wikidata
character_relations,27:enemy:Montana,insert,wikidata
character_relations,27:enemy:Swarm,insert,wikidata
character_relations,27:enemy:Roderick Kingsley,insert,wikidata
character_relations,27:enemy:Abner Jenkins,insert,wikidata
character_relations,27:enemy:Janice Lincoln,insert,wikidata
character_relations,27:enemy:Fancy Dan,insert,wikidata
character_relations,27:enemy:Sinister Six,insert,wikidata
character_relations,27:enemy:Sin-Eater (comics),insert,wikidata
character_relations,27:mother:Mary Parker,insert,wikidata
character_relations,27:father:Richard Parker,insert,wikidata
character_relations,27:spouse:Mary Jane Parker,insert,wikidata
character_relations,27:child:Spider-Girl,insert,wikidata
character_relations,27:child:Benjamin Richard Parker,insert,wikidata
character_relations,27:child:Felicity Hardy,insert,wikidata
character_relations,27:partner:Gwen Stacy,insert,wikidata
character_relations,27:partner:Black Cat,insert,wikidata
character_relations,27:partner:Betty Brant,insert,wikidata
character_relations,27:partner:Carlie Cooper,insert,wikidata
character_relations,27:partner:Debra Whitman,insert,wikidata
character_relations,27:partner:Mary Jane Parker,insert,wikidata
character_relations,27:partner:Liz Allan,insert,wikidata
character_relations,27:partner:Star-Lord / Peter Quill,insert,wikidata
character_relations,27:relative:Uncle Ben,insert,wikidata
character_relations,27:relative:Aunt May,insert,wikidata
character_relations,27:relative:Richard Parker,insert,wikidata
character_relations,27:alternate_universe_counterpart:Ultimate Spider-Man,insert,wikidata
character_relations,27:alternate_universe_counterpart:Spider-Man Noir,insert,wikidata
character_relations,27:alternate_universe_counterpart:Spider-Ham,insert,wikidata
character_relations,27:alternate_universe_counterpart:Pavitr Prabhakar / Spider-Man India,insert,wikidata
character_relations,27:alternate_universe_counterpart:Spider-Man,insert,wikidata
character_relations,28:enemy:Peter Parker / Spider-Man,insert,wikidata
character_relations,29:enemy:Peter Parker / Spider-Man,insert,wikidata
character_relations,3:father:Walter Hardy,insert,wikidata
character_relations,3:child:Felicity Hardy,insert,wikidata
character_relations,3:partner:Peter Parker / Spider-Man,insert,wikidata
character_relations,3:partner:Daredevil,insert,wikidata
character_relations,3:partner:Puma,insert,wikidata
character_relations,3:partner:Flash Thompson,insert,wikidata
character_relations,3:alternate_universe_counterpart:Ultimate Black Cat,insert,wikidata
character_relations,30:enemy:Peter Parker / Spider-Man,insert,wikidata
character_relations,31:enemy:Peter Parker / Spider-Man,insert,wikidata
character_relations,32:enemy:Cloak and Dagger,insert,wikidata
character_relations,34:spouse:The Foreigner,insert,wikidata
character_relations,35:mother:Mary Jane Parker,insert,wikidata
character_relations,35:father:Peter Parker / Spider-Man,insert,wikidata
character_relations,36:alternate_universe_counterpart:Peter Parker / Spider-Man,insert,wikidata
character_relations,36:alternate_universe_counterpart:Ultimate Spider-Man,insert,wikidata
character_relations,36:alternate_universe_counterpart:Spider-Man Noir,insert,wikidata
character_relations,36:alternate_universe_counterpart:Pavitr Prabhakar / Spider-Man India,insert,wikidata
character_relations,36:alternate_universe_counterpart:Spider-Man,insert,wikidata
character_relations,37:alternate_universe_counterpart:Peter Parker / Spider-Man,insert,wikidata
character_relations,37:alternate_universe_counterpart:Ultimate Spider-Man,insert,wikidata
character_relations,37:alternate_universe_counterpart:Spider-Ham,insert,wikidata
character_relations,37:alternate_universe_counterpart:Pavitr Prabhakar / Spider-Man India,insert,wikidata
character_relations,37:alternate_universe_counterpart:Spider-Man,insert,wikidata
character_relations,38:enemy:Gold Goblin,insert,wikidata
character_relations,38:enemy:Eddie Brock / Venom,insert,wikidata
character_relations,38:enemy:Thunderstrike,insert,wikidata
character_relations,4:enemy:Peter Parker / Spider-Man,insert,wikidata
character_relations,4:partner:Kraven the Hunter,insert,wikidata
character_relations,42:enemy:Peter Parker / Spider-Man,insert,wikidata
character_relations,43:enemy:Peter Parker / Spider-Man,insert,wikidata
character_relations,43:enemy:Daredevil,insert,wikidata
character_relations,43:enemy:Robbie Robertson,insert,wikidata
character_relations,43:child:Janice Lincoln,insert,wikidata
character_relations,44:spouse:Aunt May,insert,wikidata
character_relations,45:enemy:Peter Parker / Spider-Man,insert,wikidata
character_relations,46:enemy:Sabretooth,insert,wikidata
character_relations,46:enemy:Romulus,insert,wikidata
character_relations,46:enemy:Lady Deathstrike,insert,wikidata
character_relations,46:enemy:Baron Strucker,insert,wikidata
character_relations,46:enemy:Silver Samurai,insert,wikidata
character_relations,46:enemy:Omega Red,insert,wikidata
character_relations,46:enemy:William Stryker,insert,wikidata
character_relations,46:enemy:Bloodscream,insert,wikidata
character_relations,46:enemy:Cyber,insert,wikidata
character_relations,46:enemy:Geist,insert,wikidata
character_relations,46:enemy:Kenuichio Harada,insert,wikidata
character_relations,46:enemy:Ogun,insert,wikidata
character_relations,46:enemy:Viper,insert,wikidata
character_relations,46:enemy:Shingen Yashida,insert,wikidata
character_relations,46:enemy:Gorgon,insert,wikidata
character_relations,46:enemy:Professor Thorton,insert,wikidata
character_relations,46:father:Thomas Logan,insert,wikidata
character_relations,46:spouse:Viper,insert,wikidata
character_relations,46:child:Daken,insert,wikidata
character_relations,46:child:Amiko Kobayashi,insert,wikidata
character_relations,46:child:X-23,insert,wikidata
character_relations,46:child:Gabby Kinney,insert,wikidata
character_relations,46:child:Wild Thing,insert,wikidata
character_relations,46:partner:Jean Grey,insert,wikidata
character_relations,46:partner:Storm (Ororo Munroe),insert,wikidata
character_relations,46:partner:Mariko Yashida,insert,wikidata
character_relations,46:partner:Silver Fox,insert,wikidata
character_relations,46:partner:Native,insert,wikidata
character_relations,46:partner:Yukio,insert,wikidata
character_relations,46:partner:Mystique,insert,wikidata
character_relations,46:partner:Domino,insert,wikidata
character_relations,46:partner:Elektra,insert,wikidata
character_relations,46:alternate_universe_counterpart:Wolverine,insert,wikidata
character_relations,46:alternate_universe_counterpart:Ultimate Wolverine,insert,wikidata
character_relations,46:alternate_universe_counterpart:Old Man Logan,insert,wikidata
character_relations,48:enemy:Peter Parker / Spider-Man,insert,wikidata
character_relations,5:enemy:Red Skull,insert,wikidata
character_relations,5:enemy:Baron Zemo,insert,wikidata
character_relations,5:enemy:Crossbones,insert,wikidata
character_relations,5:enemy:Sin,insert,wikidata
character_relations,5:enemy:Kingpin,insert,wikidata
character_relations,5:enemy:Batroc the Leaper (Georges Batroc),insert,wikidata
character_relations,5:enemy:Arnim Zola,insert,wikidata
character_relations,5:enemy:Helmut Zemo,insert,wikidata
character_relations,5:enemy:MODOK,insert,wikidata
character_relations,5:enemy:Vermin,insert,wikidata
character_relations,5:enemy:Viper,insert,wikidata
character_relations,5:enemy:Doctor Faustus,insert,wikidata
character_relations,5:enemy:Hate-Monger,insert,wikidata
character_relations,5:enemy:Korath the Pursuer,insert,wikidata
character_relations,5:enemy:Hydra,insert,wikidata
character_relations,5:enemy:Porcupine,insert,wikidata
character_relations,5:enemy:Solarr,insert,wikidata
character_relations,5:enemy:Serpent Society,insert,wikidata
character_relations,5:enemy:Mister Hyde,insert,wikidata
character_relations,5:alternate_universe_counterpart:Ultimate Captain America,insert,wikidata
character_relations,5:alternate_universe_counterpart:Captain America,insert,wikidata
character_relations,53:enemy:Peter Parker / Spider-Man,insert,wikidata
character_relations,53:father:Spencer Smythe (PS2/PSP),insert,wikidata
character_relations,57:spouse:Patrick Mulligan / Toxin,insert,wikidata
character_relations,6:enemy:Peter Parker / Spider-Man,insert,wikidata
character_relations,6:enemy:Eddie Brock / Venom,insert,wikidata
character_relations,6:father:Eddie Brock / Venom,insert,wikidata
character_relations,6:child:Toxin,insert,wikidata
character_relations,63:enemy:Captain America,insert,wikidata
character_relations,63:enemy:Falcon,insert,wikidata
character_relations,64:enemy:Dark Beast,insert,wikidata
character_relations,64:mother:Edna McCoy,insert,wikidata
character_relations,64:father:Norton McCoy,insert,wikidata
character_relations,64:partner:Abigail Brand,insert,wikidata
character_relations,64:alternate_universe_counterpart:Dark Beast,insert,wikidata
character_relations,64:alternate_universe_counterpart:Ultimate Beast,insert,wikidata
character_relations,65:enemy:Peter Parker / Spider-Man,insert,wikidata
character_relations,67:mother:Eleonore Brant,insert,wikidata
character_relations,67:spouse:Ned Leeds,insert,wikidata
character_relations,67:partner:Peter Parker / Spider-Man,insert,wikidata
character_relations,67:partner:Flash Thompson,insert,wikidata
character_relations,68:enemy:Peter Parker / Spider-Man,insert,wikidata
character_relations,69:enemy:Klaw,insert,wikidata
character_relations,69:enemy:Erik Killmonger,insert,wikidata
character_relations,69:enemy:Man-Ape,insert,wikidata
character_relations,69:enemy:Zenzi,insert,wikidata
character_relations,69:enemy:Baron Macabre,insert,wikidata
character_relations,69:enemy:Kiber the Cruel,insert,wikidata
character_relations,69:enemy:Achebe,insert,wikidata
character_relations,69:enemy:Sons of the Serpent,insert,wikidata
character_relations,69:spouse:Storm (Ororo Munroe),insert,wikidata
character_relations,7:enemy:Peter Parker / Spider-Man,insert,wikidata
character_relations,70:enemy:Yelena Belova,insert,wikidata
character_relations,70:enemy:Iron Maiden,insert,wikidata
character_relations,70:enemy:Damon Dran,insert,wikidata
character_relations,70:enemy:Red Guardian,insert,wikidata
character_relations,70:spouse:Red Guardian,insert,wikidata
character_relations,70:partner:Bucky Barnes,insert,wikidata
character_relations,70:partner:Hawkeye,insert,wikidata
character_relations,71:enemy:Deacon Frost,insert,wikidata
character_relations,71:enemy:Dracula,insert,wikidata
character_relations,72:enemy:X-Men,insert,wikidata
character_relations,72:enemy:Mystique,insert,wikidata
character_relations,72:child:Larry Trask,insert,wikidata
character_relations,72:child:Madame Sanctity,insert,wikidata
character_relations,77:enemy:Daredevil,insert,wikidata
character_relations,77:enemy:Daken,insert,wikidata
character_relations,78:enemy:Peter Parker / Spider-Man,insert,wikidata
character_relations,79:enemy:Deathbird,insert,wikidata
character_relations,79:enemy:Mystique,insert,wikidata
character_relations,79:enemy:Karla Sofen,insert,wikidata
character_relations,79:enemy:Doomsday Man,insert,wikidata
character_relations,79:enemy:Yon-Rogg,insert,wikidata
character_relations,79:enemy:Hala the Accuser,insert,wikidata
character_relations,79:mother:Marie Danvers,insert,wikidata
character_relations,79:father:Joe Danvers,insert,wikidata
character_relations,79:partner:Wonder Man,insert,wikidata
character_relations,8:enemy:Kingpin,insert,wikidata
character_relations,8:enemy:Bullseye,insert,wikidata
character_relations,8:enemy:The Hand,insert,wikidata
character_relations,8:enemy:Owl,insert,wikidata
character_relations,8:enemy:Demogoblin,insert,wikidata
character_relations,8:enemy:Mysterio,insert,wikidata
character_relations,8:enemy:Enforcers,insert,wikidata
character_relations,8:enemy:Fancy Dan,insert,wikidata
character_relations,8:enemy:Montana,insert,wikidata
character_relations,8:enemy:Nuke,insert,wikidata
character_relations,8:enemy:Jester,insert,wikidata
character_relations,8:enemy:Typhoid Mary,insert,wikidata
character_relations,8:enemy:Bushwacker,insert,wikidata
character_relations,8:enemy:Gladiator,insert,wikidata
character_relations,8:enemy:Death-Stalker,insert,wikidata
character_relations,8:enemy:Bullet,insert,wikidata
character_relations,8:enemy:Stilt-Man,insert,wikidata
character_relations,8:enemy:Turk Barrett,insert,wikidata
character_relations,8:enemy:Tombstone,insert,wikidata
character_relations,8:enemy:Mister Hyde,insert,wikidata
character_relations,8:enemy:Eel,insert,wikidata
character_relations,8:mother:Maggie Murdock,insert,wikidata
character_relations,8:father:Jack Murdock,insert,wikidata
character_relations,8:spouse:Milla Donovan,insert,wikidata
character_relations,8:partner:Elektra,insert,wikidata
character_relations,8:partner:Karen Page,insert,wikidata
character_relations,8:partner:Black Widow / Natasha Romanova,insert,wikidata
character_relations,8:partner:Typhoid Mary,insert,wikidata
character_relations,8:partner:Black Cat,insert,wikidata
character_relations,8:partner:Claire Temple,insert,wikidata
character_relations,8:partner:Echo,insert,wikidata
character_relations,8:partner:Dakota North,insert,wikidata
character_relations,8:partner:Moondragon,insert,wikidata
character_relations,8:alternate_universe_counterpart:Kingpin,insert,wikidata
character_relations,80:enemy:Peter Parker / Spider-Man,insert,wikidata
character_relations,80:father:Eddie Brock / Venom,insert,wikidata
character_relations,82:enemy:Peter Parker / Spider-Man,insert,wikidata
character_relations,87:enemy:Mister Sinister,insert,wikidata
character_relations,87:enemy:Vulcan,insert,wikidata
character_relations,87:mother:Katherine Summers,insert,wikidata
character_relations,87:father:Corsair,insert,wikidata
character_relations,87:spouse:Madelyne Pryor,insert,wikidata
character_relations,87:spouse:Jean Grey,insert,wikidata
character_relations,87:child:Cable,insert,wikidata
character_relations,87:child:Ruby Summers,insert,wikidata
character_relations,87:child:Nate Grey,insert,wikidata
character_relations,87:partner:Emma Frost,insert,wikidata
character_relations,87:partner:Lee Forrester,insert,wikidata
character_relations,87:alternate_universe_counterpart:Ultimate Cyclops,insert,wikidata
character_relations,87:alternate_universe_counterpart:Cyclops,insert,wikidata
character_relations,9:enemy:The Fantastic Four,insert,wikidata
character_relations,9:enemy:Squirrel Girl,insert,wikidata
character_relations,9:enemy:Mephisto,insert,wikidata
character_relations,9:enemy:Silver Surfer / Norrin Radd,insert,wikidata
character_relations,9:enemy:Galactus,insert,wikidata
character_relations,9:enemy:Invisible Woman,insert,wikidata
character_relations,9:enemy:Human Torch,insert,wikidata
character_relations,9:enemy:Mister Fantastic / Reed Richards,insert,wikidata
character_relations,9:enemy:Thing,insert,wikidata
character_relations,9:enemy:Dreadknight,insert,wikidata
character_relations,9:enemy:Excalibur,insert,wikidata
character_relations,9:enemy:Maker,insert,wikidata
character_relations,9:enemy:Kang the Conqueror,insert,wikidata
character_relations,9:enemy:Beyonder,insert,wikidata
character_relations,9:enemy:Impossible Man,insert,wikidata
character_relations,9:mother:Cynthia von Doom,insert,wikidata
character_relations,9:child:Kristoff Vernard,insert,wikidata
character_relations,9:partner:Morgan le Fay,insert,wikidata
character_relations,9:partner:Scarlet Witch,insert,wikidata
character_relations,9:relative:Kang the Conqueror,insert,wikidata
character_relations,9:alternate_universe_counterpart:Ultimate Doctor Doom,insert,wikidata
character_relations,9:alternate_universe_counterpart:Doom 2099,insert,wikidata
character_relations,91:enemy:Ajax,insert,wikidata
character_relations,91:enemy:Madcap,insert,wikidata
character_relations,91:enemy:William Stryker,insert,wikidata
character_relations,91:spouse:Shiklah,insert,wikidata
character_relations,94:enemy:Daredevil,insert,wikidata
character_relations,94:enemy:Peter Parker / Spider-Man,insert,wikidata
character_traits,2:ability:superhuman strength,insert,wikidata
character_traits,2:ability:superhuman speed,insert,wikidata
character_traits,2:ability:healing factor,insert,wikidata
character_traits,2:ability:precognition,insert,wikidata
character_traits,2:ability:superhuman agility / reflexes,insert,wikidata
character_traits,2:character_type:superhero,insert,wikidata
character_traits,2:character_type:supervillain,insert,wikidata
character_traits,2:occupation:waiter,insert,wikidata
character_traits,2:occupation:teaching assistant,insert,wikidata
character_traits,2:occupation:bodyguard,insert,wikidata
character_traits,2:occupation:superhero,insert,wikidata
character_traits,2:occupation:vigilante,insert,wikidata
character_traits,2:occupation:criminal,insert,wikidata
character_traits,2:occupation:scientist,insert,wikidata
character_traits,2:occupation:cook,insert,wikidata
character_traits,2:occupation:bartender,insert,wikidata
character_traits,2:occupation:janitor,insert,wikidata
character_traits,2:occupation:mechanic,insert,wikidata
character_traits,2:occupation:inventor,insert,wikidata
character_traits,2:occupation:school teacher,insert,wikidata
character_traits,2:occupation:photographer,insert,wikidata
character_traits,3:ability:probability manipulation,insert,wikidata
character_traits,3:character_type:superhero,insert,wikidata
character_traits,3:character_type:supervillain,insert,wikidata
character_traits,3:eye_color:green,insert,wikidata
character_traits,3:hair_color:white hair,insert,wikidata
character_traits,3:hair_color:platinum blond hair,insert,wikidata
character_traits,3:height:5.10 m,insert,wikidata
character_traits,3:occupation:private investigator,insert,wikidata
character_traits,3:occupation:crime boss,insert,wikidata
character_traits,3:occupation:criminal,insert,wikidata
character_traits,3:occupation:superhero,insert,wikidata
character_traits,3:occupation:detective,insert,wikidata
character_traits,3:occupation:bounty hunter,insert,wikidata
character_traits,3:occupation:righteous thief,insert,wikidata
character_traits,4:character_type:supervillain,insert,wikidata
character_traits,5:ability:superhuman strength,insert,wikidata
character_traits,5:ability:superhuman endurance,insert,wikidata
character_traits,5:ability:superhuman speed,insert,wikidata
character_traits,5:occupation:military personnel,insert,wikidata
character_traits,6:ability:superhuman strength,insert,wikidata
character_traits,6:ability:superhuman speed,insert,wikidata
character_traits,6:ability:healing factor,insert,wikidata
character_traits,6:ability:superhuman durability,insert,wikidata
character_traits,6:ability:superhuman agility / reflexes,insert,wikidata
character_traits,6:character_type:supervillain,insert,wikidata
character_traits,6:height:1.85 m,insert,wikidata
character_traits,6:occupation:serial killer,insert,wikidata
character_traits,7:ability:shapeshifting,insert,wikidata
character_traits,7:character_type:supervillain,insert,wikidata
character_traits,7:occupation:actor,insert,wikidata
character_traits,7:occupation:criminal,insert,wikidata
character_traits,7:occupation:crime boss,insert,wikidata
character_traits,7:occupation:spy,insert,wikidata
character_traits,8:ability:superhuman senses,insert,wikidata
character_traits,8:character_type:superhero,insert,wikidata
character_traits,8:medical_condition:blindness,insert,wikidata
character_traits,8:occupation:lawyer,insert,wikidata
character_traits,8:occupation:superhero,insert,wikidata
character_traits,8:occupation:ninja,insert,wikidata
character_traits,8:occupation:martial artist,insert,wikidata
character_traits,8:occupation:vigilante,insert,wikidata
character_traits,8:religion:Catholicism,insert,wikidata
character_traits,8:sport:karate,insert,wikidata
character_traits,9:character_type:supervillain,insert,wikidata
character_traits,9:eye_color:brown,insert,wikidata
character_traits,9:hair_color:brown hair,insert,wikidata
character_traits,9:height:1.82 m,insert,wikidata
character_traits,9:occupation:ruler,insert,wikidata
character_traits,9:occupation:adventurer,insert,wikidata
character_traits,9:occupation:magician,insert,wikidata
character_traits,10:character_type:mad scientist,insert,wikidata
character_traits,10:character_type:supervillain,insert,wikidata
character_traits,11:ability:spell,insert,wikidata
character_traits,11:character_type:superhero,insert,wikidata
character_traits,11:height:1.89 m,insert,wikidata
character_traits,11:occupation:neurosurgeon,insert,wikidata
character_traits,11:occupation:magician,insert,wikidata
character_traits,11:occupation:Dimension Traveler,insert,wikidata
character_traits,12:character_type:antihero,insert,wikidata
character_traits,12:eye_color:white,insert,wikidata
character_traits,12:height:1.90 m,insert,wikidata
character_traits,13:ability:electrokinesis,insert,wikidata
character_traits,13:character_type:supervillain,insert,wikidata
character_traits,13:occupation:criminal,insert,wikidata
character_traits,13:occupation:lineworker,insert,wikidata
character_traits,14:character_type:antihero,insert,wikidata
character_traits,14:ethnic_group:Sicilian Americans,insert,wikidata
character_traits,14:occupation:military personnel,insert,wikidata
character_traits,14:occupation:vigilante,insert,wikidata
character_traits,14:occupation:instructor,insert,wikidata
character_traits,14:occupation:soldier,insert,wikidata
character_traits,14:religion:Catholicism,insert,wikidata
character_traits,14:religion:lapsed Catholic,insert,wikidata
character_traits,15:ability:superhuman strength,insert,wikidata
character_traits,15:ability:superhuman speed,insert,wikidata
character_traits,15:ability:healing factor,insert,wikidata
character_traits,15:ability:superhuman durability,insert,wikidata
character_traits,15:character_type:supervillain,insert,wikidata
character_traits,15:occupation:businessperson,insert,wikidata
character_traits,16:occupation:student,insert,wikidata
character_traits,18:ability:healing factor,insert,wikidata
character_traits,18:character_type:superhero,insert,wikidata
character_traits,18:occupation:scientist,insert,wikidata
character_traits,19:character_type:supervillain,insert,wikidata
character_traits,19:occupation:businessperson,insert,wikidata
character_traits,19:occupation:drug trafficker,insert,wikidata
character_traits,19:occupation:crime boss,insert,wikidata
character_traits,19:occupation:manager,insert,wikidata
character_traits,19:occupation:criminal,insert,wikidata
character_traits,20:ability:superhuman strength,insert,wikidata
character_traits,20:ability:superhuman speed,insert,wikidata
character_traits,20:character_type:supervillain,insert,wikidata
character_traits,20:occupation:hunter,insert,wikidata
character_traits,20:occupation:mercenary,insert,wikidata
character_traits,21:ability:superhuman strength,insert,wikidata
character_traits,21:ability:healing factor,insert,wikidata
character_traits,21:ability:superhuman speed,insert,wikidata
character_traits,21:character_type:supervillain,insert,wikidata
character_traits,21:occupation:biologist,insert,wikidata
character_traits,21:occupation:medical officer,insert,wikidata
character_traits,21:religion:Catholicism,insert,wikidata
character_traits,22:ability:superhuman strength,insert,wikidata
character_traits,22:ability:superhuman speed,insert,wikidata
character_traits,22:ability:superhuman endurance,insert,wikidata
character_traits,22:ability:superhuman agility / reflexes,insert,wikidata
character_traits,22:ability:superhuman durability,insert,wikidata
character_traits,22:ability:healing factor,insert,wikidata
character_traits,22:ability:precognition,insert,wikidata
character_traits,22:ability:telepathy,insert,wikidata
character_traits,22:ability:astral projection,insert,wikidata
character_traits,22:ability:clairvoyance,insert,wikidata
character_traits,22:character_type:superhero,insert,wikidata
character_traits,22:eye_color:blue,insert,wikidata
character_traits,22:hair_color:strawberry blond hair,insert,wikidata
character_traits,22:occupation:government agent,insert,wikidata
character_traits,22:occupation:clairvoyant,insert,wikidata
character_traits,23:ability:superhuman strength,insert,wikidata
character_traits,23:ability:superhuman speed,insert,wikidata
character_traits,23:ability:healing factor,insert,wikidata
character_traits,23:ability:superhuman agility / reflexes,insert,wikidata
character_traits,23:ability:superhuman senses,insert,wikidata
character_traits,23:ability:superhuman endurance,insert,wikidata
character_traits,23:character_type:superhero,insert,wikidata
character_traits,23:character_type:supervillain,insert,wikidata
character_traits,23:occupation:biochemist,insert,wikidata
character_traits,23:occupation:hematologist,insert,wikidata
character_traits,24:hair_color:brown hair,insert,wikidata
character_traits,25:character_type:superhero,insert,wikidata
character_traits,25:ethnic_group:African Americans,insert,wikidata
character_traits,25:ethnic_group:Puerto Ricans,insert,wikidata
character_traits,25:eye_color:brown,insert,wikidata
character_traits,25:hair_color:black hair,insert,wikidata
character_traits,25:height:1.73 m,insert,wikidata
character_traits,25:occupation:superhero,insert,wikidata
character_traits,25:occupation:student,insert,wikidata
character_traits,26:character_type:supervillain,insert,wikidata
character_traits,27:ability:superhuman agility / reflexes,insert,wikidata
character_traits,27:hair_color:brown hair,insert,wikidata
character_traits,27:height:1.78 m,insert,wikidata
character_traits,27:occupation:photographer,insert,wikidata
character_traits,27:occupation:scientist,insert,wikidata
character_traits,27:occupation:teacher,insert,wikidata
character_traits,27:occupation:superhero,insert,wikidata
character_traits,27:occupation:inventor,insert,wikidata
character_traits,27:occupation:businessperson,insert,wikidata
character_traits,28:ability:superhuman strength,insert,wikidata
character_traits,28:ability:superhuman speed,insert,wikidata
character_traits,28:ability:superhuman durability,insert,wikidata
character_traits,28:character_type:supervillain,insert,wikidata
character_traits,28:occupation:criminal,insert,wikidata
character_traits,29:character_type:superhero,insert,wikidata
character_traits,29:character_type:supervillain,insert,wikidata
character_traits,29:occupation:criminal,insert,wikidata
character_traits,29:occupation:superhero,insert,wikidata
character_traits,30:ability:superhuman strength,insert,wikidata
character_traits,30:ability:superhuman speed,insert,wikidata
character_traits,30:ability:superhuman durability,insert,wikidata
character_traits,30:ability:superhuman agility / reflexes,insert,wikidata
character_traits,30:character_type:supervillain,insert,wikidata
character_traits,30:occupation:private investigator,insert,wikidata
character_traits,30:occupation:government agent,insert,wikidata
character_traits,30:occupation:criminal,insert,wikidata
character_traits,30:occupation:contract killer,insert,wikidata
character_traits,31:character_type:supervillain,insert,wikidata
character_traits,31:occupation:thief,insert,wikidata
character_traits,31:occupation:contract killer,insert,wikidata
character_traits,32:ability:sonic scream,insert,wikidata
character_traits,32:character_type:supervillain,insert,wikidata
character_traits,32:occupation:serial killer,insert,wikidata
character_traits,32:occupation:drug trafficker,insert,wikidata
character_traits,33:ability:superhuman strength,insert,wikidata
character_traits,33:ability:superhuman speed,insert,wikidata
character_traits,33:ability:superhuman agility / reflexes,insert,wikidata
character_traits,33:ability:superhuman durability,insert,wikidata
character_traits,33:character_type:superhero,insert,wikidata
character_traits,33:occupation:superhero,insert,wikidata
character_traits,33:occupation:vigilante,insert,wikidata
character_traits,33:occupation:intern,insert,wikidata
character_traits,33:occupation:student,insert,wikidata
character_traits,34:character_type:superhero,insert,wikidata
character_traits,34:occupation:mercenary,insert,wikidata
character_traits,34:occupation:businessperson,insert,wikidata
character_traits,35:ability:superhuman strength,insert,wikidata
character_traits,35:ability:superhuman speed,insert,wikidata
character_traits,35:character_type:superhero,insert,wikidata
character_traits,35:occupation:student,insert,wikidata
character_traits,35:occupation:superhero,insert,wikidata
character_traits,37:ability:superhuman strength,insert,wikidata
character_traits,37:ability:superhuman speed,insert,wikidata
character_traits,37:ability:superhuman agility / reflexes,insert,wikidata
character_traits,37:ability:healing factor,insert,wikidata
character_traits,37:ability:superhuman endurance,insert,wikidata
character_traits,37:occupation:detective,insert,wikidata
character_traits,37:occupation:superhero,insert,wikidata
character_traits,37:occupation:private investigator,insert,wikidata
character_traits,37:occupation:vigilante,insert,wikidata
character_traits,38:occupation:scientist,insert,wikidata
character_traits,42:character_type:supervillain,insert,wikidata
character_traits,43:character_type:supervillain,insert,wikidata
character_traits,45:character_type:supervillain,insert,wikidata
character_traits,46:ability:healing factor,insert,wikidata
character_traits,46:ability:superhuman senses,insert,wikidata
character_traits,46:ability:superhuman agility / reflexes,insert,wikidata
character_traits,46:ability:superhuman strength,insert,wikidata
character_traits,46:ability:superhuman longevity,insert,wikidata
character_traits,46:ability:extrasensory perception,insert,wikidata
character_traits,46:ability:superhuman speed,insert,wikidata
character_traits,46:ability:superhuman durability,insert,wikidata
character_traits,46:character_type:superhero,insert,wikidata
character_traits,46:eye_color:blue,insert,wikidata
character_traits,46:hair_color:black hair,insert,wikidata
character_traits,46:height:5.25 m,insert,wikidata
character_traits,46:occupation:military personnel,insert,wikidata
character_traits,46:occupation:instructor,insert,wikidata
character_traits,46:occupation:bartender,insert,wikidata
character_traits,46:occupation:bouncer,insert,wikidata
character_traits,46:occupation:spy,insert,wikidata
character_traits,46:occupation:mercenary,insert,wikidata
character_traits,46:occupation:sailor,insert,wikidata
character_traits,46:occupation:miner,insert,wikidata
character_traits,46:occupation:superhero,insert,wikidata
character_traits,46:sport:karate,insert,wikidata
character_traits,48:character_type:superhero,insert,wikidata
character_traits,48:sport:taekwondo,insert,wikidata
character_traits,53:ability:superhuman strength,insert,wikidata
character_traits,53:ability:superhuman speed,insert,wikidata
character_traits,53:ability:superhuman agility / reflexes,insert,wikidata
character_traits,53:ability:superhuman durability,insert,wikidata
character_traits,53:character_type:mad scientist,insert,wikidata
character_traits,53:character_type:supervillain,insert,wikidata
character_traits,53:occupation:inventor,insert,wikidata
character_traits,53:occupation:scientist,insert,wikidata
character_traits,57:ability:superhuman strength,insert,wikidata
character_traits,57:ability:superhuman speed,insert,wikidata
character_traits,57:ability:healing factor,insert,wikidata
character_traits,57:ability:superhuman durability,insert,wikidata
character_traits,57:ability:superhuman agility / reflexes,insert,wikidata
character_traits,57:character_type:superhero,insert,wikidata
character_traits,57:character_type:supervillain,insert,wikidata
character_traits,57:occupation:supervillain,insert,wikidata
character_traits,57:occupation:superhero,insert,wikidata
character_traits,57:occupation:lawyer,insert,wikidata
character_traits,58:ability:superhuman strength,insert,wikidata
character_traits,58:ability:superhuman agility / reflexes,insert,wikidata
character_traits,58:character_type:superhero,insert,wikidata
character_traits,58:occupation:student,insert,wikidata
character_traits,58:occupation:intern,insert,wikidata
character_traits,58:occupation:hunter,insert,wikidata
character_traits,58:occupation:superhero,insert,wikidata
character_traits,60:occupation:psychologist,insert,wikidata
character_traits,63:character_type:supervillain,insert,wikidata
character_traits,63:sport:karate,insert,wikidata
character_traits,64:ability:superhuman strength,insert,wikidata
character_traits,64:ability:superhuman agility / reflexes,insert,wikidata
character_traits,64:ability:superhuman senses,insert,wikidata
character_traits,64:ability:superhuman speed,insert,wikidata
character_traits,64:ability:superhuman durability,insert,wikidata
character_traits,64:ability:superhuman endurance,insert,wikidata
character_traits,64:ability:healing factor,insert,wikidata
character_traits,64:character_type:superhero,insert,wikidata
character_traits,64:occupation:geneticist,insert,wikidata
character_traits,64:occupation:biochemist,insert,wikidata
character_traits,64:occupation:university teacher,insert,wikidata
character_traits,64:occupation:superhero,insert,wikidata
character_traits,65:character_type:superhero,insert,wikidata
character_traits,65:character_type:supervillain,insert,wikidata
character_traits,67:occupation:reporter,insert,wikidata
character_traits,67:occupation:secretary,insert,wikidata
character_traits,68:character_type:supervillain,insert,wikidata
character_traits,69:ability:superhuman agility / reflexes,insert,wikidata
character_traits,69:ability:superhuman senses,insert,wikidata
character_traits,69:character_type:superhero,insert,wikidata
character_traits,69:ethnic_group:black people,insert,wikidata
character_traits,69:occupation:superhero,insert,wikidata
character_traits,70:occupation:spy,insert,wikidata
character_traits,70:occupation:school teacher,insert,wikidata
character_traits,70:occupation:fashion designer,insert,wikidata
character_traits,70:occupation:ballerina,insert,wikidata
character_traits,70:occupation:superhero,insert,wikidata
character_traits,70:sport:karate,insert,wikidata
character_traits,71:ability:superhuman strength,insert,wikidata
character_traits,71:ability:healing factor,insert,wikidata
character_traits,71:ability:superhuman speed,insert,wikidata
character_traits,71:ability:superhuman senses,insert,wikidata
character_traits,71:ability:superhuman agility / reflexes,insert,wikidata
character_traits,71:ability:superhuman durability,insert,wikidata
character_traits,71:ability:superhuman longevity,insert,wikidata
character_traits,71:occupation:vampire hunter,insert,wikidata
character_traits,71:occupation:swordfighter,insert,wikidata
character_traits,71:occupation:martial artist,insert,wikidata
character_traits,71:sport:taekwondo,insert,wikidata
character_traits,72:character_type:supervillain,insert,wikidata
character_traits,72:occupation:anthropologist,insert,wikidata
character_traits,72:occupation:inventor,insert,wikidata
character_traits,74:eye_color:brown,insert,wikidata
character_traits,74:hair_color:black hair,insert,wikidata
character_traits,77:character_type:supervillain,insert,wikidata
character_traits,77:occupation:government agent,insert,wikidata
character_traits,77:occupation:contract killer,insert,wikidata
character_traits,77:occupation:thief,insert,wikidata
character_traits,77:occupation:pitcher,insert,wikidata
character_traits,77:occupation:mercenary,insert,wikidata
character_traits,78:occupation:criminal,insert,wikidata
character_traits,79:character_type:superhero,insert,wikidata
character_traits,79:hair_color:blond hair,insert,wikidata
character_traits,79:height:1.80 m,insert,wikidata
character_traits,79:occupation:aircraft pilot,insert,wikidata
character_traits,79:occupation:editor-in-chief,insert,wikidata
character_traits,79:occupation:journalist,insert,wikidata
character_traits,80:character_type:supervillain,insert,wikidata
character_traits,82:character_type:supervillain,insert,wikidata
character_traits,87:ability:optic blasts,insert,wikidata
character_traits,87:character_type:superhero,insert,wikidata
character_traits,87:eye_color:brown,insert,wikidata
character_traits,87:hair_color:brown hair,insert,wikidata
character_traits,87:occupation:aircraft pilot,insert,wikidata
character_traits,87:occupation:head teacher,insert,wikidata
character_traits,87:occupation:student,insert,wikidata
character_traits,87:occupation:announcer,insert,wikidata
character_traits,87:occupation:superhero,insert,wikidata
character_traits,91:ability:healing factor,insert,wikidata
character_traits,91:character_type:antihero,insert,wikidata
character_traits,91:character_type:superhero,insert,wikidata
character_traits,91:occupation:soldier,insert,wikidata
character_traits,91:occupation:mercenary,insert,wikidata
character_traits,92:character_type:superhero,insert,wikidata
character_traits,94:ability:superhuman strength,insert,wikidata
character_traits,94:ability:superhuman durability,insert,wikidata
character_traits,94:ability:superhuman agility / reflexes,insert,wikidata
character_traits,94:ability:pyrokinesis,insert,wikidata
character_traits,94:ability:magic in fiction,insert,wikidata
character_traits,94:character_type:supervillain,insert,wikidata
character_traits,94:occupation:mass murderer,insert,wikidata
character_traits,104:occupation:professional wrestler,insert,wikidata
character_traits,107:ability:superhuman speed,insert,wikidata
character_traits,107:ability:superhuman agility / reflexes,insert,wikidata
character_traits,107:ability:superhuman senses,insert,wikidata
character_traits,107:ability:superhuman strength,insert,wikidata
character_traits,107:character_type:superhero,insert,wikidata
character_traits,107:occupation:businessperson,insert,wikidata
character_traits,109:ability:flight,insert,wikidata
character_traits,109:ability:pyrokinesis,insert,wikidata
character_traits,109:character_type:superhero,insert,wikidata
character_traits,109:occupation:superhero,insert,wikidata
character_traits,109:occupation:student,insert,wikidata
character_traits,110:character_type:superhero,insert,wikidata
character_traits,110:occupation:soldier,insert,wikidata
character_traits,110:occupation:student,insert,wikidata
character_traits,111:ability:levitation,insert,wikidata
character_traits,111:ability:teleportation,insert,wikidata
character_traits,111:ability:force field,insert,wikidata
character_traits,111:ability:time travel,insert,wikidata
character_traits,111:ability:healing factor,insert,wikidata
character_traits,111:ability:telepathy,insert,wikidata
character_traits,111:ability:immortality in fiction,insert,wikidata
character_traits,111:ability:superhuman strength,insert,wikidata
character_traits,111:ability:superhuman durability,insert,wikidata
character_traits,111:ability:superhuman speed,insert,wikidata
character_traits,111:ability:telekinesis,insert,wikidata
character_traits,111:ability:reality warping,insert,wikidata
character_traits,111:character_type:supervillain,insert,wikidata
character_traits,112:ability:energy manipulation,insert,wikidata
character_traits,112:character_type:superhero,insert,wikidata
character_traits,112:hair_color:brown hair,insert,wikidata
character_traits,112:occupation:thief,insert,wikidata
character_traits,112:occupation:superhero,insert,wikidata
character_traits,115:occupation:police officer,insert,wikidata
character_traits,116:ability:superhuman strength,insert,wikidata
character_traits,116:ability:pyrokinesis,insert,wikidata
character_traits,116:ability:immortality in fiction,insert,wikidata
character_traits,116:ability:healing factor,insert,wikidata
character_traits,116:character_type:superhero,insert,wikidata
character_traits,116:occupation:circus performer,insert,wikidata
character_traits,116:occupation:accountant,insert,wikidata
character_traits,117:ability:superhuman strength,insert,wikidata
character_traits,117:ability:superhuman speed,insert,wikidata
character_traits,117:ability:healing factor,insert,wikidata
character_traits,117:ability:superhuman durability,insert,wikidata
character_traits,117:character_type:supervillain,insert,wikidata
character_traits,117:occupation:government agent,insert,wikidata
character_traits,117:occupation:criminal,insert,wikidata
character_traits,117:occupation:businessperson,insert,wikidata
character_traits,119:character_type:supervillain,insert,wikidata
character_traits,122:character_type:supervillain,insert,wikidata
character_traits,122:occupation:crime boss,insert,wikidata
character_traits,122:occupation:loan shark,insert,wikidata
character_traits,122:occupation:contract killer,insert,wikidata
character_traits,122:occupation:mob enforcer,insert,wikidata
character_traits,123:occupation:bodyguard,insert,wikidata
character_traits,125:character_type:superhero,insert,wikidata
character_traits,125:occupation:archer,insert,wikidata
character_traits,126:ability:clairvoyance,insert,wikidata
character_traits,126:ability:astral projection,insert,wikidata
character_traits,126:ability:telepathy,insert,wikidata
character_traits,126:ability:technopathy,insert,wikidata
character_traits,126:ability:telekinesis,insert,wikidata
character_traits,126:character_type:supervillain,insert,wikidata
character_traits,126:occupation:geneticist,insert,wikidata
character_traits,126:occupation:inventor,insert,wikidata
character_traits,127:ability:superhuman strength,insert,wikidata
character_traits,127:character_type:supervillain,insert,wikidata
character_traits,127:occupation:mercenary,insert,wikidata
character_traits,127:occupation:criminal,insert,wikidata
character_traits,127:occupation:mob enforcer,insert,wikidata
character_traits,127:occupation:government agent,insert,wikidata
character_traits,127:occupation:fighter pilot,insert,wikidata
character_traits,127:occupation:soldier,insert,wikidata
character_traits,128:height:3000 m,insert,wikidata
character_traits,129:ability:pyrokinesis,insert,wikidata
character_traits,129:ability:flight,insert,wikidata
character_traits,129:character_type:superhero,insert,wikidata
character_traits,129:occupation:actor,insert,wikidata
character_traits,129:occupation:astronaut,insert,wikidata
character_traits,129:occupation:superhero,insert,wikidata
character_traits,129:occupation:firefighter,insert,wikidata
character_traits,129:occupation:chief financial officer,insert,wikidata
character_traits,129:occupation:mechanic,insert,wikidata
character_traits,129:occupation:racing automobile driver,insert,wikidata
character_traits,129:occupation:circus performer,insert,wikidata
character_traits,129:occupation:motorcyclist,insert,wikidata
character_traits,131:ability:hydrokinesis,insert,wikidata
character_traits,131:character_type:supervillain,insert,wikidata
character_traits,131:occupation:criminal,insert,wikidata
character_traits,131:occupation:employee,insert,wikidata
character_traits,131:occupation:crew member,insert,wikidata
character_traits,132:ability:cryokinesis,insert,wikidata
character_traits,132:character_type:superhero,insert,wikidata
character_traits,132:occupation:accountant,insert,wikidata
character_traits,132:occupation:teacher,insert,wikidata
character_traits,132:occupation:student,insert,wikidata
character_traits,132:occupation:superhero,insert,wikidata
character_traits,135:character_type:superhero,insert,wikidata
character_traits,135:occupation:bodyguard,insert,wikidata
character_traits,135:occupation:private investigator,insert,wikidata
character_traits,135:occupation:martial artist,insert,wikidata
character_traits,135:occupation:superhero,insert,wikidata
character_traits,135:occupation:spy,insert,wikidata
character_traits,135:occupation:vigilante,insert,wikidata
character_traits,136:ability:superhuman strength,insert,wikidata
character_traits,136:ability:flight,insert,wikidata
character_traits,136:ability:energy manipulation,insert,wikidata
character_traits,136:character_type:superhero,insert,wikidata
character_traits,136:eye_color:blue,insert,wikidata
character_traits,136:hair_color:black hair,insert,wikidata
character_traits,136:height:6.0833 m,insert,wikidata
character_traits,136:occupation:inventor,insert,wikidata
character_traits,136:occupation:businessperson,insert,wikidata
character_traits,136:occupation:superhero,insert,wikidata
character_traits,137:occupation:reporter,insert,wikidata
character_traits,137:occupation:publisher,insert,wikidata
character_traits,137:occupation:editor-in-chief,insert,wikidata
character_traits,137:occupation:chief executive officer,insert,wikidata
character_traits,137:occupation:philanthropist,insert,wikidata
character_traits,142:character_type:superhero,insert,wikidata
character_traits,144:occupation:police officer,insert,wikidata
character_traits,146:ability:superhuman strength,insert,wikidata
character_traits,146:ability:healing factor,insert,wikidata
character_traits,146:character_type:superhero,insert,wikidata
character_traits,146:occupation:lawyer,insert,wikidata
character_traits,146:occupation:superhero,insert,wikidata
character_traits,149:ability:superhuman strength,insert,wikidata
character_traits,149:ability:superhuman speed,insert,wikidata
character_traits,149:ability:superhuman agility / reflexes,insert,wikidata
character_traits,149:ability:superhuman durability,insert,wikidata
character_traits,149:character_type:superhero,insert,wikidata
character_traits,149:occupation:superhero,insert,wikidata
character_traits,149:occupation:vigilante,insert,wikidata
character_traits,149:occupation:musician,insert,wikidata
character_traits,149:occupation:student,insert,wikidata
character_traits,150:character_type:superhero,insert,wikidata
character_traits,150:occupation:astronaut,insert,wikidata
character_traits,150:occupation:aircraft pilot,insert,wikidata
character_traits,155:ability:superhuman strength,insert,wikidata
character_traits,155:ability:superhuman speed,insert,wikidata
character_traits,155:ability:precognition,insert,wikidata
character_traits,155:ability:healing factor,insert,wikidata
character_traits,155:ability:superhuman agility / reflexes,insert,wikidata
character_traits,155:character_type:superhero,insert,wikidata
character_traits,155:occupation:contract killer,insert,wikidata
character_traits,155:occupation:superhero,insert,wikidata
character_traits,155:occupation:vigilante,insert,wikidata
character_traits,155:occupation:geneticist,insert,wikidata
character_traits,157:character_type:supervillain,insert,wikidata
character_traits,157:occupation:time traveller,insert,wikidata
character_traits,160:character_type:supervillain,insert,wikidata
character_traits,161:character_type:supervillain,insert,wikidata
character_traits,163:occupation:chief executive officer,insert,wikidata
character_traits,164:ability:magic in fiction,insert,wikidata
character_traits,164:character_type:antihero,insert,wikidata
character_traits,164:character_type:trickster,insert,wikidata
character_traits,164:character_type:supervillain,insert,wikidata
character_traits,166:ability:superhuman strength,insert,wikidata
character_traits,166:ability:superhuman durability,insert,wikidata
character_traits,166:character_type:superhero,insert,wikidata
character_traits,166:ethnic_group:black people,insert,wikidata
character_traits,166:occupation:superhero,insert,wikidata
character_traits,166:occupation:bodyguard,insert,wikidata
character_traits,166:occupation:mercenary,insert,wikidata
character_traits,166:occupation:private investigator,insert,wikidata
character_traits,167:occupation:con artist,insert,wikidata
character_traits,171:ability:magnetism manipulation,insert,wikidata
character_traits,171:ability:electromagnetism manipulation,insert,wikidata
character_traits,171:character_type:superhero,insert,wikidata
character_traits,171:character_type:supervillain,insert,wikidata
character_traits,171:occupation:ruler,insert,wikidata
character_traits,171:occupation:head teacher,insert,wikidata
character_traits,171:occupation:spy,insert,wikidata
character_traits,171:occupation:orderly,insert,wikidata
character_traits,171:religion:Judaism,insert,wikidata
character_traits,174:occupation:intelligence agent,insert,wikidata
character_traits,174:occupation:soldier,insert,wikidata
character_traits,175:ability:superhuman strength,insert,wikidata
character_traits,175:ability:superhuman agility / reflexes,insert,wikidata
character_traits,175:ability:mind control,insert,wikidata
character_traits,175:character_type:supervillain,insert,wikidata
character_traits,175:eye_color:glowing eye,insert,wikidata
character_traits,175:occupation:philanthropist,insert,wikidata
character_traits,175:occupation:crime boss,insert,wikidata
character_traits,178:eye_color:green,insert,wikidata
character_traits,178:hair_color:red hair,insert,wikidata
character_traits,178:occupation:actor,insert,wikidata
character_traits,178:occupation:model,insert,wikidata
character_traits,178:occupation:television presenter,insert,wikidata
character_traits,178:occupation:stage actor,insert,wikidata
character_traits,178:religion:Christianity,insert,wikidata
character_traits,182:ability:flight,insert,wikidata
character_traits,182:ability:superhuman strength,insert,wikidata
character_traits,182:ability:superhuman speed,insert,wikidata
character_traits,182:ability:superhuman agility / reflexes,insert,wikidata
character_traits,182:ability:telepathy,insert,wikidata
character_traits,182:ability:superhuman durability,insert,wikidata
character_traits,182:character_type:superhero,insert,wikidata
character_traits,182:occupation:student,insert,wikidata
character_traits,182:occupation:superhero,insert,wikidata
character_traits,183:character_type:supervillain,insert,wikidata
character_traits,184:ability:superhuman strength,insert,wikidata
character_traits,184:ability:superhuman speed,insert,wikidata
character_traits,184:ability:healing factor,insert,wikidata
character_traits,184:ability:superhuman agility / reflexes,insert,wikidata
character_traits,184:ability:superhuman senses,insert,wikidata
character_traits,184:character_type:superhero,insert,wikidata
character_traits,184:occupation:geneticist,insert,wikidata
character_traits,184:occupation:chief executive officer,insert,wikidata
character_traits,184:occupation:vigilante,insert,wikidata
character_traits,184:occupation:superhero,insert,wikidata
character_traits,187:ability:elasticity,insert,wikidata
character_traits,187:character_type:superhero,insert,wikidata
character_traits,187:occupation:explorer,insert,wikidata
character_traits,187:occupation:adventurer,insert,wikidata
character_traits,187:occupation:professor,insert,wikidata
character_traits,187:occupation:student,insert,wikidata
character_traits,189:character_type:superhero,insert,wikidata
character_traits,189:ethnic_group:American Jews,insert,wikidata
character_traits,189:medical_condition:dissociative identity disorder,insert,wikidata
character_traits,190:ability:superhuman strength,insert,wikidata
character_traits,190:ability:superhuman durability,insert,wikidata
character_traits,190:character_type:supervillain,insert,wikidata
character_traits,194:character_type:superhero,insert,wikidata
character_traits,196:occupation:reporter,insert,wikidata
character_traits,198:occupation:spy,insert,wikidata
character_traits,198:occupation:soldier,insert,wikidata
character_traits,198:occupation:instructor,insert,wikidata
character_traits,198:occupation:boxer,insert,wikidata
character_traits,198:occupation:spymaster,insert,wikidata
character_traits,198:sport:taekwondo,insert,wikidata
character_traits,199:character_type:superhero,insert,wikidata
character_traits,200:ability:teleportation,insert,wikidata
character_traits,200:ability:superhuman agility / reflexes,insert,wikidata
character_traits,200:character_type:superhero,insert,wikidata
character_traits,200:occupation:circus performer,insert,wikidata
character_traits,200:occupation:superhero,insert,wikidata
character_traits,200:occupation:Catholic priest,insert,wikidata
character_traits,200:religion:Catholicism,insert,wikidata
character_traits,200:sport:taekwondo,insert,wikidata
character_traits,202:ability:superhuman strength,insert,wikidata
character_traits,202:ability:superhuman speed,insert,wikidata
character_traits,202:ability:time travel,insert,wikidata
character_traits,202:ability:immortality in fiction,insert,wikidata
character_traits,202:ability:telepathy,insert,wikidata
character_traits,202:ability:superhuman durability,insert,wikidata
character_traits,202:ability:energy manipulation,insert,wikidata
character_traits,202:character_type:superhero,insert,wikidata
character_traits,202:character_type:supervillain,insert,wikidata
character_traits,202:occupation:astronomer,insert,wikidata
character_traits,202:occupation:superhero,insert,wikidata
character_traits,202:occupation:explorer,insert,wikidata
character_traits,202:occupation:scholar,insert,wikidata
character_traits,202:occupation:herald,insert,wikidata
character_traits,202:occupation:time traveller,insert,wikidata
character_traits,203:character_type:superhero,insert,wikidata
character_traits,206:occupation:circus performer,insert,wikidata
character_traits,207:ability:superhuman strength,insert,wikidata
character_traits,207:ability:superhuman speed,insert,wikidata
character_traits,207:ability:healing factor,insert,wikidata
character_traits,207:ability:superhuman durability,insert,wikidata
character_traits,207:ability:superhuman agility / reflexes,insert,wikidata
character_traits,207:character_type:supervillain,insert,wikidata
character_traits,207:occupation:reporter,insert,wikidata
character_traits,207:occupation:vigilante,insert,wikidata
character_traits,207:occupation:government agent,insert,wikidata
character_traits,207:occupation:superhero,insert,wikidata
character_traits,209:eye_color:blue,insert,wikidata
character_traits,209:hair_color:strawberry blond hair,insert,wikidata
character_traits,211:ability:intangibility,insert,wikidata
character_traits,211:character_type:superhero,insert,wikidata
character_traits,211:eye_color:hazel,insert,wikidata
character_traits,211:hair_color:brown hair,insert,wikidata
character_traits,211:occupation:aircraft pilot,insert,wikidata
character_traits,211:occupation:bartender,insert,wikidata
character_traits,211:occupation:circus performer,insert,wikidata
character_traits,211:occupation:teacher,insert,wikidata
character_traits,211:occupation:government agent,insert,wikidata
character_traits,211:occupation:superhero,insert,wikidata
character_traits,211:religion:Judaism,insert,wikidata
character_traits,214:ability:memory manipulation,insert,wikidata
character_traits,214:ability:telepathy,insert,wikidata
character_traits,214:character_type:superhero,insert,wikidata
character_traits,214:medical_condition:Alzheimer's disease,insert,wikidata
character_traits,214:occupation:head teacher,insert,wikidata
character_traits,214:occupation:scientist,insert,wikidata
character_traits,225:height:5.583 m,insert,wikidata
character_traits,225:height:1.7 m,insert,wikidata
character_traits,227:ethnic_group:African Americans,insert,wikidata
character_traits,227:occupation:newspaper editor,insert,wikidata
character_traits,228:eye_color:brown,insert,wikidata
character_traits,228:hair_color:brown hair,insert,wikidata
character_traits,229:ability:power mimicry or absorption,insert,wikidata
character_traits,229:ability:superhuman strength,insert,wikidata
character_traits,229:ability:superhuman durability,insert,wikidata
character_traits,229:ability:flight,insert,wikidata
character_traits,229:ability:superhuman speed,insert,wikidata
character_traits,229:ability:superhuman endurance,insert,wikidata
character_traits,229:ability:superhuman agility / reflexes,insert,wikidata
character_traits,229:ability:immortality in fiction,insert,wikidata
character_traits,229:character_type:superhero,insert,wikidata
character_traits,229:character_type:supervillain,insert,wikidata
character_traits,229:eye_color:green,insert,wikidata
character_traits,229:occupation:mechanic,insert,wikidata
character_traits,229:occupation:waiter,insert,wikidata
character_traits,229:occupation:terrorist,insert,wikidata
character_traits,229:occupation:superhero,insert,wikidata
character_traits,239:eye_color:purple,insert,wikidata
character_traits,240:character_type:superhero,insert,wikidata
character_traits,243:ability:weather manipulation,insert,wikidata
character_traits,243:ability:flight,insert,wikidata
character_traits,243:character_type:superhero,insert,wikidata
character_traits,243:eye_color:blue,insert,wikidata
character_traits,243:eye_color:brown,insert,wikidata
character_traits,243:hair_color:white hair,insert,wikidata
character_traits,243:hair_color:grey hair,insert,wikidata
character_traits,243:height:5.11 m,insert,wikidata
character_traits,243:occupation:gladiator,insert,wikidata
character_traits,243:occupation:student,insert,wikidata
character_traits,243:occupation:thief,insert,wikidata
character_traits,243:occupation:superhero,insert,wikidata
character_traits,244:eye_color:purple,insert,wikidata
character_traits,245:character_type:supervillain,insert,wikidata
character_traits,245:occupation:drill instructor,insert,wikidata
character_traits,245:occupation:mercenary,insert,wikidata
character_traits,245:occupation:teacher,insert,wikidata
character_traits,246:character_type:supervillain,insert,wikidata
character_traits,246:height:79 m,insert,wikidata
character_traits,247:character_type:supervillain,insert,wikidata
character_traits,247:occupation:contract killer,insert,wikidata
character_traits,247:occupation:mercenary,insert,wikidata
character_traits,249:ability:weather manipulation,insert,wikidata
character_traits,249:character_type:superhero,insert,wikidata
character_traits,249:character_type:unseen character,insert,wikidata
character_traits,249:hair_color:blond hair,insert,wikidata
character_traits,251:character_type:supervillain,insert,wikidata
character_traits,251:occupation:prostitute,insert,wikidata
character_traits,251:occupation:kunoichi,insert,wikidata
character_traits,252:ability:teleportation,insert,wikidata
character_traits,252:character_type:supervillain,insert,wikidata
character_traits,252:occupation:criminal,insert,wikidata
character_traits,253:ability:superhuman strength,insert,wikidata
character_traits,253:ability:superhuman agility / reflexes,insert,wikidata
character_traits,253:ability:superhuman durability,insert,wikidata
character_traits,253:ability:superhuman senses,insert,wikidata
character_traits,253:character_type:supervillain,insert,wikidata
character_traits,253:occupation:employee,insert,wikidata
character_traits,256:occupation:thief,insert,wikidata
character_traits,258:character_type:superhero,insert,wikidata
character_traits,258:occupation:superhero,insert,wikidata
character_traits,258:occupation:special agent,insert,wikidata
character_traits,260:hair_color:brown hair,insert,wikidata
character_traits,260:occupation:scientist,insert,wikidata
character_traits,261:occupation:magician,insert,wikidata
character_traits,262:character_type:superhero,insert,wikidata
character_traits,262:height:1.83 m,insert,wikidata
character_traits,263:occupation:supervillain,insert,wikidata
character_details,1:publisher,fill,wikidata
character_details,2:publisher,fill,wikidata
character_details,3:publisher,fill,wikidata
character_details,4:publisher,fill,wikidata
character_details,5:publisher,fill,wikidata
character_details,6:publisher,fill,wikidata
character_details,7:publisher,fill,wikidata
character_details,9:publisher,fill,wikidata
character_details,10:publisher,fill,wikidata
character_details,11:publisher,fill,wikidata
character_details,12:publisher,fill,wikidata
character_details,13:publisher,fill,wikidata
character_details,14:publisher,fill,wikidata
character_details,15:publisher,fill,wikidata
character_details,16:publisher,fill,wikidata
character_details,17:publisher,fill,wikidata
character_details,18:publisher,fill,wikidata
character_details,19:publisher,fill,wikidata
character_details,20:publisher,fill,wikidata
character_details,21:publisher,fill,wikidata
character_details,22:publisher,fill,wikidata
character_details,23:publisher,fill,wikidata
character_details,26:publisher,fill,wikidata
character_details,27:publisher,fill,wikidata
character_details,28:publisher,fill,wikidata
character_details,29:publisher,fill,wikidata
character_details,30:publisher,fill,wikidata
character_details,31:publisher,fill,wikidata
character_details,34:publisher,fill,wikidata
character_details,35:publisher,fill,wikidata
character_details,38:publisher,fill,wikidata
character_details,40:publisher,fill,wikidata
character_details,42:publisher,fill,wikidata
character_details,43:publisher,fill,wikidata
character_details,44:publisher,fill,wikidata
character_details,45:publisher,fill,wikidata
character_details,46:publisher,fill,wikidata
character_details,48:publisher,fill,wikidata
character_details,49:publisher,fill,wikidata
character_details,53:publisher,fill,wikidata
character_details,57:publisher,fill,wikidata
character_details,58:publisher,fill,wikidata
character_details,59:publisher,fill,wikidata
character_details,60:publisher,fill,wikidata
character_details,64:publisher,fill,wikidata
character_details,65:publisher,fill,wikidata
character_details,67:publisher,fill,wikidata
character_details,70:publisher,fill,wikidata
character_details,72:publisher,fill,wikidata
character_details,78:publisher,fill,wikidata
character_details,84:publisher,fill,wikidata
character_details,87:publisher,fill,wikidata
character_details,96:publisher,fill,wikidata
character_details,97:publisher,fill,wikidata
character_details,107:publisher,fill,wikidata
character_details,108:publisher,fill,wikidata
character_details,109:publisher,fill,wikidata
character_details,110:publisher,fill,wikidata
character_details,115:publisher,fill,wikidata
character_details,117:publisher,fill,wikidata
character_details,122:publisher,fill,wikidata
character_details,123:publisher,fill,wikidata
character_details,124:publisher,fill,wikidata
character_details,126:publisher,fill,wikidata
character_details,127:publisher,fill,wikidata
character_details,129:publisher,fill,wikidata
character_details,132:publisher,fill,wikidata
character_details,135:publisher,fill,wikidata
character_details,136:publisher,fill,wikidata
character_details,137:publisher,fill,wikidata
character_details,139:publisher,fill,wikidata
character_details,140:publisher,fill,wikidata
character_details,144:publisher,fill,wikidata
character_details,145:publisher,fill,wikidata
character_details,149:publisher,fill,wikidata
character_details,150:publisher,fill,wikidata
character_details,151:publisher,fill,wikidata
character_details,163:publisher,fill,wikidata
character_details,171:publisher,fill,wikidata
character_details,178:publisher,fill,wikidata
character_details,179:publisher,fill,wikidata
character_details,181:publisher,fill,wikidata
character_details,182:publisher,fill,wikidata
character_details,183:publisher,fill,wikidata
character_details,186:publisher,fill,wikidata
character_details,187:publisher,fill,wikidata
character_details,196:publisher,fill,wikidata
character_details,198:publisher,fill,wikidata
character_details,199:publisher,fill,wikidata
character_details,200:publisher,fill,wikidata
character_details,210:publisher,fill,wikidata
character_details,211:publisher,fill,wikidata
character_details,214:publisher,fill,wikidata
character_details,222:publisher,fill,wikidata
character_details,224:publisher,fill,wikidata
character_details,225:publisher,fill,wikidata
character_details,227:publisher,fill,wikidata
character_details,234:publisher,fill,wikidata
character_details,241:publisher,fill,wikidata
character_details,243:publisher,fill,wikidata
character_details,245:publisher,fill,wikidata
character_details,247:publisher,fill,wikidata
character_details,249:publisher,fill,wikidata
character_details,252:publisher,fill,wikidata
character_details,256:publisher,fill,wikidata
character_details,258:publisher,fill,wikidata
studios,54:country,fill,wikidata
studio_details,studio:54,insert,wikidata
studios,73:country,fill,wikidata
studios,73:parent_company,fill,wikidata
studio_details,studio:73,insert,wikidata
studios,36:country,fill,wikidata
studios,36:parent_company,fill,wikidata
studio_details,studio:36,insert,wikidata
studios,46:country,fill,wikidata
studio_details,studio:46,insert,wikidata
studios,85:country,fill,wikidata
studio_details,studio:85,insert,wikidata
studios,44:country,fill,wikidata
studios,44:parent_company,fill,wikidata
studio_details,studio:44,insert,wikidata
studios,13:country,fill,wikidata
studio_details,studio:13,insert,wikidata
studios,74:country,fill,wikidata
studio_details,studio:74,insert,wikidata
studios,34:country,fill,wikidata
studio_details,studio:34,insert,wikidata
studios,101:country,fill,wikidata
studios,101:parent_company,fill,wikidata
studio_details,studio:101,insert,wikidata
studios,79:country,fill,wikidata
studios,79:parent_company,fill,wikidata
studio_details,studio:79,insert,wikidata
studios,53:country,fill,wikidata
studio_details,studio:53,insert,wikidata
studios,65:country,fill,wikidata
studios,65:parent_company,fill,wikidata
studio_details,studio:65,insert,wikidata
studios,102:country,fill,wikidata
studio_details,studio:102,insert,wikidata
studios,2:country,fill,wikidata
studios,2:parent_company,fill,wikidata
studio_details,studio:2,insert,wikidata
studio_details,studio:24,insert,wikidata
studios,3:country,fill,wikidata
studios,3:parent_company,fill,wikidata
studio_details,studio:3,insert,wikidata
studios,5:country,fill,wikidata
studios,5:parent_company,fill,wikidata
studio_details,studio:5,insert,wikidata
studios,20:country,fill,wikidata
studio_details,studio:20,insert,wikidata
studios,76:country,fill,wikidata
studios,76:parent_company,fill,wikidata
studio_details,studio:76,insert,wikidata
studios,71:country,fill,wikidata
studio_details,studio:71,insert,wikidata
studios,63:country,fill,wikidata
studio_details,studio:63,insert,wikidata
studios,94:country,fill,wikidata
studio_details,studio:94,insert,wikidata
studios,39:country,fill,wikidata
studio_details,studio:39,insert,wikidata
studios,33:country,fill,wikidata
studio_details,studio:33,insert,wikidata
studios,87:country,fill,wikidata
studios,87:parent_company,fill,wikidata
studio_details,studio:87,insert,wikidata
studios,90:country,fill,wikidata
studio_details,studio:90,insert,wikidata
studio_details,studio:29,insert,wikidata
studios,84:country,fill,wikidata
studios,84:parent_company,fill,wikidata
studio_details,studio:84,insert,wikidata
studios,88:country,fill,wikidata
studio_details,studio:88,insert,wikidata
studios,95:country,fill,wikidata
studios,95:parent_company,fill,wikidata
studio_details,studio:95,insert,wikidata
studios,58:country,fill,wikidata
studio_details,studio:58,insert,wikidata
studios,69:country,fill,wikidata
studio_details,studio:69,insert,wikidata
studio_details,studio:18,insert,wikidata
studios,35:country,fill,wikidata
studio_details,studio:35,insert,wikidata
studios,40:country,fill,wikidata
studios,40:parent_company,fill,wikidata
studio_details,studio:40,insert,wikidata
studios,25:country,fill,wikidata
studios,25:parent_company,fill,wikidata
studio_details,studio:25,insert,wikidata
studios,7:country,fill,wikidata
studios,7:parent_company,fill,wikidata
studio_details,studio:7,insert,wikidata
studios,10:country,fill,wikidata
studios,10:parent_company,fill,wikidata
studio_details,studio:10,insert,wikidata
studios,31:country,fill,wikidata
studios,31:parent_company,fill,wikidata
studio_details,studio:31,insert,wikidata
studios,15:country,fill,wikidata
studios,15:parent_company,fill,wikidata
studio_details,studio:15,insert,wikidata
studios,12:country,fill,wikidata
studio_details,studio:12,insert,wikidata
studios,67:country,fill,wikidata
studios,67:parent_company,fill,wikidata
studio_details,studio:67,insert,wikidata
studios,82:country,fill,wikidata
studios,82:parent_company,fill,wikidata
studio_details,studio:82,insert,wikidata
studios,100:country,fill,wikidata
studio_details,studio:100,insert,wikidata
studios,97:country,fill,wikidata
studios,97:parent_company,fill,wikidata
studio_details,studio:97,insert,wikidata
studios,86:country,fill,wikidata
studio_details,studio:86,insert,wikidata
studios,47:country,fill,wikidata
studio_details,studio:47,insert,wikidata
studios,45:country,fill,wikidata
studios,45:parent_company,fill,wikidata
studio_details,studio:45,insert,wikidata
studios,16:country,fill,wikidata
studio_details,studio:16,insert,wikidata
studios,42:country,fill,wikidata
studio_details,studio:42,insert,wikidata
studios,99:country,fill,wikidata
studios,99:parent_company,fill,wikidata
studio_details,studio:99,insert,wikidata
studios,32:country,fill,wikidata
studios,32:parent_company,fill,wikidata
studio_details,studio:32,insert,wikidata
studios,51:country,fill,wikidata
studios,51:parent_company,fill,wikidata
studio_details,studio:51,insert,wikidata
studios,83:country,fill,wikidata
studio_details,studio:83,insert,wikidata
studios,60:country,fill,wikidata
studios,60:parent_company,fill,wikidata
studio_details,studio:60,insert,wikidata
studios,96:country,fill,wikidata
studios,96:parent_company,fill,wikidata
studio_details,studio:96,insert,wikidata
studios,17:country,fill,wikidata
studios,17:parent_company,fill,wikidata
studio_details,studio:17,insert,wikidata
studios,9:country,fill,wikidata
studios,9:parent_company,fill,wikidata
studio_details,studio:9,insert,wikidata
studios,37:country,fill,wikidata
studios,37:parent_company,fill,wikidata
studio_details,studio:37,insert,wikidata
studios,89:country,fill,wikidata
studios,89:parent_company,fill,wikidata
studio_details,studio:89,insert,wikidata
studios,75:country,fill,wikidata
studio_details,studio:75,insert,wikidata
studios,92:country,fill,wikidata
studio_details,studio:92,insert,wikidata
studios,78:country,fill,wikidata
studios,78:parent_company,fill,wikidata
studio_details,studio:78,insert,wikidata
studios,50:country,fill,wikidata
studio_details,studio:50,insert,wikidata
studios,19:country,fill,wikidata
studios,19:parent_company,fill,wikidata
studio_details,studio:19,insert,wikidata
studios,27:country,fill,wikidata
studio_details,studio:27,insert,wikidata
studios,6:country,fill,wikidata
studio_details,studio:6,insert,wikidata
studios,104:country,fill,wikidata
studio_details,studio:104,insert,wikidata
studios,91:country,fill,wikidata
studios,91:parent_company,fill,wikidata
studio_details,studio:91,insert,wikidata
studios,68:country,fill,wikidata
studios,68:parent_company,fill,wikidata
studio_details,studio:68,insert,wikidata
studios,72:country,fill,wikidata
studios,72:parent_company,fill,wikidata
studio_details,studio:72,insert,wikidata
studios,93:country,fill,wikidata
studios,93:parent_company,fill,wikidata
studio_details,studio:93,insert,wikidata
studios,66:country,fill,wikidata
studio_details,studio:66,insert,wikidata
platform_details,platform:2,insert,wikidata
platform_details,platform:11,insert,wikidata
platform_details,platform:13,insert,wikidata
platform_details,platform:49,insert,wikidata
platform_details,platform:3,insert,wikidata
platform_details,platform:1,insert,wikidata
platform_details,platform:12,insert,wikidata
platform_details,platform:7,insert,wikidata
platform_details,platform:6,insert,wikidata
platform_details,platform:8,insert,wikidata
platform_details,platform:31,insert,wikidata
platform_details,platform:22,insert,wikidata
platform_details,platform:34,insert,wikidata
platform_details,platform:29,insert,wikidata
platform_details,platform:16,insert,wikidata
platform_details,platform:37,insert,wikidata
platform_details,platform:9,insert,wikidata
platform_details,platform:33,insert,wikidata
platform_details,platform:41,insert,wikidata
platform_details,platform:15,insert,wikidata
platform_details,platform:66,insert,wikidata
platform_details,platform:38,insert,wikidata
platform_details,platform:19,insert,wikidata
platform_details,platform:46,insert,wikidata
platform_details,platform:30,insert,wikidata
platform_details,platform:39,insert,wikidata
platform_details,platform:56,insert,wikidata
platform_details,platform:55,insert,wikidata
platform_details,platform:28,insert,wikidata
platform_details,platform:35,insert,wikidata
platform_details,platform:44,insert,wikidata
platform_details,platform:52,insert,wikidata
platform_details,platform:62,insert,wikidata
platform_details,platform:40,insert,wikidata
platform_details,platform:48,insert,wikidata
platform_details,platform:27,insert,wikidata
platform_details,platform:17,insert,wikidata
platform_details,platform:25,insert,wikidata
platform_details,platform:14,insert,wikidata
platform_details,platform:23,insert,wikidata
platform_details,platform:20,insert,wikidata
platform_details,platform:26,insert,wikidata
platform_details,platform:45,insert,wikidata
platform_details,platform:54,insert,wikidata
platform_details,platform:32,insert,wikidata
platform_details,platform:36,insert,wikidata
platform_details,platform:43,insert,wikidata
platform_details,platform:53,insert,wikidata
platform_details,platform:10,insert,wikidata
platform_details,platform:50,insert,wikidata
platform_details,platform:59,insert,wikidata
episode_credits,2:director:Ron Satlof,insert,derived
episode_credits,2:writer:Robert Janes,insert,derived
episode_credits,3:director:Ron Satlof,insert,derived
episode_credits,3:writer:Robert Janes,insert,derived
episode_credits,4:director:Michael Caffey,insert,derived
episode_credits,4:writer:Dick Nelson,insert,derived
episode_credits,4:writer:Robert Janes,insert,derived
episode_credits,5:director:Fernando Lamas,insert,derived
episode_credits,5:writer:John W. Bloch,insert,derived
episode_credits,6:director:Dennis Donnelly,insert,derived
episode_credits,6:writer:Duke Sandefur,insert,derived
episode_credits,7:director:Cliff Bole,insert,derived
episode_credits,7:writer:Gregory S. Dinallo,insert,derived
episode_credits,7:writer:Bruce Kalish,insert,derived
episode_credits,7:writer:Philip John Taylor,insert,derived
episode_credits,8:director:Larry Stewart,insert,derived
episode_credits,8:writer:Howard Dimsdale,insert,derived
episode_credits,9:director:Tom Blank,insert,derived
episode_credits,9:writer:Brian McKay,insert,derived
episode_credits,9:writer:Gregory S. Dinallo,insert,derived
episode_credits,10:director:Don McDougall,insert,derived
episode_credits,10:writer:Michael Michaelian,insert,derived
episode_credits,11:director:Tony Ganz,insert,derived
episode_credits,11:writer:Howard Dimsdale,insert,derived
episode_credits,12:director:Joseph Manduke,insert,derived
episode_credits,12:writer:Stephen Kandel,insert,derived
episode_credits,13:director:Don McDougall,insert,derived
episode_credits,13:writer:Lionel E. Siegel,insert,derived
episode_credits,14:director:Don McDougall,insert,derived
episode_credits,14:writer:Lionel E. Siegel,insert,derived
episode_credits,15:writer:Michael Reaves,insert,derived
episode_credits,16:writer:Michael Reaves,insert,derived
episode_credits,17:writer:Brynne Chandler Reaves,insert,derived
episode_credits,18:writer:Steve Perry,insert,derived
episode_credits,19:writer:Roger Slifer,insert,derived
episode_credits,20:writer:Diane Duane,insert,derived
episode_credits,20:writer:Peter Morwood,insert,derived
episode_credits,21:writer:Larry Brody,insert,derived
episode_credits,21:writer:Robert Gregory Browne,insert,derived
episode_credits,22:writer:Robert Gregory Browne,insert,derived
episode_credits,22:writer:Larry Brody,insert,derived
episode_credits,23:writer:Robert Gregory Browne,insert,derived
episode_credits,23:writer:Larry Brody,insert,derived
episode_credits,24:writer:Mark Hoffmeier,insert,derived
episode_credits,24:writer:Larry Brody,insert,derived
episode_credits,25:writer:Robert Gregory Browne,insert,derived
episode_credits,25:writer:Larry Brody,insert,derived
episode_credits,26:writer:Robert Gregory Browne,insert,derived
episode_credits,26:writer:Larry Brody,insert,derived
episode_credits,27:writer:Robert Gregory Browne,insert,derived
episode_credits,27:writer:Larry Brody,insert,derived
episode_credits,28:director:Tim Eldred,insert,derived
episode_credits,28:writer:Morgan Gendel,insert,derived
episode_credits,29:director:Vincent Edwards,insert,derived
episode_credits,29:writer:Rick Suvalle,insert,derived
episode_credits,30:director:Audu Paden,insert,derived
episode_credits,30:writer:Greg Johnson,insert,derived
episode_credits,31:director:Brandon Vietti,insert,derived
episode_credits,31:writer:Todd Felderstein,insert,derived
episode_credits,31:writer:Morgan Gendel,insert,derived
episode_credits,32:director:Alan Caldwell,insert,derived
episode_credits,32:writer:Marsha Griffin,insert,derived
episode_credits,33:director:Vincent Edwards,insert,derived
episode_credits,33:writer:Morgan Gendel,insert,derived
episode_credits,34:director:Brandon Vietti,insert,derived
episode_credits,34:writer:Tracey Forbes,insert,derived
episode_credits,35:director:Audu Paden,insert,derived
episode_credits,35:writer:Brian Michael Bendis,insert,derived
episode_credits,35:writer:Morgan Gendel,insert,derived
episode_credits,35:writer:Marsha Griffin,insert,derived
episode_credits,36:director:Tim Eldred,insert,derived
episode_credits,36:writer:Whip Lipsey,insert,derived
episode_credits,36:writer:Scott Lipsey,insert,derived
episode_credits,37:director:Alan Caldwell,insert,derived
episode_credits,37:writer:Morgan Gendel,insert,derived
episode_credits,37:writer:Rick Suvalle,insert,derived
episode_credits,38:director:Vincent Edwards,insert,derived
episode_credits,38:writer:Morgan Gendel,insert,derived
episode_credits,39:director:Alan Caldwell,insert,derived
episode_credits,39:director:Vincent Edwards,insert,derived
episode_credits,39:director:Audu Paden,insert,derived
episode_credits,39:writer:Morgan Gendel,insert,derived
episode_credits,40:director:Tim Eldred,insert,derived
episode_credits,40:director:Brandon Vietti,insert,derived
episode_credits,40:writer:Steven Kriozere,insert,derived
episode_credits,41:director:Mel Zwyer,insert,derived
episode_credits,41:writer:Jeff Trammell,insert,derived
episode_credits,42:director:Liza Singer,insert,derived
episode_credits,42:writer:Charlie Neuner,insert,derived
episode_credits,43:director:Stu Livingston,insert,derived
episode_credits,43:writer:Jeff Trammell,insert,derived
episode_credits,44:director:Liza Singer,insert,derived
episode_credits,44:writer:Charlie Neuner,insert,derived
episode_credits,45:director:Stu Livingston,insert,derived
episode_credits,45:writer:Jeff Trammell,insert,derived
episode_credits,46:director:Liza Singer,insert,derived
episode_credits,46:writer:Charlie Neuner,insert,derived
episode_credits,47:director:Stu Livingston,insert,derived
episode_credits,47:writer:Raven Koné,insert,derived
episode_credits,48:director:Liza Singer,insert,derived
episode_credits,48:writer:Charlie Neuner,insert,derived
episode_credits,49:director:Liza Singer,insert,derived
episode_credits,49:writer:Jeff Trammell,insert,derived
episode_credits,50:director:Stu Livingston,insert,derived
episode_credits,50:writer:Charlie Neuner,insert,derived
episode_credits,50:writer:Jeff Trammell,insert,derived
episode_credits,131:director:Kōichi Takemoto,insert,derived
episode_credits,131:writer:Shōzō Uehara,insert,derived
episode_credits,132:director:Kōichi Takemoto,insert,derived
episode_credits,132:writer:Susumu Takaku,insert,derived
episode_credits,133:director:Katsuhiko Taguchi,insert,derived
episode_credits,133:writer:Susumu Takaku,insert,derived
episode_credits,134:director:Katsuhiko Taguchi,insert,derived
episode_credits,134:writer:Shōzō Uehara,insert,derived
episode_credits,135:director:Kōichi Takemoto,insert,derived
episode_credits,135:writer:Susumu Takaku,insert,derived
episode_credits,136:director:Kōichi Takemoto,insert,derived
episode_credits,136:writer:Shōzō Uehara,insert,derived
episode_credits,137:director:Katsuhiko Taguchi,insert,derived
episode_credits,137:writer:Shōzō Uehara,insert,derived
episode_credits,138:director:Katsuhiko Taguchi,insert,derived
episode_credits,138:writer:Susumu Takaku,insert,derived
episode_credits,139:director:Takaharu Saeki,insert,derived
episode_credits,139:writer:Shōzō Uehara,insert,derived
episode_credits,140:director:Takaharu Saeki,insert,derived
episode_credits,140:writer:Shōzō Uehara,insert,derived
episode_credits,141:director:Kōichi Takemoto,insert,derived
episode_credits,141:writer:Susumu Takaku,insert,derived
episode_credits,142:director:Kōichi Takemoto,insert,derived
episode_credits,142:writer:Shōzō Uehara,insert,derived
episode_credits,143:director:Kimio Hirayama,insert,derived
episode_credits,143:writer:Susumu Takaku,insert,derived
episode_credits,144:director:Kimio Hirayama,insert,derived
episode_credits,144:writer:Shōzō Uehara,insert,derived
episode_credits,145:director:Kōichi Takemoto,insert,derived
episode_credits,145:writer:Susumu Takaku,insert,derived
episode_credits,146:director:Kōichi Takemoto,insert,derived
episode_credits,146:writer:Shōzō Uehara,insert,derived
episode_credits,147:director:Takaharu Saeki,insert,derived
episode_credits,147:writer:Susumu Takaku,insert,derived
episode_credits,148:director:Takaharu Saeki,insert,derived
episode_credits,148:writer:Kuniaki Oshikawa,insert,derived
episode_credits,149:director:Kōichi Takemoto,insert,derived
episode_credits,149:writer:Shōzō Uehara,insert,derived
episode_credits,150:director:Kōichi Takemoto,insert,derived
episode_credits,150:writer:Hirohisa Soda,insert,derived
episode_credits,151:director:Kōichi Takemoto,insert,derived
episode_credits,151:writer:Susumu Takaku,insert,derived
episode_credits,152:director:Takaharu Saeki,insert,derived
episode_credits,152:writer:Susumu Takaku,insert,derived
episode_credits,153:director:Takaharu Saeki,insert,derived
episode_credits,153:writer:Hirohisa Soda,insert,derived
episode_credits,154:director:Hideo Tanaka,insert,derived
episode_credits,154:writer:Susumu Takaku,insert,derived
episode_credits,155:director:Hideo Tanaka,insert,derived
episode_credits,155:writer:Mikio Matsushita,insert,derived
episode_credits,156:director:Kōichi Takemoto,insert,derived
episode_credits,156:writer:Kuniaki Oshikawa,insert,derived
episode_credits,157:director:Kōichi Takemoto,insert,derived
episode_credits,157:writer:Susumu Takaku,insert,derived
episode_credits,158:director:Yoshiaki Kobayashi,insert,derived
episode_credits,158:writer:Mikio Matsushita,insert,derived
episode_credits,159:director:Yoshiaki Kobayashi,insert,derived
episode_credits,159:writer:Shōzō Uehara,insert,derived
episode_credits,160:director:Takaharu Saeki,insert,derived
episode_credits,160:writer:Hirohisa Soda,insert,derived
episode_credits,161:director:Kōichi Takemoto,insert,derived
episode_credits,161:writer:Shōzō Uehara,insert,derived
episode_credits,162:director:Takaharu Saeki,insert,derived
episode_credits,162:writer:Mikio Matsushita,insert,derived
episode_credits,163:director:Kōichi Takemoto,insert,derived
episode_credits,163:writer:Susumu Takaku,insert,derived
episode_credits,164:director:Kōichi Takemoto,insert,derived
episode_credits,164:writer:Hirohisa Soda,insert,derived
episode_credits,165:director:Yoshiaki Kobayashi,insert,derived
episode_credits,165:writer:Susumu Takaku,insert,derived
episode_credits,166:director:Yoshiaki Kobayashi,insert,derived
episode_credits,166:writer:Shōzō Uehara,insert,derived
episode_credits,167:director:Takaharu Saeki,insert,derived
episode_credits,167:writer:Susumu Takaku,insert,derived
episode_credits,168:director:Takaharu Saeki,insert,derived
episode_credits,168:writer:Hirohisa Soda,insert,derived
episode_credits,169:director:Yoshiaki Kobayashi,insert,derived
episode_credits,169:writer:Shōzō Uehara,insert,derived
episode_credits,170:director:Yoshiaki Kobayashi,insert,derived
episode_credits,170:writer:Mikio Matsushita,insert,derived
episode_credits,171:director:Yoshiaki Kobayashi,insert,derived
episode_credits,171:writer:Shōzō Uehara,insert,derived
episode_credits,179:writer:Larry Parr,insert,derived
episode_credits,183:writer:Larry Parr,insert,derived
episode_credits,185:writer:Donald F. Glut,insert,derived
episode_credits,188:writer:Larry Parr,insert,derived
episode_credits,189:writer:Donald F. Glut,insert,derived
episode_credits,190:writer:Larry Parr,insert,derived
episode_credits,191:writer:Christy Marx,insert,derived
episode_credits,192:writer:Larry Parr,insert,derived
episode_credits,193:writer:Donald F. Glut,insert,derived
episode_credits,195:writer:Donald F. Glut,insert,derived
episode_credits,197:writer:Christy Marx,insert,derived
episode_credits,198:writer:Dennis Marks,insert,derived
episode_credits,199:writer:Donald F. Glut,insert,derived
episode_credits,200:writer:Christy Marx,insert,derived
episode_credits,201:writer:Christy Marx,insert,derived
episode_credits,202:writer:Dennis Marks,insert,derived
episode_credits,203:writer:Doug Booth,insert,derived
episode_credits,204:writer:Christy Marx,insert,derived
episode_credits,205:writer:Francis FeighanJack Hanrahan,insert,derived
episode_credits,206:writer:Christy Marx,insert,derived
episode_credits,207:writer:Donald F. Glut,insert,derived
episode_credits,208:writer:Donald F. Glut,insert,derived
episode_credits,209:writer:Donald F. Glut,insert,derived
episode_credits,210:writer:Dennis Marks,insert,derived
episode_credits,211:writer:Donald F. Glut,insert,derived
episode_credits,212:writer:Christy Marx,insert,derived
episode_credits,213:writer:Donald F. Glut,insert,derived
episode_credits,214:writer:Michael Reaves,insert,derived
episode_credits,215:writer:Jack Mendelsohn,insert,derived
episode_credits,216:writer:Dennis Marks,insert,derived
episode_credits,217:writer:Michael Reaves,insert,derived
episode_credits,218:writer:Donald Glut,insert,derived
episode_credits,219:writer:Dennis Marks,insert,derived
episode_credits,220:writer:Michael Reaves,insert,derived
episode_credits,221:writer:Dennis Marks,insert,derived
episode_credits,222:director:Bob Richardson,insert,derived
episode_credits,"222:writer:Gerry Conway,Stan Berkowitz",insert,derived
episode_credits,222:writer:John Semper,insert,derived
episode_credits,223:director:Bob Richardson,insert,derived
episode_credits,224:director:Bob Richardson,insert,derived
episode_credits,225:director:Bob Richardson,insert,derived
episode_credits,226:director:Bob Richardson,insert,derived
episode_credits,226:writer:Marv WolfmanStan Berkowitzand John Semper,insert,derived
episode_credits,227:director:Bob Richardson,insert,derived
episode_credits,228:director:Bob Richardson,insert,derived
episode_credits,229:director:Bob Richardson,insert,derived
episode_credits,230:director:Bob Richardson,insert,derived
episode_credits,231:director:Bob Richardson,insert,derived
episode_credits,232:director:Bob Richardson,insert,derived
episode_credits,233:director:Bob Richardson,insert,derived
episode_credits,233:writer:Stan Berkowitz,insert,derived
episode_credits,234:director:Bob Richardson,insert,derived
episode_credits,234:writer:John Semper,insert,derived
episode_credits,235:director:Bob Richardson,insert,derived
episode_credits,236:director:Bob Richardson,insert,derived
episode_credits,237:director:Bob Richardson,insert,derived
episode_credits,238:director:Bob Richardson,insert,derived
episode_credits,239:director:Bob Richardson,insert,derived
episode_credits,240:director:Bob Richardson,insert,derived
episode_credits,241:director:Bob Richardson,insert,derived
episode_credits,242:director:Bob Richardson,insert,derived
episode_credits,242:writer:John Semper,insert,derived
episode_credits,243:director:Bob Richardson,insert,derived
episode_credits,"243:writer:Stephanie Mathison, Mark Hoffmeier",insert,derived
episode_credits,243:writer:John Semper,insert,derived
episode_credits,244:director:Bob Richardson,insert,derived
episode_credits,244:writer:John Semper,insert,derived
episode_credits,244:writer:Meg McLaughlin,insert,derived
episode_credits,245:director:Bob Richardson,insert,derived
episode_credits,"245:writer:Mark Hoffmeier, Stan Berkowitz",insert,derived
episode_credits,245:writer:John Semper,insert,derived
episode_credits,246:director:Bob Richardson,insert,derived
episode_credits,"246:writer:Mark Hoffmeier, Stan Berkowitz",insert,derived
episode_credits,246:writer:John Semper,insert,derived
episode_credits,247:director:Bob Richardson,insert,derived
episode_credits,248:director:Bob Richardson,insert,derived
episode_credits,249:director:Bob Richardson,insert,derived
episode_credits,250:director:Bob Richardson,insert,derived
episode_credits,251:director:Bob Richardson,insert,derived
episode_credits,252:director:Bob Richardson,insert,derived
episode_credits,253:director:Bob Richardson,insert,derived
episode_credits,254:director:Bob Richardson,insert,derived
episode_credits,254:writer:John Semper,insert,derived
episode_credits,254:writer:Mark HoffmeierTeleplay by: Brooks Wachtel,insert,derived
episode_credits,254:writer:Cynthia Harrison,insert,derived
episode_credits,255:director:Bob Richardson,insert,derived
episode_credits,256:director:Bob Richardson,insert,derived
episode_credits,257:director:Bob Richardson,insert,derived
episode_credits,258:director:Bob Richardson,insert,derived
episode_credits,"258:writer:John SemperTeleplay by: Stan Berkowitz, Len Wein",insert,derived
episode_credits,258:writer:John Semper,insert,derived
episode_credits,259:director:Bob Richardson,insert,derived
episode_credits,260:director:Bob Richardson,insert,derived
episode_credits,260:writer:James Krieg,insert,derived
episode_credits,261:director:Bob Richardson,insert,derived
episode_credits,262:director:Bob Richardson,insert,derived
episode_credits,263:director:Bob Richardson,insert,derived
episode_credits,264:director:Bob Richardson,insert,derived
episode_credits,265:director:Bob Richardson,insert,derived
episode_credits,266:director:Bob Richardson,insert,derived
episode_credits,266:writer:Meg McLaughlin,insert,derived
episode_credits,267:director:Bob Richardson,insert,derived
episode_credits,268:director:Bob Richardson,insert,derived
episode_credits,269:director:Bob Richardson,insert,derived
episode_credits,270:director:Bob Richardson,insert,derived
episode_credits,270:writer:Mark Hoffmeier,insert,derived
episode_credits,271:director:Bob Richardson,insert,derived
episode_credits,272:director:Bob Richardson,insert,derived
episode_credits,273:director:Bob Richardson,insert,derived
episode_credits,274:director:Bob Richardson,insert,derived
episode_credits,275:director:Bob Richardson,insert,derived
episode_credits,275:writer:John Semper,insert,derived
episode_credits,276:director:Bob Richardson,insert,derived
episode_credits,276:writer:John Semper,insert,derived
episode_credits,277:director:Bob Richardson,insert,derived
episode_credits,277:writer:John Semper,insert,derived
episode_credits,278:director:Bob Richardson,insert,derived
episode_credits,278:writer:John Semper,insert,derived
episode_credits,279:director:Bob Richardson,insert,derived
episode_credits,279:writer:John Semper,insert,derived
episode_credits,280:director:Bob Richardson,insert,derived
episode_credits,281:director:Bob Richardson,insert,derived
episode_credits,282:director:Bob Richardson,insert,derived
episode_credits,282:writer:John Semper,insert,derived
episode_credits,282:writer:Karen Milovich,insert,derived
episode_credits,283:director:Bob Richardson,insert,derived
episode_credits,283:writer:Virginia Roth,insert,derived
episode_credits,284:director:Bob Richardson,insert,derived
episode_credits,"284:writer:John Semper, Mark Hoffmeier",insert,derived
episode_credits,284:writer:Ernie Altbacker,insert,derived
episode_credits,285:director:Bob Richardson,insert,derived
episode_credits,286:director:Bob Richardson,insert,derived
episode_credits,286:writer:John Semper,insert,derived
episode_credits,287:director:Victor Cook,insert,derived
episode_credits,287:writer:Greg Weisman,insert,derived
episode_credits,288:director:Troy Adomitis,insert,derived
episode_credits,288:writer:Kevin Hopps,insert,derived
episode_credits,289:director:Dave Bullock,insert,derived
episode_credits,289:writer:Matt Wayne,insert,derived
episode_credits,290:director:Dan Fausett,insert,derived
episode_credits,290:writer:Andrew Robinson,insert,derived
episode_credits,291:director:Troy Adomitis,insert,derived
episode_credits,291:writer:Kevin Hopps,insert,derived
episode_credits,292:director:Dave Bullock,insert,derived
episode_credits,292:writer:Matt Wayne,insert,derived
episode_credits,293:director:Victor Cook,insert,derived
episode_credits,293:writer:Andrew Robinson,insert,derived
episode_credits,294:director:Jennifer Coyle,insert,derived
episode_credits,294:writer:Randy Jandt,insert,derived
episode_credits,295:director:Dave Bullock,insert,derived
episode_credits,295:writer:Kevin Hopps,insert,derived
episode_credits,296:director:Dan Fausett,insert,derived
episode_credits,296:writer:Matt Wayne,insert,derived
episode_credits,297:director:Dave Bullock,insert,derived
episode_credits,297:director:Jennifer Coyle,insert,derived
episode_credits,297:writer:Andrew Robinson,insert,derived
episode_credits,297:writer:Greg Weisman,insert,derived
episode_credits,298:director:Dave Bullock,insert,derived
episode_credits,298:writer:Greg Weisman,insert,derived
episode_credits,299:director:Victor Cook,insert,derived
episode_credits,299:writer:Kevin Hopps,insert,derived
episode_credits,300:director:Jennifer Coyle,insert,derived
episode_credits,300:writer:Kevin Hopps,insert,derived
episode_credits,301:director:Kevin Altieri,insert,derived
episode_credits,301:writer:Matt Wayne,insert,derived
episode_credits,302:director:Mike Goguen,insert,derived
episode_credits,302:writer:Andrew Robinson,insert,derived
episode_credits,303:director:Jennifer Coyle,insert,derived
episode_credits,303:writer:Randy Jandt,insert,derived
episode_credits,304:director:Kevin Altieri,insert,derived
episode_credits,304:writer:Kevin Hopps,insert,derived
episode_credits,305:director:Mike Goguen,insert,derived
episode_credits,305:writer:Nicole Dubuc,insert,derived
episode_credits,306:director:Jennifer Coyle,insert,derived
episode_credits,306:writer:Andrew Robinson,insert,derived
episode_credits,307:director:Kevin Altieri,insert,derived
episode_credits,307:writer:Nicole Dubuc,insert,derived
episode_credits,308:director:Mike Goguen,insert,derived
episode_credits,308:writer:Kevin Hopps,insert,derived
episode_credits,309:director:Jennifer Coyle,insert,derived
episode_credits,309:writer:Andrew Robinson,insert,derived
episode_credits,310:director:Kevin Altieri,insert,derived
episode_credits,310:writer:Nicole Dubuc,insert,derived
episode_credits,311:director:Mike Goguen,insert,derived
episode_credits,311:writer:Greg Weisman,insert,derived
episode_credits,312:director:Victor Cook,insert,derived
episode_credits,312:writer:Kevin Hopps,insert,derived
episode_credits,"313:director:Alex Soto, Phil Pignotti",insert,derived
episode_credits,313:director:Tim Eldered,insert,derived
episode_credits,313:writer:Paul Dini,insert,derived
episode_credits,"314:director:Alex Soto, Phil Pignotti",insert,derived
episode_credits,314:director:Tim Eldered,insert,derived
episode_credits,314:writer:Paul Dini,insert,derived
episode_credits,315:director:Gary Hartle,insert,derived
episode_credits,315:director:Jeff Allen,insert,derived
episode_credits,315:writer:Man of Action,insert,derived
episode_credits,316:director:Alex Soto,insert,derived
episode_credits,316:writer:Man of Action,insert,derived
episode_credits,316:writer:James Felder,insert,derived
episode_credits,317:director:Phil Pignotti,insert,derived
episode_credits,317:writer:Man of Action,insert,derived
episode_credits,318:director:Jeff Allen,insert,derived
episode_credits,318:director:Gary Hartle,insert,derived
episode_credits,318:writer:Man of Action,insert,derived
episode_credits,318:writer:Joe Fallon,insert,derived
episode_credits,319:director:Alex Soto,insert,derived
episode_credits,319:writer:Man of Action,insert,derived
episode_credits,319:writer:Dani Wolff,insert,derived
episode_credits,320:director:Phil Pignotti,insert,derived
episode_credits,320:writer:Man of Action,insert,derived
episode_credits,321:director:Alex Soto,insert,derived
episode_credits,321:writer:Man of Action,insert,derived
episode_credits,321:writer:Eugene Son,insert,derived
episode_credits,322:director:Jeff Allen,insert,derived
episode_credits,322:writer:Brian Michael Bendis,insert,derived
episode_credits,323:director:Phil Pignotti,insert,derived
episode_credits,323:writer:Man of Action,insert,derived
episode_credits,324:director:Alex Soto,insert,derived
episode_credits,324:writer:Man of Action,insert,derived
episode_credits,324:writer:Jacob Semahn,insert,derived
episode_credits,325:director:Jeff Allen,insert,derived
episode_credits,325:writer:Man of Action,insert,derived
episode_credits,325:writer:James Felder,insert,derived
episode_credits,326:director:Phil Pignotti,insert,derived
episode_credits,326:writer:Man of Action,insert,derived
episode_credits,326:writer:Eugene Son,insert,derived
episode_credits,327:director:Jeff Allen,insert,derived
episode_credits,327:writer:Brian Michael Bendis,insert,derived
episode_credits,328:director:Alex Soto,insert,derived
episode_credits,328:writer:Man of Action,insert,derived
episode_credits,328:writer:Scott Mosier,insert,derived
episode_credits,329:director:Phil Pignotti,insert,derived
episode_credits,329:writer:Man of Action,insert,derived
episode_credits,329:writer:Rich Fogel,insert,derived
episode_credits,330:director:Jeff Allen,insert,derived
episode_credits,330:writer:Man of Action,insert,derived
episode_credits,330:writer:Scott Mosier,insert,derived
episode_credits,331:director:Alex Soto,insert,derived
episode_credits,331:writer:Danielle Wolff,insert,derived
episode_credits,331:writer:Man of Action,insert,derived
episode_credits,332:director:Phil Pignotti,insert,derived
episode_credits,332:writer:Man of Action,insert,derived
episode_credits,332:writer:Eugene Son,insert,derived
episode_credits,333:director:Jeff Allen,insert,derived
episode_credits,333:writer:Man of Action,insert,derived
episode_credits,333:writer:Joe Fallon,insert,derived
episode_credits,334:director:Alex Soto,insert,derived
episode_credits,334:writer:Man of Action,insert,derived
episode_credits,334:writer:Frank Tieri,insert,derived
episode_credits,335:director:Phil Pignotti,insert,derived
episode_credits,335:writer:Brian Michael Bendis,insert,derived
episode_credits,336:director:Jeff Allen,insert,derived
episode_credits,336:writer:Man of Action,insert,derived
episode_credits,336:writer:Scott Mosier,insert,derived
episode_credits,337:director:Alex Soto,insert,derived
episode_credits,337:writer:Man of Action,insert,derived
episode_credits,337:writer:Eugene Son,insert,derived
episode_credits,338:director:Phil Pignotti,insert,derived
episode_credits,338:writer:Man of Action,insert,derived
episode_credits,338:writer:Jacob Semahn,insert,derived
episode_credits,339:director:Roy Burdine,insert,derived
episode_credits,339:director:Phil Pignotti,insert,derived
episode_credits,"339:writer:Man of Action, Jacob Semahn",insert,derived
episode_credits,339:writer:Eugene Son,insert,derived
episode_credits,340:director:Roy Burdine,insert,derived
episode_credits,340:director:Phil Pignotti,insert,derived
episode_credits,"340:writer:Man of Action, Jacob Semahn",insert,derived
episode_credits,340:writer:Eugene Son,insert,derived
episode_credits,341:director:Tim Maltby,insert,derived
episode_credits,341:writer:Man of Action,insert,derived
episode_credits,341:writer:Ed Valentine,insert,derived
episode_credits,342:director:Roy Burdine,insert,derived
episode_credits,342:writer:Man of Action,insert,derived
episode_credits,342:writer:Danielle Wolff,insert,derived
episode_credits,343:director:Phil Pignotti,insert,derived
episode_credits,343:writer:Man of Action,insert,derived
episode_credits,343:writer:Scott Mosier,insert,derived
episode_credits,344:director:Tim Maltby,insert,derived
episode_credits,344:writer:Man of Action,insert,derived
episode_credits,344:writer:Scott Mosier,insert,derived
episode_credits,345:director:Roy Burdine,insert,derived
episode_credits,345:writer:Story by: Joe QuesadaTeleplay by: Man of Action,insert,derived
episode_credits,345:writer:Jimmy Palmiotti,insert,derived
episode_credits,346:director:Phil Pignotti,insert,derived
episode_credits,346:writer:Man of Action,insert,derived
episode_credits,346:writer:Paul Giacoppo,insert,derived
episode_credits,347:director:Tim Maltby,insert,derived
episode_credits,347:writer:Man of Action,insert,derived
episode_credits,347:writer:Eugene Son,insert,derived
episode_credits,348:director:Roy Burdine,insert,derived
episode_credits,348:writer:Man of Action,insert,derived
episode_credits,348:writer:Danielle Wolff,insert,derived
episode_credits,349:director:Phil Pignotti,insert,derived
episode_credits,349:director:Tim Maltby,insert,derived
episode_credits,"349:writer:Man of Action, Scott Mosier, Kevin Burke",insert,derived
episode_credits,349:writer:Chris Doc Wyatt,insert,derived
episode_credits,350:director:Phil Pignotti,insert,derived
episode_credits,350:director:Tim Maltby,insert,derived
episode_credits,"350:writer:Man of Action, Scott Mosier, Kevin Burke",insert,derived
episode_credits,350:writer:Chris Doc Wyatt,insert,derived
episode_credits,351:director:Roy Burdine,insert,derived
episode_credits,351:writer:Man of Action,insert,derived
episode_credits,351:writer:Jacob Semahn,insert,derived
episode_credits,352:director:Phil Pignotti,insert,derived
episode_credits,352:writer:Brian Michael Bendis,insert,derived
episode_credits,353:director:Tim Maltby,insert,derived
episode_credits,353:writer:Man of Action,insert,derived
episode_credits,353:writer:Joe Fallon,insert,derived
episode_credits,354:director:Roy Burdine,insert,derived
episode_credits,354:writer:Man of Action,insert,derived
episode_credits,354:writer:Ed Valentine,insert,derived
episode_credits,355:director:Phil Pignotti,insert,derived
episode_credits,355:writer:Man of Action,insert,derived
episode_credits,355:writer:Scott Mosier,insert,derived
episode_credits,356:director:Tim Maltby,insert,derived
episode_credits,356:writer:Brian Michael Bendis,insert,derived
episode_credits,357:director:Roy Burdine,insert,derived
episode_credits,357:writer:Man of Action,insert,derived
episode_credits,357:writer:Kaita Mpambara,insert,derived
episode_credits,358:director:Phil Pignotti,insert,derived
episode_credits,358:writer:Man of Action,insert,derived
episode_credits,358:writer:Jacob Semahn,insert,derived
episode_credits,359:director:Roy Burdine,insert,derived
episode_credits,359:director:Phil Pignotti,insert,derived
episode_credits,"359:writer:Man of Action, Kevin Burke",insert,derived
episode_credits,359:writer:Chris Doc Wyatt,insert,derived
episode_credits,360:director:Roy Burdine,insert,derived
episode_credits,360:director:Phil Pignotti,insert,derived
episode_credits,"360:writer:Man of Action, Kevin Burke",insert,derived
episode_credits,360:writer:Chris Doc Wyatt,insert,derived
episode_credits,361:director:Tim Maltby,insert,derived
episode_credits,"361:writer:Man of Action, Kevin Burke",insert,derived
episode_credits,361:writer:Chris Doc Wyatt,insert,derived
episode_credits,362:director:Roy Burdine,insert,derived
episode_credits,362:writer:Man of Action,insert,derived
episode_credits,362:writer:Danielle Wolff,insert,derived
episode_credits,363:director:Phil Pignotti,insert,derived
episode_credits,363:writer:Man of Action,insert,derived
episode_credits,363:writer:Scott Mosier,insert,derived
episode_credits,364:director:Tim Maltby,insert,derived
episode_credits,364:writer:Man of Action,insert,derived
episode_credits,364:writer:Jacob Semahn,insert,derived
episode_credits,365:director:Kalvin Lee,insert,derived
episode_credits,365:writer:Eugene Son,insert,derived
episode_credits,366:director:Roy Burdine,insert,derived
episode_credits,366:writer:Danielle Wolff,insert,derived
episode_credits,367:director:Tim Maltby,insert,derived
episode_credits,367:writer:Kevin Burke,insert,derived
episode_credits,367:writer:Chris Doc Wyatt,insert,derived
episode_credits,368:director:Kalvin Lee,insert,derived
episode_credits,368:writer:Henry Gilroy,insert,derived
episode_credits,368:writer:Marty Isenberg,insert,derived
episode_credits,369:director:Roy Burdine,insert,derived
episode_credits,369:writer:Jim McCann,insert,derived
episode_credits,370:director:Tim Maltby,insert,derived
episode_credits,370:writer:Eugene Son,insert,derived
episode_credits,371:director:Roy BurdineTim Maltby,insert,derived
episode_credits,371:writer:Paul Dini,insert,derived
episode_credits,372:director:Roy Burdine,insert,derived
episode_credits,372:writer:Brian Michael Bendis,insert,derived
episode_credits,373:director:Tim Maltby,insert,derived
episode_credits,373:writer:Marty Isenberg,insert,derived
episode_credits,374:director:Kalvin Lee,insert,derived
episode_credits,374:writer:Marty Isenberg,insert,derived
episode_credits,375:director:Roy Burdine,insert,derived
episode_credits,375:writer:Tom Pugsley,insert,derived
episode_credits,376:director:Tim Maltby,insert,derived
episode_credits,376:writer:Mairghread Scott,insert,derived
episode_credits,377:director:Kalvin Lee,insert,derived
episode_credits,377:writer:Geoffrey Thorne,insert,derived
episode_credits,378:director:Roy Burdine,insert,derived
episode_credits,378:writer:Andrew R. Robinson,insert,derived
episode_credits,379:director:Tim Maltby,insert,derived
episode_credits,379:writer:Brandon Auman,insert,derived
episode_credits,380:director:Kalvin Lee,insert,derived
episode_credits,380:writer:Danielle Wolff,insert,derived
episode_credits,381:director:Roy Burdine,insert,derived
episode_credits,381:writer:Eugene Son,insert,derived
episode_credits,382:director:Kalvin LeeRoy BurdineTim MaltbyKalvin Lee,insert,derived
episode_credits,382:writer:Danielle WolffPaul DiniKevin Burke,insert,derived
episode_credits,382:writer:Chris Doc WyattEugene Son,insert,derived
episode_credits,383:director:Tim MaltbyKalvin LeeRoy BurdineTim Maltby,insert,derived
episode_credits,383:writer:Thomas F. ZahlerMatt WayneMarty IsenbergEugene Son,insert,derived
episode_credits,384:director:Roy Burdine,insert,derived
episode_credits,384:writer:Kevin Burke,insert,derived
episode_credits,384:writer:Chris Doc Wyatt,insert,derived
episode_credits,385:director:Young Ki Yoon,insert,derived
episode_credits,385:writer:Jacob Semahn,insert,derived
episode_credits,386:director:Jae Woo Kim,insert,derived
episode_credits,386:writer:Paul Giacoppo,insert,derived
episode_credits,387:director:Roy Burdine,insert,derived
episode_credits,387:writer:Mairghread Scott,insert,derived
episode_credits,388:director:Young Ki Yoon,insert,derived
episode_credits,388:writer:Geoffrey Thorne,insert,derived
episode_credits,389:director:Jae Woo Kim,insert,derived
episode_credits,389:writer:Matt Wayne,insert,derived
episode_credits,390:director:Roy Burdine,insert,derived
episode_credits,390:writer:Gavin Hignight,insert,derived
episode_credits,391:director:Young Ki YoonJae Woo Kim,insert,derived
episode_credits,391:writer:Kevin Burke,insert,derived
episode_credits,391:writer:Chris Doc Wyatt,insert,derived
episode_credits,392:director:Young Ki Yoon,insert,derived
episode_credits,392:writer:Henry Gilroy,insert,derived
episode_credits,393:director:Jae Woo Kim,insert,derived
episode_credits,393:writer:Elliott Casey,insert,derived
episode_credits,394:director:Young Ki YoonJae Woo Kim,insert,derived
episode_credits,394:writer:Jacob SemahnKevin Burke,insert,derived
episode_credits,394:writer:Chris Doc Wyatt,insert,derived
episode_credits,395:director:Young Ki YoonJae Woo Kim,insert,derived
episode_credits,395:writer:Kevin Burke,insert,derived
episode_credits,395:writer:Chris Doc Wyatt,insert,derived
episode_credits,396:director:Roy BurdineYoung Ki YoonJae Woo Kim,insert,derived
episode_credits,396:writer:Joshua FineJacob SemahnKevin Burke,insert,derived
episode_credits,396:writer:Chris Doc Wyatt,insert,derived
episode_credits,397:director:Young Ki YoonJae Woo KimRoy Burdine,insert,derived
episode_credits,397:writer:Paul GiacoppoJoshua Hale FialkovMarty Isenberg,insert,derived
episode_credits,398:director:Roy BurdineYoung Ki YoonJae Woo KimRoy Burdine,insert,derived
episode_credits,398:writer:Andrew RobinsonKevin Burke,insert,derived
episode_credits,398:writer:Chris Doc WyattHenry GilroyKevin Burke,insert,derived
episode_credits,398:writer:Chris Doc Wyatt,insert,derived
episode_credits,399:director:Dan Duncan,insert,derived
episode_credits,399:writer:Kevin Shinick,insert,derived
episode_credits,400:director:Philip Pignotti,insert,derived
episode_credits,400:writer:Kevin Shinick,insert,derived
episode_credits,401:director:Philip Pignotti,insert,derived
episode_credits,401:writer:Kevin Shinick,insert,derived
episode_credits,402:director:Sol Choi,insert,derived
episode_credits,402:writer:Kevin Shinick,insert,derived
episode_credits,403:director:Dan Duncan,insert,derived
episode_credits,403:writer:Mike Fasolo,insert,derived
episode_credits,404:director:Sol Choi,insert,derived
episode_credits,404:writer:Sterling Gates,insert,derived
episode_credits,405:director:Dan Duncan,insert,derived
episode_credits,405:writer:J.T. Krul,insert,derived
episode_credits,406:director:Sol Choi,insert,derived
episode_credits,406:writer:Kevin Burke,insert,derived
episode_credits,406:writer:Chris Doc Wyatt,insert,derived
episode_credits,407:director:Dan Duncan,insert,derived
episode_credits,407:writer:Kevin Shinick,insert,derived
episode_credits,408:director:Dan Duncan,insert,derived
episode_credits,408:writer:Kevin Shinick,insert,derived
episode_credits,409:director:Sol Choi,insert,derived
episode_credits,409:writer:Chris Cox,insert,derived
episode_credits,409:writer:Kevin Shinick,insert,derived
episode_credits,410:director:Dan Duncan,insert,derived
episode_credits,410:writer:Kevin Burke,insert,derived
episode_credits,410:writer:Chris Doc Wyatt,insert,derived
episode_credits,411:director:Sol Choi,insert,derived
episode_credits,411:writer:Sterling Gates,insert,derived
episode_credits,412:director:Dan Duncan,insert,derived
episode_credits,412:writer:Kevin Shinick,insert,derived
episode_credits,412:writer:Paul Giacoppo,insert,derived
episode_credits,413:director:Sol Choi,insert,derived
episode_credits,413:writer:Ben Joseph,insert,derived
episode_credits,414:director:Sol Choi,insert,derived
episode_credits,414:writer:Kevin Burke,insert,derived
episode_credits,414:writer:Chris Doc Wyatt,insert,derived
episode_credits,415:director:Dan Duncan,insert,derived
episode_credits,415:writer:Mike Fasolo,insert,derived
episode_credits,416:director:Sol Choi,insert,derived
episode_credits,416:writer:Kevin Shinick,insert,derived
episode_credits,417:director:Dan Duncan,insert,derived
episode_credits,417:writer:Sterling Gates,insert,derived
episode_credits,418:director:Sol Choi,insert,derived
episode_credits,418:writer:Chris Cox,insert,derived
episode_credits,418:writer:Kevin Shinick,insert,derived
episode_credits,419:director:Dan Duncan,insert,derived
episode_credits,419:writer:Kevin Burke,insert,derived
episode_credits,419:writer:Chris Doc Wyatt,insert,derived
episode_credits,420:director:Sol Choi,insert,derived
episode_credits,420:writer:Jacob Semahn,insert,derived
episode_credits,421:director:Dan Duncan,insert,derived
episode_credits,421:writer:Zach Craley,insert,derived
episode_credits,422:director:Sol Choi,insert,derived
episode_credits,422:writer:Kevin Shinick,insert,derived
episode_credits,423:director:Dan Duncan,insert,derived
episode_credits,423:writer:Kevin Burke,insert,derived
episode_credits,423:writer:Chris Doc Wyatt,insert,derived
episode_credits,424:director:Sol Choi,insert,derived
episode_credits,424:writer:Kevin Shinick,insert,derived
episode_credits,425:director:Dan Duncan,insert,derived
episode_credits,425:writer:Kevin Burke,insert,derived
episode_credits,425:writer:Chris Doc Wyatt,insert,derived
episode_credits,426:director:Sol Choi,insert,derived
episode_credits,426:writer:Kevin Burke,insert,derived
episode_credits,426:writer:Chris Doc Wyatt,insert,derived
episode_credits,427:director:Dan Duncan,insert,derived
episode_credits,427:writer:Kevin Burke,insert,derived
episode_credits,427:writer:Chris Doc Wyatt,insert,derived
episode_credits,428:director:Sol Choi,insert,derived
episode_credits,428:writer:Mark Hoffmeier,insert,derived
episode_credits,429:director:Dan Duncan,insert,derived
episode_credits,429:writer:Josh Haber,insert,derived
episode_credits,430:director:Sol Choi,insert,derived
episode_credits,430:writer:Jacob Semahn,insert,derived
episode_credits,431:director:Dan Duncan,insert,derived
episode_credits,431:writer:Kevin Burke,insert,derived
episode_credits,431:writer:Chris Doc Wyatt,insert,derived
episode_credits,432:director:Sol Choi,insert,derived
episode_credits,432:writer:J.M. DeMatteis,insert,derived
episode_credits,433:director:Dan Duncan,insert,derived
episode_credits,433:writer:Jacob Semahn,insert,derived
episode_credits,434:director:Sol Choi,insert,derived
episode_credits,434:writer:Gavin Hignight,insert,derived
episode_credits,435:director:Dan Duncan,insert,derived
episode_credits,435:writer:Jennifer Muro,insert,derived
episode_credits,436:director:Sol Choi,insert,derived
episode_credits,436:writer:Jacob Semahn,insert,derived
episode_credits,437:director:Dan Duncan,insert,derived
episode_credits,437:writer:Kevin Burke,insert,derived
episode_credits,437:writer:Chris Doc Wyatt,insert,derived
episode_credits,438:director:Sol Choi,insert,derived
episode_credits,438:writer:Danielle Wolff,insert,derived
episode_credits,439:director:Dan Duncan,insert,derived
episode_credits,439:writer:Kevin Burke,insert,derived
episode_credits,439:writer:Chris Doc Wyatt,insert,derived
episode_credits,440:director:Sol Choi,insert,derived
episode_credits,440:writer:Grant Moran,insert,derived
episode_credits,441:director:Dan Duncan,insert,derived
episode_credits,441:writer:Jacob Semahn,insert,derived
episode_credits,442:director:Sol Choi,insert,derived
episode_credits,442:writer:Jacob Semahn,insert,derived
episode_credits,443:director:Dan Duncan,insert,derived
episode_credits,443:director:Eric Elrod,insert,derived
episode_credits,443:writer:Kevin Burke,insert,derived
episode_credits,443:writer:Chris Doc Wyatt,insert,derived
episode_credits,444:director:Sol Choi,insert,derived
episode_credits,444:writer:Liza Palmer,insert,derived
episode_credits,445:director:Eric Elrod,insert,derived
episode_credits,445:writer:Shannon Eric Denton,insert,derived
episode_credits,446:director:Sol Choi,insert,derived
episode_credits,446:writer:J. M. DeMatteis,insert,derived
episode_credits,447:director:Eric Elrod,insert,derived
episode_credits,447:writer:Gavin Hignight,insert,derived
episode_credits,448:director:Sol Choi,insert,derived
episode_credits,448:writer:Jacob Semahn,insert,derived
episode_credits,449:director:Eric Elrod,insert,derived
episode_credits,449:writer:Kevin Burke,insert,derived
episode_credits,449:writer:Chris Doc Wyatt,insert,derived
episode_credits,450:director:Sol Choi,insert,derived
episode_credits,450:writer:Kevin Burke,insert,derived
episode_credits,450:writer:Chris Doc Wyatt,insert,derived
episode_credits,451:director:Tim Eldred,insert,derived
episode_credits,451:director:Sol Choi,insert,derived
episode_credits,451:writer:Kevin Burke,insert,derived
episode_credits,451:writer:Chris Doc Wyatt,insert,derived
episode_credits,452:director:Tim Eldred,insert,derived
episode_credits,452:director:Sol Choi,insert,derived
episode_credits,452:writer:Merrill Hagan,insert,derived
episode_credits,452:writer:Denise Downer,insert,derived
episode_credits,453:director:Tim Eldred,insert,derived
episode_credits,453:director:Sol Choi,insert,derived
episode_credits,453:writer:Zach Craley,insert,derived
episode_credits,453:writer:J. M. DeMatteis,insert,derived
episode_credits,454:director:Tim Eldred,insert,derived
episode_credits,454:director:Sol Choi,insert,derived
episode_credits,454:writer:Jim Martin,insert,derived
episode_credits,454:writer:Gavin Hignight,insert,derived
episode_credits,455:director:Tim Eldred,insert,derived
episode_credits,455:director:Sol Choi,insert,derived
episode_credits,455:writer:Marty Isenberg,insert,derived
episode_credits,455:writer:Mae Catt,insert,derived
episode_credits,456:director:Tim Eldred,insert,derived
episode_credits,456:director:Sol Choi,insert,derived
episode_credits,456:writer:Kevin Burke,insert,derived
episode_credits,456:writer:Chris Doc Wyatt,insert,derived
episode_credits,457:writer:Ashley Mendoza / Sib Ventress,insert,derived
episode_credits,458:writer:Ken Kristensen / Henry Gifford,insert,derived
episode_credits,459:writer:Kent Redeker / Henry Gifford,insert,derived
episode_credits,460:writer:Mark Drop / Josh Haber,insert,derived
episode_credits,461:writer:Kent Redeker / Henry Gifford,insert,derived
episode_credits,462:writer:Kerri Grant / Josh Haber,insert,derived
episode_credits,463:writer:Liza Palmer / Robert Vargas,insert,derived
episode_credits,464:writer:Mark Drop / Jonathan Hurwitz,insert,derived
episode_credits,465:writer:Liza Palmer / Claudia Silver,insert,derived
episode_credits,466:writer:Liza Palmer / Claudia Silver,insert,derived
episode_credits,467:writer:Jonathan Hurwitz / Baljeet Rai,insert,derived
episode_credits,468:writer:Robert Vargas,insert,derived
episode_credits,468:writer:Mike Kubat / Robert Vargas,insert,derived
episode_credits,469:writer:Baljeet Rai / Gene Laufenberg,insert,derived
episode_credits,470:writer:Henry Gifford,insert,derived
episode_credits,470:writer:Claudia Silver / Gene Laufenberg,insert,derived
episode_credits,470:writer:Claudia Silver,insert,derived
episode_credits,471:writer:Henry Gifford,insert,derived
episode_credits,472:writer:Claudia Silver / Mike Kubat,insert,derived
episode_credits,473:writer:Mike Kubat,insert,derived
episode_credits,474:writer:Mike Kubat / Bart Jennett,insert,derived
episode_credits,475:writer:Henry Gifford / Baljeet Rai,insert,derived
episode_credits,476:writer:Mike Kubat / Claudia Silver,insert,derived
episode_credits,477:writer:Claudia Silver / Mike Kubat,insert,derived
episode_credits,478:writer:Mike Kubat / Bart Jennett,insert,derived
episode_credits,479:writer:Claudia Silver / Mike Kubat,insert,derived
episode_credits,480:writer:Baljeet Rai,insert,derived
episode_credits,480:writer:Claudia Silver / Henry Gifford,insert,derived
episode_credits,481:writer:Alexa Harzan,insert,derived
episode_credits,482:writer:Mike Kubat,insert,derived
episode_credits,483:writer:Mike Kubat,insert,derived
episode_credits,484:writer:Claudia Silver / Sib Ventress,insert,derived
episode_credits,485:writer:Mike Kubat / Alexa Harzan,insert,derived
episode_credits,486:writer:Claudia Silver / Mike Kubat,insert,derived
episode_credits,487:writer:Bart Jennett,insert,derived
episode_credits,488:writer:Mike Kubat / Claudia Silver,insert,derived
episode_credits,489:writer:Alexa Harzan,insert,derived
episode_credits,490:writer:Claudia Silver / Mike Kubat,insert,derived
episode_credits,491:writer:Claudia Silver,insert,derived
episode_credits,492:writer:Alexa Harzan / Mike Kubat,insert,derived
episode_credits,495:writer:Claudia Silver,insert,derived
episode_credits,496:writer:Mike Kubat,insert,derived
episode_credits,498:writer:Claudia Silver,insert,derived
episode_credits,499:writer:Mike Kubat / Claudia Silver,insert,derived
episode_credits,500:writer:Mike Kubat,insert,derived
episode_credits,501:writer:Claudia Silver / Mike Kubat,insert,derived
episode_credits,503:writer:Daka Hermon,insert,derived
episode_credits,506:writer:Daka Hermon,insert,derived
episode_credits,507:writer:Mike Kubat,insert,derived
episode_credits,508:writer:Mike Kubat / Alexa Harzan,insert,derived
episode_credits,509:writer:Mike Kubat / Bart Jennett,insert,derived
episode_credits,510:writer:Claudia Silver / Daka Hermon,insert,derived
episode_credits,511:writer:Greg Johnson,insert,derived
episode_credits,512:writer:Alexa Harzan,insert,derived
episode_credits,513:writer:Daka Hermon,insert,derived
episode_credits,514:writer:Alexa Harzan,insert,derived
episode_credits,515:writer:Daka Hermon / Greg Johnson,insert,derived
episode_credits,516:writer:Alexa Harzan,insert,derived
episode_credits,517:writer:Greg Johnson / Alexa Harzan,insert,derived
episode_credits,519:writer:Greg Johnson / Daka Hermon,insert,derived
episode_credits,520:writer:Alexa Harzan,insert,derived
episode_credits,521:writer:Daka Hermon / Greg Johnson,insert,derived
episode_credits,522:writer:Alexa Harzan,insert,derived
episode_credits,523:writer:Greg Johnson / Daka Hermon,insert,derived
episode_credits,524:writer:Alexa Harzan,insert,derived
episode_credits,525:writer:Greg Johnson,insert,derived
episode_credits,526:writer:Alexa Harzan,insert,derived
episode_credits,527:writer:Greg Johnson / Alexa Harzan,insert,derived
episode_credits,528:writer:Claudia Silver / Danielle Kreger,insert,derived
episode_credits,529:writer:Greg Johnson / Daka Hermon,insert,derived
episode_credits,530:writer:Greg Johnson,insert,derived
episode_credits,531:writer:Daka Hermon,insert,derived
episode_credits,532:writer:Peter Gaffney / Daka Hermon,insert,derived
episode_credits,533:writer:Greg Johnson / Alexa Harzan,insert,derived
episode_credits,534:writer:Claudia Silver / Daka Hermon,insert,derived
episode_credits,535:writer:Daka Hermon,insert,derived
episode_credits,536:writer:Greg Johnson,insert,derived
episode_credits,537:writer:Alexa Harzan / Greg Johnson,insert,derived
episode_credits,538:writer:Daka Hermon / Claudia Silver,insert,derived
episode_credits,539:writer:Greg Johnson,insert,derived
episode_credits,540:writer:Danielle Kreger,insert,derived
episode_credits,542:writer:Alexa Harzan,insert,derived
episode_credits,543:writer:Danielle Kreger,insert,derived
episode_credits,545:writer:Daka Hermon,insert,derived
episode_credits,546:writer:Greg Johnson / Alexa Harzan,insert,derived
episode_credits,547:writer:Greg Johnson,insert,derived
episode_credits,548:writer:Daka Hermon,insert,derived
episode_credits,549:writer:Daka Hermon / Claudia Silver,insert,derived
episode_credits,550:writer:Alexa Harzan,insert,derived
episode_credits,551:writer:Greg Johnson / Alexa Harzan,insert,derived
episode_credits,552:writer:Daka Hermon,insert,derived
episode_credits,553:writer:Becca Topol,insert,derived
episode_credits,553:writer:Alexa Harzan / Greg Johnson,insert,derived
episode_credits,555:writer:Daka Hermon,insert,derived
episode_credits,556:writer:Alexa Harzan,insert,derived
episode_credits,556:writer:Bart Jennett / Greg Johnson,insert,derived
episode_credits,557:writer:Claudia Silver / Daka Hermon,insert,derived
episode_credits,558:writer:Greg Johnson / {{nowrap|}},insert,derived
episode_credits,560:writer:{{nowrap|}} / Claudia Silver,insert,derived
episode_credits,561:writer:Sib Ventress / Danielle Kreger,insert,derived
episode_credits,562:writer:Greg Johnson,insert,derived
episode_credits,563:writer:Claudia Silver,insert,derived
episode_credits,564:writer:Greg Johnson,insert,derived
episode_credits,570:director:Harry Bradbeer,insert,derived
episode_credits,570:writer:Oren Uziel,insert,derived
episode_credits,571:director:Harry Bradbeer,insert,derived
episode_credits,571:writer:Christopher Chen,insert,derived
episode_credits,572:director:Nzingha Stewart,insert,derived
episode_credits,572:writer:Megan Liao,insert,derived
episode_credits,572:writer:Steve Lightfoot,insert,derived
episode_credits,573:director:Nzingha Stewart,insert,derived
episode_credits,573:writer:Tori Sampson,insert,derived
episode_credits,574:director:Alethea Jones,insert,derived
episode_credits,574:writer:Jennifer Frazin,insert,derived
episode_credits,574:writer:Steve Lightfoot,insert,derived
episode_credits,575:director:Alethea Jones,insert,derived
episode_credits,575:writer:Jack Henderson,insert,derived
episode_credits,576:director:Greg Yaitanes,insert,derived
episode_credits,576:writer:Bruce Marshall Romans,insert,derived
episode_credits,577:director:Greg Yaitanes,insert,derived
episode_credits,577:writer:Oren Uziel,insert,derived
